OrderID,OrderDate,CustomerID,CustomerName,Product,Category,Quantity,UnitPrice,Discount,Sales,Cost,Profit,Region,State,City
1,2023-11-21,327,Customer 0327,Chair,Furniture,10,3826,10,34434,30168.26,4265.74,East,West Bengal,Kolkata
2,2023-01-16,121,Customer 0121,Printer,Electronics,8,15303,15,104060.4,65610.19,38450.21,West,Maharashtra,Mumbai
3,2023-05-06,73,Customer 0073,Pen,Stationery,11,21,0,231,179.7,51.3,East,West Bengal,Kolkata
4,2024-02-28,227,Customer 0227,Mouse,Electronics,2,639,10,1150.2,860.07,290.13,North,Delhi,New Delhi
5,2024-05-05,314,Customer 0314,Phone,Electronics,14,22953,0,321342,256874.69,64467.31,South,Telangana,Hyderabad
6,2025-08-14,99,Customer 0099,Chair,Furniture,7,3669,5,24398.85,17704.95,6693.9,South,Tamil Nadu,Chennai
7,2023-03-11,202,Customer 0202,Pen,Stationery,4,20,10,72,44.55,27.45,Central,Madhya Pradesh,Bhopal
8,2025-08-21,493,Customer 0493,Keyboard,Electronics,11,1253,10,12404.7,8677.18,3727.52,South,Telangana,Hyderabad
9,2024-03-03,486,Customer 0486,Desk,Furniture,20,7476,0,149520,121253.99,28266.01,East,West Bengal,Kolkata
10,2025-08-15,443,Customer 0443,Printer,Electronics,17,15849,10,242489.7,151455.77,91033.93,South,Tamil Nadu,Chennai
11,2024-01-31,299,Customer 0299,Monitor,Electronics,19,11321,5,204344.05,155938.34,48405.71,Central,Madhya Pradesh,
12,2025-12-05,408,Customer 0408,Phone,Electronics,6,24800,0,148800,114436.12,34363.88,West,Maharashtra,Mumbai
13,2025-12-29,418,Customer 0418,Laptop,Electronics,20,48630,15,826710,702950,123760,North,Uttar Pradesh,Lucknow
14,2023-10-22,269,Customer 0269,Chair,Furniture,4,3720,15,12648,9766.5,2881.5,North,Delhi,New Delhi
15,2025-03-27,261,Customer 0261,Desk,Furniture,5,6645,10,29902.5,22759.35,-7143.15,West,Gujarat,Ahmedabad
16,2024-01-24,376,Customer 0376,Mouse,Electronics,12,544,15,5548.8,4264.8,1284,North,Rajasthan,Jaipur
17,2024-02-16,153,Customer 0153,Laptop,Electronics,9,53994,15,413054.1,285272.12,127781.98,North,Rajasthan,Jaipur
18,2023-01-02,243,Customer 0243,Pen,Stationery,14,18,5,239.4,186.49,52.91,Central,Madhya Pradesh,Bhopal
19,2025-11-27,278,Customer 0278,Keyboard,Electronics,1,1291,5,1226.45,897.15,329.3,North,Rajasthan,Jaipur
20,2025-07-25,277,Customer 0277,Phone,Electronics,18,24324,10,394048.8,281054.82,112993.98,Central,Madhya Pradesh,Bhopal
21,2025-09-29,373,Customer 0373,Phone,Electronics,11,27196,10,269240.4,216778.28,52462.12,West,Gujarat,Ahmedabad
22,2025-08-02,49,Customer 0049,Monitor,Electronics,4,12784,0,51136,45494.42,5641.58,West,Gujarat,Ahmedabad
23,2023-02-16,387,Customer 0387,Laptop,Electronics,15,48686,5,693775.5,442780.82,250994.68,North,Delhi,New Delhi
24,2024-04-27,14,Customer 0014,Notebook,Stationery,3,78,15,198.9,146.43,52.47,West,Gujarat,Ahmedabad
25,2025-02-18,222,Customer 0222,Mouse,Electronics,7,658,15,3915.1,3480.11,-434.99,East,West Bengal,Kolkata
26,2023-08-28,299,Customer 0299,Pen,Stationery,11,21,5,219.45,154.52,64.93,North,Uttar Pradesh,Lucknow
27,2025-08-21,109,Customer 0109,Laptop,Electronics,3,50322,5,143417.7,105324.18,38093.52,South,Karnataka,Bengaluru
28,2025-09-18,43,Customer 0043,Desk,Furniture,15,7093,15,90435.75,78450.1,11985.65,Central,Madhya Pradesh,Bhopal
29,2024-01-24,435,Customer 0435,Pen,Stationery,7,18,5,119.7,100.38,19.32,South,Karnataka,Bengaluru
30,2025-11-16,6,Customer 0006,Phone,Electronics,12,24542,10,265053.6,230118.76,34934.84,East,West Bengal,Kolkata
31,2025-03-27,227,Customer 0227,Notebook,Stationery,1,75,0,75,49.83,25.17,West,Maharashtra,Mumbai
32,2025-01-21,140,Customer 0140,Chair,Furniture,15,3756,0,56340,50199.17,6140.83,Central,Madhya Pradesh,Bhopal
33,2025-07-07,296,Customer 0296,Desk,Furniture,7,7481,10,47130.3,31485.8,15644.5,West,Gujarat,Ahmedabad
34,2024-02-22,94,Customer 0094,Keyboard,Electronics,10,1308,10,11772,9458.95,2313.05,Central,Madhya Pradesh,Bhopal
35,2024-11-09,5,Customer 0005,Printer,Electronics,13,15647,0,203411,176813.37,26597.63,South,Tamil Nadu,Chennai
36,2024-10-04,36,Customer 0036,Notebook,Stationery,7,84,0,588,525.82,62.18,East,West Bengal,Kolkata
37,2025-12-14,286,Customer 0286,Chair,Furniture,5,3690,15,15682.5,10172.6,5509.9,South,Karnataka,Bengaluru
38,2023-07-04,143,Customer 0143,Notebook,Stationery,12,75,15,765,620.97,144.03,North,Rajasthan,Jaipur
39,2023-09-18,153,Customer 0153,Keyboard,Electronics,8,1189,15,8085.2,5712.75,2372.45,Central,Madhya Pradesh,Bhopal
40,2024-07-06,286,Customer 0286,Desk,Furniture,10,7653,5,72703.5,56276.36,16427.14,West,Maharashtra,Mumbai
41,2023-04-25,155,Customer 0155,Keyboard,Electronics,9,1255,15,9600.75,6208.4,3392.35,North,Delhi,New Delhi
42,2025-05-07,136,Customer 0136,Mouse,Electronics,4,635,10,2286,1387.72,898.28,North,Rajasthan,Jaipur
43,2024-05-06,429,Customer 0429,Printer,Electronics,5,15208,10,68436,48842.52,19593.48,Central,Madhya Pradesh,Bhopal
44,2023-12-26,37,Customer 0037,Printer,Electronics,17,14363,10,219753.9,150466.02,69287.88,West,Gujarat,Ahmedabad
45,2025-06-17,179,Customer 0179,Notebook,Stationery,2,87,15,147.9,110.33,37.57,South,Telangana,Hyderabad
46,2024-11-03,351,Customer 0351,Chair,Furniture,1,3724,5,3537.8,2727.22,810.58,East,West Bengal,Kolkata
47,2024-04-22,497,Customer 0497,Monitor,Electronics,18,12753,15,195120.9,119960.62,75160.28,South,Tamil Nadu,Chennai
48,2024-04-07,137,Customer 0137,Pen,Stationery,7,22,0,154,98.07,55.93,North,Rajasthan,Jaipur
49,2025-04-29,344,Customer 0344,Keyboard,Electronics,17,1167,0,19839,15675.32,4163.68,South,Telangana,Hyderabad
50,2025-09-04,307,Customer 0307,Chair,Furniture,4,3594,5,13657.2,9113.79,-4543.41,East,West Bengal,Kolkata
51,2023-06-16,19,Customer 0019,Notebook,Stationery,9,76,15,581.4,424.24,157.16,North,Rajasthan,Jaipur
52,2024-05-01,473,Customer 0473,Printer,Electronics,6,15834,15,80753.4,55746.25,25007.15,South,Telangana,Hyderabad
53,2023-09-23,480,Customer 0480,Chair,Furniture,2,3705,10,6669,4320.14,2348.86,West,Gujarat,Ahmedabad
54,2025-05-04,499,Customer 0499,Phone,Electronics,17,27058,0,459986,290962.14,169023.86,East,West Bengal,Kolkata
55,2025-05-05,491,Customer 0491,Keyboard,Electronics,17,1264,5,20413.6,12860.26,7553.34,North,Delhi,New Delhi
56,2025-02-11,452,Customer 0452,Monitor,Electronics,19,11751,5,212105.55,140216.72,71888.83,West,Gujarat,Ahmedabad
57,2024-02-16,138,Customer 0138,Printer,Electronics,7,13933,0,97531,67457.61,-30073.39,West,Gujarat,Ahmedabad
58,2025-09-14,265,Customer 0265,Pen,Stationery,12,21,15,214.2,178.1,36.1,South,Tamil Nadu,Chennai
59,2023-11-28,111,Customer 0111,Keyboard,Electronics,13,1274,15,14077.7,9405.23,4672.47,North,Rajasthan,Jaipur
60,2024-03-28,448,Customer 0448,Keyboard,Electronics,14,1317,15,15672.3,11321.93,4350.37,North,Uttar Pradesh,Lucknow
61,2024-09-06,144,Customer 0144,Notebook,Stationery,20,72,15,1224,855.7,368.3,North,Rajasthan,Jaipur
62,2023-02-24,367,Customer 0367,Monitor,Electronics,13,11470,0,149110,100757.31,48352.69,Central,Madhya Pradesh,Bhopal
63,2024-12-07,230,Customer 0230,Mouse,Electronics,4,555,0,2220,1787.07,432.93,West,Maharashtra,Mumbai
64,2023-09-29,224,Customer 0224,Mouse,Electronics,11,565,10,5593.5,4587.48,1006.02,South,Telangana,Hyderabad
65,2023-04-11,151,Customer 0151,Pen,Stationery,2,18,15,30.6,19.46,11.14,Central,Madhya Pradesh,Bhopal
66,2025-11-29,262,Customer 0262,Pen,Stationery,8,20,10,144,104.18,39.82,West,Gujarat,Ahmedabad
67,2024-06-25,100,Customer 0100,Desk,Furniture,8,7194,10,51796.8,38855.77,12941.03,North,Rajasthan,Jaipur
68,2023-12-13,432,Customer 0432,Notebook,Stationery,7,74,5,492.1,323.61,168.49,West,Gujarat,Ahmedabad
69,2023-03-07,466,Customer 0466,Notebook,Stationery,19,84,15,1356.6,819.86,536.74,North,Delhi,New Delhi
70,2024-09-15,118,Customer 0118,Phone,Electronics,18,22588,0,406584,361293.32,45290.68,North,Rajasthan,Jaipur
71,2023-04-22,177,Customer 0177,Printer,Electronics,10,16234,10,146106,116849.87,29256.13,South,Telangana,Hyderabad
72,2023-02-20,334,Customer 0334,Printer,Electronics,13,15188,0,197444,137922.22,59521.78,South,Telangana,Hyderabad
73,2025-05-30,312,Customer 0312,Monitor,Electronics,6,11029,15,56247.9,45638.39,10609.51,South,Telangana,Hyderabad
74,2024-11-09,199,Customer 0199,Monitor,Electronics,6,11293,10,60982.2,46717.92,14264.28,West,Maharashtra,Mumbai
75,2023-03-08,120,Customer 0120,Chair,Furniture,2,3269,5,6211.1,5188.87,1022.23,North,Rajasthan,Jaipur
76,2023-09-02,248,Customer 0248,Laptop,Electronics,6,47725,10,257715,165761.87,91953.13,Central,Madhya Pradesh,Bhopal
77,2024-11-12,391,Customer 0391,Pen,Stationery,11,20,0,220,140.75,79.25,South,Telangana,Hyderabad
78,2025-02-06,54,Customer 0054,Mouse,Electronics,8,589,0,4712,3658.22,1053.78,North,Delhi,New Delhi
79,2025-03-23,313,Customer 0313,Keyboard,Electronics,5,1320,5,6270,4135.36,2134.64,North,Uttar Pradesh,Lucknow
80,2025-01-02,279,Customer 0279,Laptop,Electronics,15,54769,10,739381.5,544824.32,194557.18,West,Gujarat,Ahmedabad
81,2025-08-25,231,Customer 0231,Notebook,Stationery,12,87,10,939.6,574.85,364.75,North,Rajasthan,Jaipur
82,2023-06-26,433,Customer 0433,Phone,Electronics,20,25687,5,488053,347051.62,141001.38,Central,Madhya Pradesh,Bhopal
83,2025-11-03,245,Customer 0245,Desk,Furniture,14,7024,0,98336,62009.65,36326.35,South,Tamil Nadu,Chennai
84,2025-09-23,226,Customer 0226,Notebook,Stationery,17,76,10,1162.8,821.23,341.57,South,Tamil Nadu,Chennai
85,2024-03-09,370,Customer 0370,Notebook,Stationery,1,81,10,72.9,59.71,13.19,South,Karnataka,Bengaluru
86,2023-10-07,471,Customer 0471,Chair,Furniture,15,3349,15,42699.75,29061.52,13638.23,East,West Bengal,Kolkata
87,2024-02-13,310,Customer 0310,Chair,Furniture,16,3782,5,57486.4,49619.22,7867.18,South,Tamil Nadu,Chennai
88,2024-03-07,269,Customer 0269,Laptop,Electronics,5,54691,5,259782.25,220142.54,39639.71,West,Gujarat,Ahmedabad
89,2023-06-07,327,Customer 0327,Chair,Furniture,9,3469,0,31221,27533.58,3687.42,South,Tamil Nadu,Chennai
90,2023-05-16,159,Customer 0159,Desk,Furniture,2,7493,15,12738.1,10810.18,1927.92,North,Rajasthan,Jaipur
91,2023-04-12,463,Customer 0463,Phone,Electronics,2,26274,0,52548,36611.57,15936.43,East,West Bengal,Kolkata
92,2025-03-18,21,Customer 0021,Monitor,Electronics,6,12264,5,69904.8,48383.34,21521.46,South,Tamil Nadu,Chennai
93,2023-08-07,16,Customer 0016,Chair,Furniture,5,3389,5,16097.75,11260.17,4837.58,South,Telangana,Hyderabad
94,2024-10-14,193,Customer 0193,Notebook,Stationery,1,87,15,73.95,55.28,18.67,South,Tamil Nadu,Chennai
95,2025-03-02,275,Customer 0275,Notebook,Stationery,12,84,0,1008,630.42,377.58,South,Telangana,Hyderabad
96,2025-09-14,147,Customer 0147,Notebook,Stationery,14,72,15,856.8,730.44,126.36,South,Karnataka,Bengaluru
97,2025-09-19,325,Customer 0325,Chair,Furniture,18,3705,0,66690,47145.09,19544.91,West,Maharashtra,Mumbai
98,2024-05-03,27,Customer 0027,Laptop,Electronics,14,54708,15,651025.2,391824.58,259200.62,West,Maharashtra,Mumbai
99,2024-12-08,227,Customer 0227,Laptop,Electronics,3,51797,10,139851.9,123114.04,16737.86,North,Rajasthan,Jaipur
100,2023-12-25,197,Customer 0197,Mouse,Electronics,16,655,5,9956,6111.86,3844.14,West,Maharashtra,Mumbai
101,2025-03-06,330,Customer 0330,Pen,Stationery,4,20,10,72,64.64,7.36,South,Karnataka,Bengaluru
102,2023-12-30,318,Customer 0318,Printer,Electronics,4,16282,5,61871.6,49259.41,12612.19,West,Maharashtra,Mumbai
103,2024-10-01,372,Customer 0372,Chair,Furniture,17,3522,0,59874,38225.15,21648.85,North,Rajasthan,Jaipur
104,2023-02-28,117,Customer 0117,Chair,Furniture,16,3389,0,54224,34629.02,19594.98,South,Telangana,Hyderabad
105,2024-10-02,357,Customer 0357,Chair,Furniture,18,3824,15,58507.2,42757.68,15749.52,South,Telangana,Hyderabad
106,2024-04-24,487,Customer 0487,Keyboard,Electronics,14,1093,5,14536.9,11959.4,2577.5,East,West Bengal,Kolkata
107,2025-04-08,273,Customer 0273,Laptop,Electronics,10,48837,15,415114.5,270172.13,144942.37,South,Tamil Nadu,Chennai
108,2023-12-19,60,Customer 0060,Phone,Electronics,15,22631,10,305518.5,191819.86,113698.64,South,Karnataka,Bengaluru
109,2023-06-07,464,Customer 0464,Desk,Furniture,10,7661,15,65118.5,43139.04,21979.46,West,Maharashtra,Mumbai
110,2025-12-05,16,,Notebook,Stationery,15,75,10,1012.5,878.64,133.86,West,Gujarat,Ahmedabad
111,2024-08-29,201,Customer 0201,Mouse,Electronics,1,595,0,595,470.8,124.2,North,Uttar Pradesh,Lucknow
112,2024-02-22,12,Customer 0012,Monitor,Electronics,5,13065,10,58792.5,52151.19,6641.31,North,Uttar Pradesh,Lucknow
113,2023-01-18,228,Customer 0228,Monitor,Electronics,17,10817,5,174694.55,151834.44,22860.11,South,Telangana,Hyderabad
114,2024-09-13,95,Customer 0095,Laptop,Electronics,18,52262,5,893680.2,785355.29,108324.91,North,Uttar Pradesh,Lucknow
115,2024-09-27,236,Customer 0236,Desk,Furniture,3,6833,0,20499,15077.69,5421.31,South,Tamil Nadu,Chennai
116,2023-07-14,261,Customer 0261,Notebook,Stationery,15,83,10,1120.5,778.09,342.41,North,Rajasthan,Jaipur
117,2024-07-02,87,Customer 0087,Monitor,Electronics,16,10988,0,175808,120486.42,55321.58,Central,Madhya Pradesh,Bhopal
118,2023-08-14,367,Customer 0367,Keyboard,Electronics,7,1129,10,7112.7,6399.05,713.65,South,Karnataka,Bengaluru
119,2024-10-19,8,Customer 0008,Printer,Electronics,8,14502,15,98613.6,72920.13,25693.47,North,Uttar Pradesh,Lucknow
120,2023-06-06,113,Customer 0113,Notebook,Stationery,12,84,0,1008,776.58,231.42,South,Tamil Nadu,Chennai
121,2023-12-13,169,,Desk,Furniture,20,7340,5,139460,93186.92,46273.08,South,Tamil Nadu,Chennai
122,2023-10-10,227,Customer 0227,Chair,Furniture,4,3724,0,14896,13258.33,1637.67,Central,Madhya Pradesh,Bhopal
123,2023-02-02,9,Customer 0009,Pen,Stationery,17,19,0,323,241.63,81.37,West,Gujarat,Ahmedabad
124,2024-04-29,358,Customer 0358,Desk,Furniture,10,6833,15,58080.5,48057.2,10023.3,West,Maharashtra,Mumbai
125,2023-09-28,349,Customer 0349,Desk,Furniture,17,6505,15,93997.25,70352.55,23644.7,West,Gujarat,Ahmedabad
126,2025-01-24,81,Customer 0081,Keyboard,Electronics,3,1230,0,3690,3273.65,416.35,North,Uttar Pradesh,Lucknow
127,2024-03-05,356,Customer 0356,Phone,Electronics,7,26827,0,187789,118907.4,68881.6,West,Maharashtra,Mumbai
128,2024-02-24,491,Customer 0491,Phone,Electronics,8,24240,15,164832,122694.17,42137.83,West,Maharashtra,Mumbai
129,2023-06-28,306,Customer 0306,Laptop,Electronics,19,50489,15,815397.35,540220.01,275177.34,South,Karnataka,Bengaluru
130,2024-12-29,233,Customer 0233,Laptop,Electronics,20,45455,10,818190,564580.57,253609.43,North,Delhi,New Delhi
131,2023-12-01,376,Customer 0376,Mouse,Electronics,6,580,15,2958,2322.8,635.2,South,Karnataka,Bengaluru
132,2025-07-13,461,Customer 0461,Chair,Furniture,20,3489,10,62802,53692.1,9109.9,South,Karnataka,Bengaluru
133,2025-01-28,381,,Monitor,Electronics,2,12398,10,22316.4,15569.51,6746.89,West,Maharashtra,Mumbai
134,2023-01-15,20,Customer 0020,Pen,Stationery,4,21,5,79.8,71.42,8.38,North,Rajasthan,Jaipur
135,2025-10-09,81,Customer 0081,Printer,Electronics,2,16023,10,28841.4,17305.57,11535.83,East,West Bengal,Kolkata
136,2024-05-15,293,Customer 0293,Laptop,Electronics,20,46558,10,838044,695069.4,142974.6,West,Maharashtra,Mumbai
137,2024-08-18,52,Customer 0052,Printer,Electronics,7,13833,15,82306.35,62491.03,19815.32,West,Gujarat,Ahmedabad
138,2023-11-17,168,Customer 0168,Keyboard,Electronics,7,1303,15,7752.85,4696.29,3056.56,North,Rajasthan,Jaipur
139,2025-09-23,235,Customer 0235,Pen,Stationery,11,19,10,188.1,136.36,51.74,North,Rajasthan,Jaipur
140,2024-09-09,194,Customer 0194,Chair,Furniture,17,3630,5,58624.5,47608.32,11016.18,South,Karnataka,Bengaluru
141,2025-02-09,23,Customer 0023,Pen,Stationery,9,18,10,145.8,108.56,37.24,North,Delhi,New Delhi
142,2023-12-13,89,Customer 0089,Notebook,Stationery,3,84,5,239.4,201.51,37.89,South,Tamil Nadu,Chennai
143,2023-11-27,326,Customer 0326,Desk,Furniture,19,6351,0,120669,96119,24550,South,Tamil Nadu,Chennai
144,2023-08-05,36,Customer 0036,Laptop,Electronics,8,49321,5,374839.6,249479.93,125359.67,Central,Madhya Pradesh,Bhopal
145,2023-03-17,432,Customer 0432,Desk,Furniture,8,6618,0,52944,46011.33,6932.67,East,West Bengal,Kolkata
146,2025-03-18,414,Customer 0414,Monitor,Electronics,15,11113,5,158360.25,102850.87,55509.38,North,Delhi,New Delhi
147,2023-02-18,487,Customer 0487,Monitor,Electronics,9,11328,10,91756.8,71814.89,19941.91,North,Uttar Pradesh,Lucknow
148,2024-12-01,346,Customer 0346,Mouse,Electronics,4,560,0,2240,2006.67,233.33,North,Delhi,New Delhi
149,2024-05-17,164,Customer 0164,Desk,Furniture,1,7633,15,6488.05,4852.62,1635.43,West,Gujarat,Ahmedabad
150,2025-01-29,297,Customer 0297,Pen,Stationery,3,18,15,45.9,35.97,9.93,West,Gujarat,Ahmedabad
151,2024-07-11,275,Customer 0275,Phone,Electronics,6,26809,15,136725.9,89503.27,47222.63,East,West Bengal,Kolkata
152,2025-01-14,18,Customer 0018,Desk,Furniture,18,6697,0,120546,107303.16,13242.84,North,Rajasthan,Jaipur
153,2024-12-08,101,Customer 0101,Printer,Electronics,16,16036,15,218089.6,174976.24,-43113.36,East,West Bengal,Kolkata
154,2023-12-29,331,Customer 0331,Mouse,Electronics,16,660,5,10032,8106.26,1925.74,East,West Bengal,Kolkata
155,2025-11-26,43,Customer 0043,Notebook,Stationery,1,76,0,76,45.97,30.03,East,West Bengal,Kolkata
156,2023-07-07,466,Customer 0466,Desk,Furniture,11,7107,10,70359.3,52969.47,17389.83,South,Karnataka,Bengaluru
157,2025-02-20,213,Customer 0213,Pen,Stationery,11,18,15,168.3,125.75,42.55,North,Uttar Pradesh,Lucknow
158,2025-07-19,430,Customer 0430,Laptop,Electronics,10,45532,10,409788,366620.2,43167.8,North,Uttar Pradesh,Lucknow
159,2025-05-28,289,Customer 0289,Chair,Furniture,10,3783,5,35938.5,21756.38,14182.12,East,West Bengal,Kolkata
160,2023-01-04,345,Customer 0345,Chair,Furniture,4,3206,5,12182.8,10656.39,1526.41,West,Maharashtra,Mumbai
161,2025-04-07,7,Customer 0007,Keyboard,Electronics,3,1208,15,3080.4,1931.36,1149.04,West,Maharashtra,Mumbai
162,2023-09-13,141,Customer 0141,Desk,Furniture,13,7668,10,89715.6,66301.81,23413.79,West,Maharashtra,Mumbai
163,2024-01-30,338,Customer 0338,Desk,Furniture,10,6393,5,60733.5,42065.8,18667.7,South,Karnataka,
164,2025-05-11,276,Customer 0276,Keyboard,Electronics,1,1120,10,1008,756.12,251.88,North,Rajasthan,Jaipur
165,2024-05-06,390,Customer 0390,Chair,Furniture,6,3521,10,19013.4,14357.54,4655.86,East,West Bengal,Kolkata
166,2024-06-30,314,Customer 0314,Printer,Electronics,10,13929,15,118396.5,93177.17,25219.33,East,West Bengal,Kolkata
167,2023-09-15,413,Customer 0413,Laptop,Electronics,11,53383,10,528491.7,376115.25,152376.45,South,Telangana,Hyderabad
168,2024-02-15,412,Customer 0412,Monitor,Electronics,11,12495,0,137445,89313.53,-48131.47,South,Karnataka,Bengaluru
169,2025-04-11,132,Customer 0132,Mouse,Electronics,16,595,5,9044,6563.89,2480.11,North,Uttar Pradesh,Lucknow
170,2023-12-24,54,Customer 0054,Printer,Electronics,9,15949,10,129186.9,111896.27,17290.63,North,Delhi,New Delhi
171,2023-12-25,191,Customer 0191,Phone,Electronics,11,25810,10,255519,205110.1,50408.9,North,Delhi,New Delhi
172,2024-08-16,378,Customer 0378,Desk,Furniture,11,7280,10,72072,56500.44,15571.56,West,Maharashtra,Mumbai
173,2023-09-17,162,Customer 0162,Keyboard,Electronics,3,1117,10,3015.9,2225.03,790.87,Central,Madhya Pradesh,Bhopal
174,2024-05-28,377,Customer 0377,Keyboard,Electronics,9,1317,0,11853,7267.86,4585.14,South,Tamil Nadu,Chennai
175,2025-02-17,387,Customer 0387,Mouse,Electronics,18,618,0,11124,6884.41,4239.59,South,Tamil Nadu,Chennai
176,2023-06-08,95,Customer 0095,Notebook,Stationery,13,83,0,1079,831.75,247.25,North,Uttar Pradesh,Lucknow
177,2023-12-28,20,Customer 0020,Monitor,Electronics,14,12744,10,160574.4,126107.88,34466.52,South,Telangana,Hyderabad
178,2025-07-03,419,Customer 0419,Monitor,Electronics,3,12345,5,35183.25,30140.31,5042.94,West,Maharashtra,Mumbai
179,2024-04-03,318,Customer 0318,Monitor,Electronics,14,11496,5,152896.8,129501.88,23394.92,South,Telangana,
180,2024-04-22,208,Customer 0208,Desk,Furniture,15,6359,0,95385,71111.9,24273.1,South,Tamil Nadu,Chennai
181,2024-01-11,307,Customer 0307,Desk,Furniture,15,7131,10,96268.5,64430.52,31837.98,North,Rajasthan,Jaipur
182,2025-04-14,240,Customer 0240,Desk,Furniture,18,6601,0,118818,106653.4,12164.6,West,Gujarat,Ahmedabad
183,2024-04-02,476,Customer 0476,Keyboard,Electronics,18,1315,10,21303,15095.87,6207.13,Central,Madhya Pradesh,Bhopal
184,2023-10-14,411,Customer 0411,Laptop,Electronics,14,46891,10,590826.6,431137.48,159689.12,South,Tamil Nadu,Chennai
185,2023-04-13,92,Customer 0092,Printer,Electronics,2,14833,10,26699.4,23633.38,3066.02,Central,Madhya Pradesh,Bhopal
186,2024-06-19,423,Customer 0423,Mouse,Electronics,1,571,0,571,478.98,92.02,South,Tamil Nadu,Chennai
187,2025-07-17,223,Customer 0223,Keyboard,Electronics,3,1189,5,3388.65,2782.39,606.26,South,Tamil Nadu,Chennai
188,2023-11-22,277,Customer 0277,Monitor,Electronics,3,11039,0,33117,25342.23,7774.77,South,Karnataka,Bengaluru
189,2024-02-13,416,Customer 0416,Monitor,Electronics,6,12232,10,66052.8,59344.19,6708.61,Central,Madhya Pradesh,Bhopal
190,2024-05-29,359,Customer 0359,Notebook,Stationery,15,80,15,1020,744.46,275.54,North,Uttar Pradesh,Lucknow
191,2024-12-27,155,Customer 0155,Chair,Furniture,2,3819,0,7638,5795.52,1842.48,South,Tamil Nadu,Chennai
192,2023-05-11,334,Customer 0334,Mouse,Electronics,17,621,10,9501.3,7553.78,1947.52,West,Gujarat,Ahmedabad
193,2025-06-18,170,Customer 0170,Desk,Furniture,17,7624,0,129608,87480.12,42127.88,North,Uttar Pradesh,Lucknow
194,2023-05-04,131,Customer 0131,Monitor,Electronics,4,12630,0,50520,34386.12,16133.88,South,Karnataka,Bengaluru
195,2023-11-14,164,Customer 0164,Pen,Stationery,11,21,5,219.45,141.83,77.62,South,Karnataka,Bengaluru
196,2023-10-05,105,Customer 0105,Desk,Furniture,12,7386,0,88632,78464.84,10167.16,West,Maharashtra,Mumbai
197,2025-08-11,324,Customer 0324,Chair,Furniture,20,3695,15,62815,55998.96,6816.04,North,Delhi,New Delhi
198,2025-07-08,95,Customer 0095,Keyboard,Electronics,16,1159,0,18544,14323.26,4220.74,South,Karnataka,Bengaluru
199,2025-04-01,251,Customer 0251,Pen,Stationery,19,18,0,342,254.58,87.42,West,Gujarat,Ahmedabad
200,2023-05-07,446,Customer 0446,Mouse,Electronics,14,632,5,8405.6,5176.04,3229.56,Central,Madhya Pradesh,Bhopal
201,2025-02-16,326,Customer 0326,Pen,Stationery,9,21,5,179.55,143.55,36,North,Delhi,New Delhi
202,2023-10-01,437,Customer 0437,Desk,Furniture,17,7365,10,112684.5,74467.43,38217.07,Central,Madhya Pradesh,Bhopal
203,2024-07-26,244,Customer 0244,Phone,Electronics,14,23842,10,300409.2,189477.39,110931.81,East,West Bengal,Kolkata
204,2024-10-17,486,Customer 0486,Mouse,Electronics,7,555,0,3885,2992.41,892.59,West,Maharashtra,Mumbai
205,2023-02-28,10,Customer 0010,Chair,Furniture,2,3183,15,5411.1,4148.87,1262.23,South,Tamil Nadu,Chennai
206,2023-06-26,448,Customer 0448,Monitor,Electronics,5,11066,15,47030.5,31599.14,15431.36,West,Gujarat,Ahmedabad
207,2023-08-02,412,Customer 0412,Notebook,Stationery,14,74,5,984.2,826.59,157.61,North,Delhi,New Delhi
208,2025-12-31,429,Customer 0429,Phone,Electronics,17,24268,0,412556,310269.47,102286.53,West,Gujarat,Ahmedabad
209,2025-07-29,478,Customer 0478,Phone,Electronics,1,23640,5,22458,14717.62,7740.38,Central,Madhya Pradesh,Bhopal
210,2023-08-23,284,Customer 0284,Monitor,Electronics,3,12127,10,32742.9,20508.06,12234.84,North,Delhi,New Delhi
211,2023-01-21,437,Customer 0437,Pen,Stationery,17,19,10,290.7,241.76,48.94,West,Gujarat,Ahmedabad
212,2025-10-05,255,Customer 0255,Pen,Stationery,14,20,15,238,156.88,81.12,South,Tamil Nadu,Chennai
213,2025-02-13,335,Customer 0335,Chair,Furniture,9,3709,10,30042.9,18137.44,11905.46,South,Telangana,Hyderabad
214,2023-11-12,100,Customer 0100,Keyboard,Electronics,4,1284,5,4879.2,3975.65,903.55,South,Tamil Nadu,Chennai
215,2023-04-01,122,Customer 0122,Monitor,Electronics,16,11815,5,179588,160573.75,19014.25,West,Gujarat,Ahmedabad
216,2024-10-16,384,Customer 0384,Monitor,Electronics,17,11063,15,159860.35,116677.03,43183.32,North,Uttar Pradesh,Lucknow
217,2025-01-22,375,Customer 0375,Notebook,Stationery,20,85,5,1615,1246.5,368.5,South,Tamil Nadu,Chennai
218,2025-04-18,193,Customer 0193,Notebook,Stationery,9,81,5,692.55,531.36,161.19,South,Tamil Nadu,Chennai
219,2023-06-02,83,Customer 0083,Monitor,Electronics,16,11589,15,157610.4,111570.07,46040.33,North,Delhi,New Delhi
220,2024-11-06,302,Customer 0302,Keyboard,Electronics,13,1279,10,14964.3,12522.5,2441.8,North,Rajasthan,Jaipur
221,2024-08-19,312,Customer 0312,Mouse,Electronics,15,550,5,7837.5,6580.38,1257.12,South,Karnataka,Bengaluru
222,2023-06-10,197,Customer 0197,Desk,Furniture,7,6502,15,38686.9,29251.93,9434.97,South,Karnataka,Bengaluru
223,2024-03-15,173,Customer 0173,Monitor,Electronics,10,11773,15,100070.5,77766.89,22303.61,South,Karnataka,Bengaluru
224,2025-10-11,64,Customer 0064,Laptop,Electronics,15,49819,0,747285,666286.95,80998.05,East,West Bengal,Kolkata
225,2023-06-03,306,Customer 0306,Pen,Stationery,19,22,5,397.1,298.09,99.01,South,Telangana,Hyderabad
226,2025-11-17,217,Customer 0217,Keyboard,Electronics,15,1275,0,19125,15148.52,3976.48,South,Karnataka,Bengaluru
227,2024-03-26,146,Customer 0146,Desk,Furniture,17,7455,10,114061.5,90275.31,-23786.19,North,Uttar Pradesh,Lucknow
228,2023-07-29,498,Customer 0498,Mouse,Electronics,2,659,5,1252.1,1077.32,174.78,North,Rajasthan,Jaipur
229,2024-02-07,124,Customer 0124,Monitor,Electronics,15,13019,10,175756.5,137205.93,38550.57,South,Tamil Nadu,Chennai
230,2024-06-26,405,Customer 0405,Desk,Furniture,4,7225,0,28900,21897.23,7002.77,North,Uttar Pradesh,Lucknow
231,2023-10-08,100,Customer 0100,Pen,Stationery,4,22,5,83.6,50.78,32.82,East,West Bengal,Kolkata
232,2024-03-25,249,Customer 0249,Mouse,Electronics,3,640,5,1824,1232.97,591.03,South,Karnataka,Bengaluru
233,2023-04-18,269,Customer 0269,Mouse,Electronics,19,630,10,10773,8428.68,2344.32,North,Uttar Pradesh,Lucknow
234,2025-12-01,389,Customer 0389,Desk,Furniture,13,7498,5,92600.3,68721.26,23879.04,West,Maharashtra,Mumbai
235,2023-10-02,273,Customer 0273,Keyboard,Electronics,1,1173,5,1114.35,840.74,-273.61,North,Uttar Pradesh,Lucknow
236,2023-04-18,135,Customer 0135,Laptop,Electronics,9,51055,15,390570.75,250075.33,140495.42,South,Telangana,Hyderabad
237,2025-03-01,13,Customer 0013,Laptop,Electronics,2,49002,0,98004,67545.28,30458.72,South,Tamil Nadu,Chennai
238,2025-12-03,211,Customer 0211,Keyboard,Electronics,7,1307,15,7776.65,5756.08,2020.57,South,Tamil Nadu,Chennai
239,2024-04-01,285,Customer 0285,Desk,Furniture,14,7303,0,102242,92017.15,10224.85,South,Tamil Nadu,Chennai
240,2024-11-17,273,Customer 0273,Laptop,Electronics,9,46647,10,377840.7,279463.43,98377.27,South,Tamil Nadu,Chennai
241,2025-04-17,180,Customer 0180,Monitor,Electronics,6,12191,5,69488.7,50338.8,19149.9,East,West Bengal,Kolkata
242,2024-01-11,442,Customer 0442,Keyboard,Electronics,15,1091,10,14728.5,13192.89,1535.61,North,Rajasthan,Jaipur
243,2025-08-28,85,Customer 0085,Printer,Electronics,1,13552,5,12874.4,10291.09,2583.31,North,Uttar Pradesh,Lucknow
244,2023-05-31,200,Customer 0200,Keyboard,Electronics,2,1197,0,2394,1664.87,729.13,South,Telangana,Hyderabad
245,2023-01-16,55,Customer 0055,Laptop,Electronics,18,47806,10,774457.2,505892.54,268564.66,North,Delhi,New Delhi
246,2023-05-14,9,Customer 0009,Chair,Furniture,6,3815,5,21745.5,16131.8,5613.7,North,Rajasthan,Jaipur
247,2023-07-26,217,Customer 0217,Pen,Stationery,19,19,5,342.95,307.17,35.78,East,West Bengal,Kolkata
248,2023-09-21,464,Customer 0464,Laptop,Electronics,9,47052,5,402294.6,333187.57,69107.03,East,West Bengal,Kolkata
249,2025-08-27,371,Customer 0371,Chair,Furniture,4,3235,15,10999,9857.47,1141.53,South,Tamil Nadu,Chennai
250,2024-07-24,135,Customer 0135,Mouse,Electronics,15,566,5,8065.5,5379.91,2685.59,North,Delhi,New Delhi
251,2024-09-05,187,Customer 0187,Desk,Furniture,2,7321,15,12445.7,7540.35,4905.35,East,West Bengal,Kolkata
252,2025-04-25,469,Customer 0469,Printer,Electronics,14,14217,15,169182.3,101877.99,67304.31,North,Rajasthan,Jaipur
253,2024-01-03,414,Customer 0414,Mouse,Electronics,6,582,0,3492,3075.41,416.59,South,Tamil Nadu,Chennai
254,2024-12-15,422,Customer 0422,Phone,Electronics,3,25782,5,73478.7,57777.78,15700.92,North,Uttar Pradesh,Lucknow
255,2024-08-22,494,Customer 0494,Monitor,Electronics,12,12923,15,131814.6,93280.36,38534.24,South,Tamil Nadu,Chennai
256,2024-04-08,500,Customer 0500,Notebook,Stationery,1,78,0,78,49.2,28.8,North,Uttar Pradesh,Lucknow
257,2023-03-27,268,Customer 0268,Chair,Furniture,19,3176,15,51292.4,36527.59,14764.81,West,Maharashtra,Mumbai
258,2025-12-14,283,Customer 0283,Laptop,Electronics,13,54730,5,675915.5,411380.52,264534.98,West,Maharashtra,Mumbai
259,2025-01-05,265,Customer 0265,Notebook,Stationery,13,84,5,1037.4,855.43,181.97,South,Tamil Nadu,Chennai
260,2023-03-18,377,Customer 0377,Notebook,Stationery,17,76,10,1162.8,922.06,240.74,South,Telangana,Hyderabad
261,2024-02-16,455,Customer 0455,Monitor,Electronics,20,12735,15,216495,165620.5,50874.5,West,Gujarat,Ahmedabad
262,2024-10-05,366,Customer 0366,Phone,Electronics,18,27288,10,442065.6,308853.75,133211.85,North,Rajasthan,Jaipur
263,2024-09-11,406,Customer 0406,Chair,Furniture,3,3465,15,8835.75,5969.64,2866.11,Central,Madhya Pradesh,Bhopal
264,2024-06-28,42,Customer 0042,Notebook,Stationery,17,73,5,1178.95,793.94,-385.01,West,Maharashtra,Mumbai
265,2025-10-18,400,Customer 0400,Desk,Furniture,1,7272,0,7272,4581.83,2690.17,North,Delhi,New Delhi
266,2024-06-06,105,Customer 0105,Laptop,Electronics,4,46681,15,158715.4,134915.07,23800.33,West,Gujarat,Ahmedabad
267,2023-04-17,193,Customer 0193,Printer,Electronics,7,14734,15,87667.3,73957.09,13710.21,South,Tamil Nadu,Chennai
268,2023-08-16,317,Customer 0317,Phone,Electronics,19,24825,15,400923.75,356471.11,44452.64,South,Telangana,Hyderabad
269,2024-02-26,290,Customer 0290,Notebook,Stationery,17,78,0,1326,833.74,492.26,North,Delhi,New Delhi
270,2025-01-24,36,Customer 0036,Phone,Electronics,9,25744,15,196941.6,127225.06,69716.54,East,West Bengal,Kolkata
271,2024-11-12,263,Customer 0263,Laptop,Electronics,4,47978,15,163125.2,141017.98,22107.22,Central,Madhya Pradesh,Bhopal
272,2023-08-15,202,Customer 0202,Chair,Furniture,1,3687,5,3502.65,2306.97,1195.68,North,Delhi,New Delhi
273,2025-11-13,302,Customer 0302,Laptop,Electronics,15,53900,0,808500,578805.34,229694.66,North,Delhi,New Delhi
274,2024-07-05,211,Customer 0211,Laptop,Electronics,2,51237,0,102474,80672.88,21801.12,South,Telangana,Hyderabad
275,2023-03-08,386,Customer 0386,Monitor,Electronics,5,11287,15,47969.75,37201.86,10767.89,West,Maharashtra,Mumbai
276,2025-05-11,140,Customer 0140,Notebook,Stationery,4,77,0,308,274.01,-33.99,South,Tamil Nadu,Chennai
277,2023-05-13,292,Customer 0292,Laptop,Electronics,8,48770,10,351144,309729.27,41414.73,North,Rajasthan,Jaipur
278,2024-08-09,142,Customer 0142,Notebook,Stationery,9,84,0,756,455.1,300.9,North,Uttar Pradesh,Lucknow
279,2024-12-20,188,Customer 0188,Keyboard,Electronics,9,1261,15,9646.65,5971.4,3675.25,South,Karnataka,Bengaluru
280,2023-10-27,112,Customer 0112,Laptop,Electronics,7,50050,0,350350,228322.2,122027.8,West,Gujarat,Ahmedabad
281,2025-02-08,485,Customer 0485,Keyboard,Electronics,1,1230,15,1045.5,690.01,355.49,South,Karnataka,Bengaluru
282,2024-04-20,17,Customer 0017,Laptop,Electronics,15,48215,0,723225,573929.16,149295.84,North,Delhi,New Delhi
283,2023-08-24,91,Customer 0091,Phone,Electronics,7,26310,0,184170,141718.47,42451.53,North,Delhi,New Delhi
284,2023-02-21,376,Customer 0376,Keyboard,Electronics,1,1252,0,1252,845.89,406.11,East,West Bengal,Kolkata
285,2025-01-01,107,Customer 0107,Chair,Furniture,15,3407,15,43439.25,30572.61,12866.64,West,Gujarat,Ahmedabad
286,2025-12-13,49,Customer 0049,Mouse,Electronics,16,607,10,8740.8,6079.75,2661.05,North,Rajasthan,Jaipur
287,2024-12-13,30,Customer 0030,Mouse,Electronics,7,547,0,3829,3286.48,542.52,East,West Bengal,Kolkata
288,2025-07-18,294,Customer 0294,Monitor,Electronics,13,11352,15,125439.6,88085.11,37354.49,East,West Bengal,Kolkata
289,2024-04-14,364,Customer 0364,Laptop,Electronics,6,50819,0,304914,258332.76,46581.24,South,Telangana,Hyderabad
290,2024-05-30,72,Customer 0072,Chair,Furniture,4,3692,15,12552.8,9286.86,3265.94,Central,Madhya Pradesh,Bhopal
291,2023-11-03,135,Customer 0135,Desk,Furniture,11,6905,15,64561.75,52628.5,11933.25,West,Maharashtra,Mumbai
292,2024-01-26,27,Customer 0027,Keyboard,Electronics,18,1191,10,19294.2,12624.31,6669.89,South,Telangana,Hyderabad
293,2023-10-23,466,Customer 0466,Laptop,Electronics,14,51237,0,717318,625578.47,91739.53,Central,Madhya Pradesh,Bhopal
294,2024-12-04,47,Customer 0047,Desk,Furniture,20,6992,0,139840,85809.22,54030.78,South,Karnataka,Bengaluru
295,2025-12-29,20,Customer 0020,Monitor,Electronics,9,12559,15,96076.35,69504.06,26572.29,South,Karnataka,Bengaluru
296,2024-09-22,163,Customer 0163,Laptop,Electronics,12,54444,5,620661.6,444217.19,176444.41,South,Tamil Nadu,Chennai
297,2025-11-05,253,Customer 0253,Notebook,Stationery,13,75,15,828.75,521.99,306.76,East,West Bengal,Kolkata
298,2025-10-06,87,Customer 0087,Keyboard,Electronics,8,1239,0,9912,7094.12,2817.88,South,Telangana,Hyderabad
299,2025-01-31,340,Customer 0340,Keyboard,Electronics,2,1294,15,2199.8,1513.35,686.45,South,Karnataka,Bengaluru
300,2024-06-29,212,Customer 0212,Laptop,Electronics,11,45669,5,477241.05,349254.33,127986.72,West,Gujarat,Ahmedabad
301,2024-07-01,466,Customer 0466,Desk,Furniture,18,6691,5,114416.1,69064.3,45351.8,North,Rajasthan,Jaipur
302,2025-07-10,281,Customer 0281,Printer,Electronics,17,15347,10,234809.1,204059.78,30749.32,Central,Madhya Pradesh,Bhopal
303,2023-04-25,136,Customer 0136,Keyboard,Electronics,8,1139,5,8656.4,7086.53,1569.87,South,Karnataka,Bengaluru
304,2025-08-06,213,Customer 0213,Phone,Electronics,19,25647,0,487293,336334.94,150958.06,South,Telangana,Hyderabad
305,2023-04-22,272,Customer 0272,Chair,Furniture,2,3360,0,6720,4362.51,2357.49,East,West Bengal,Kolkata
306,2025-10-17,497,Customer 0497,Pen,Stationery,17,21,0,357,224.02,132.98,South,Telangana,Hyderabad
307,2025-10-25,20,Customer 0020,Laptop,Electronics,3,50507,10,136368.9,106549.63,29819.27,North,Delhi,New Delhi
308,2023-05-22,48,Customer 0048,Chair,Furniture,4,3196,5,12144.8,9977.68,2167.12,Central,Madhya Pradesh,Bhopal
309,2025-06-01,370,Customer 0370,Laptop,Electronics,5,45871,10,206419.5,178525.04,27894.46,West,Maharashtra,Mumbai
310,2024-01-16,233,Customer 0233,Mouse,Electronics,16,648,5,9849.6,5965.95,3883.65,South,Tamil Nadu,Chennai
311,2023-12-25,262,Customer 0262,Pen,Stationery,16,20,0,320,194.11,125.89,North,Uttar Pradesh,Lucknow
312,2023-12-14,82,Customer 0082,Phone,Electronics,17,23061,10,352833.3,254455.99,98377.31,South,Tamil Nadu,Chennai
313,2023-02-26,8,Customer 0008,Monitor,Electronics,5,12466,0,62330,41294.81,21035.19,North,Rajasthan,Jaipur
314,2023-10-29,408,Customer 0408,Desk,Furniture,8,6520,0,52160,37235.88,14924.12,North,Uttar Pradesh,Lucknow
315,2025-12-09,462,Customer 0462,Chair,Furniture,3,3475,5,9903.75,8794.72,1109.03,South,Tamil Nadu,Chennai
316,2025-05-24,470,Customer 0470,Keyboard,Electronics,19,1258,5,22706.9,14199.1,8507.8,Central,Madhya Pradesh,Bhopal
317,2023-02-03,278,Customer 0278,Monitor,Electronics,14,11419,0,159866,102743.17,57122.83,North,Rajasthan,Jaipur
318,2024-05-29,379,Customer 0379,Printer,Electronics,4,15686,0,62744,51985.51,10758.49,West,Maharashtra,Mumbai
319,2024-12-20,210,Customer 0210,Desk,Furniture,3,7121,15,18158.55,12817.92,5340.63,North,Delhi,New Delhi
320,2023-11-17,193,Customer 0193,Mouse,Electronics,15,565,0,8475,6405.92,2069.08,South,Karnataka,Bengaluru
321,2024-02-07,326,Customer 0326,Chair,Furniture,18,3321,5,56789.1,34737.73,22051.37,East,West Bengal,Kolkata
322,2023-05-21,355,Customer 0355,Laptop,Electronics,19,48696,15,786440.4,498852.26,287588.14,West,Maharashtra,Mumbai
323,2025-09-02,161,Customer 0161,Phone,Electronics,1,26207,5,24896.65,19006.57,5890.08,Central,Madhya Pradesh,Bhopal
324,2025-03-22,261,Customer 0261,Pen,Stationery,12,18,15,183.6,122.96,60.64,South,Tamil Nadu,Chennai
325,2024-04-06,25,Customer 0025,Notebook,Stationery,18,84,5,1436.4,1245.31,191.09,West,Gujarat,Ahmedabad
326,2024-04-20,309,Customer 0309,Chair,Furniture,8,3591,0,28728,21856.35,6871.65,Central,Madhya Pradesh,Bhopal
327,2023-09-07,196,Customer 0196,Laptop,Electronics,13,50731,5,626527.85,529804.43,96723.42,Central,Madhya Pradesh,Bhopal
328,2025-06-19,115,Customer 0115,Chair,Furniture,17,3487,15,50387.15,41476.04,8911.11,North,Rajasthan,Jaipur
329,2023-03-24,167,Customer 0167,Desk,Furniture,12,7262,5,82786.8,68715.42,14071.38,South,Telangana,Hyderabad
330,2025-04-11,253,Customer 0253,Phone,Electronics,11,23642,5,247058.9,170726.35,76332.55,West,Maharashtra,Mumbai
331,2023-09-29,451,Customer 0451,Phone,Electronics,6,24027,0,144162,116338.25,27823.75,West,Maharashtra,Mumbai
332,2025-10-31,443,Customer 0443,Desk,Furniture,16,7003,10,100843.2,89390.34,11452.86,Central,Madhya Pradesh,Bhopal
333,2023-08-17,166,Customer 0166,Phone,Electronics,10,26980,0,269800,195746.25,74053.75,Central,Madhya Pradesh,Bhopal
334,2024-10-14,471,Customer 0471,Pen,Stationery,8,18,0,144,90.06,-53.94,East,West Bengal,Kolkata
335,2024-09-02,434,Customer 0434,Printer,Electronics,9,15770,0,141930,120105.25,21824.75,South,Tamil Nadu,Chennai
336,2025-11-29,477,Customer 0477,Keyboard,Electronics,8,1150,15,7820,6622.79,1197.21,West,Maharashtra,Mumbai
337,2024-08-17,230,Customer 0230,Monitor,Electronics,19,11312,0,214928,184998.39,29929.61,South,Tamil Nadu,Chennai
338,2023-02-14,16,Customer 0016,Desk,Furniture,12,6693,10,72284.4,47406.13,24878.27,South,Telangana,Hyderabad
339,2025-10-13,248,Customer 0248,Printer,Electronics,4,14563,10,52426.8,44466.83,7959.97,North,Uttar Pradesh,Lucknow
340,2024-08-30,371,Customer 0371,Printer,Electronics,4,15129,15,51438.6,44656.96,6781.64,North,Uttar Pradesh,Lucknow
341,2024-08-01,136,Customer 0136,Laptop,Electronics,2,52304,10,94147.2,58135.79,36011.41,South,Tamil Nadu,Chennai
342,2023-06-09,136,Customer 0136,Laptop,Electronics,12,54186,10,585208.8,509705.92,75502.88,East,West Bengal,Kolkata
343,2023-01-16,427,Customer 0427,Phone,Electronics,3,26839,5,76491.15,56225.27,20265.88,East,West Bengal,Kolkata
344,2024-07-03,220,Customer 0220,Keyboard,Electronics,19,1146,5,20685.3,13141.04,7544.26,East,West Bengal,Kolkata
345,2025-10-17,168,Customer 0168,Mouse,Electronics,6,588,0,3528,2990,538,North,Delhi,New Delhi
346,2025-11-28,304,Customer 0304,Phone,Electronics,12,24562,15,250532.4,157874.87,92657.53,South,Telangana,Hyderabad
347,2024-01-19,399,Customer 0399,Phone,Electronics,7,25847,10,162836.1,107622.93,55213.17,Central,Madhya Pradesh,Bhopal
348,2025-05-07,92,Customer 0092,Notebook,Stationery,13,75,15,828.75,658.13,170.62,South,Karnataka,Bengaluru
349,2025-02-07,373,Customer 0373,Monitor,Electronics,3,12253,5,34921.05,26174.97,8746.08,East,West Bengal,Kolkata
350,2023-06-11,1,Customer 0001,Notebook,Stationery,14,72,0,1008,769.82,238.18,East,West Bengal,Kolkata
351,2024-11-21,288,Customer 0288,Monitor,Electronics,18,12487,15,191051.1,135242.33,55808.77,North,Delhi,New Delhi
352,2023-04-18,103,Customer 0103,Laptop,Electronics,12,53521,0,642252,575591.42,66660.58,South,Telangana,Hyderabad
353,2023-11-10,213,Customer 0213,Laptop,Electronics,2,46234,0,92468,62568.17,29899.83,West,Gujarat,Ahmedabad
354,2025-03-30,430,Customer 0430,Laptop,Electronics,19,46693,10,798450.3,700937.91,97512.39,North,Delhi,New Delhi
355,2023-06-22,77,Customer 0077,Laptop,Electronics,14,47581,15,566213.9,406747.4,159466.5,North,Uttar Pradesh,Lucknow
356,2023-02-11,183,Customer 0183,Pen,Stationery,5,20,5,95,68.08,26.92,South,Karnataka,Bengaluru
357,2023-01-14,264,Customer 0264,Chair,Furniture,16,3515,10,50616,36653.37,13962.63,West,Gujarat,Ahmedabad
358,2024-03-30,139,,Mouse,Electronics,11,580,5,6061,4654.44,1406.56,West,Maharashtra,Mumbai
359,2023-09-04,92,Customer 0092,Monitor,Electronics,20,11758,10,211644,176214.72,35429.28,North,Delhi,New Delhi
360,2023-06-28,500,Customer 0500,Desk,Furniture,3,7595,5,21645.75,16374.23,5271.52,North,Rajasthan,Jaipur
361,2024-03-04,328,Customer 0328,Notebook,Stationery,18,79,15,1208.7,987.61,221.09,North,Delhi,New Delhi
362,2023-09-09,406,Customer 0406,Phone,Electronics,2,26068,15,44315.6,31887.59,12428.01,West,Gujarat,Ahmedabad
363,2025-12-30,71,Customer 0071,Phone,Electronics,2,25754,5,48932.6,38053.66,-10878.94,North,Uttar Pradesh,Lucknow
364,2025-01-05,362,Customer 0362,Mouse,Electronics,1,645,15,548.25,468.98,79.27,South,Telangana,Hyderabad
365,2025-02-22,402,Customer 0402,Phone,Electronics,3,25569,10,69036.3,49624.69,19411.61,North,Delhi,New Delhi
366,2024-06-07,117,Customer 0117,Laptop,Electronics,8,52960,5,402496,336976.3,65519.7,South,Telangana,Hyderabad
367,2024-12-13,305,Customer 0305,Printer,Electronics,18,15896,5,271821.6,232621.22,39200.38,South,Tamil Nadu,Chennai
368,2023-09-29,181,Customer 0181,Notebook,Stationery,9,81,10,656.1,428.1,228,West,Maharashtra,Mumbai
369,2024-05-13,217,Customer 0217,Laptop,Electronics,13,53815,10,629635.5,485301.71,144333.79,Central,Madhya Pradesh,Bhopal
370,2023-10-05,280,Customer 0280,Laptop,Electronics,14,53703,10,676657.8,585051.49,91606.31,Central,Madhya Pradesh,Bhopal
371,2024-06-07,341,Customer 0341,Phone,Electronics,18,24338,0,438084,383672.72,54411.28,East,West Bengal,Kolkata
372,2025-09-30,80,Customer 0080,Keyboard,Electronics,11,1236,15,11556.6,8946.24,2610.36,East,West Bengal,Kolkata
373,2025-12-19,214,Customer 0214,Mouse,Electronics,19,648,10,11080.8,7509.62,3571.18,Central,Madhya Pradesh,Bhopal
374,2025-11-15,61,Customer 0061,Mouse,Electronics,4,587,15,1995.8,1748.31,-247.49,North,Uttar Pradesh,Lucknow
375,2024-04-25,309,Customer 0309,Phone,Electronics,3,24860,15,63393,47981.09,15411.91,South,Telangana,Hyderabad
376,2025-12-13,110,Customer 0110,Desk,Furniture,18,7010,5,119871,102111.12,17759.88,North,Delhi,New Delhi
377,2024-05-30,388,Customer 0388,Chair,Furniture,5,3640,10,16380,11281.42,5098.58,West,Maharashtra,Mumbai
378,2024-01-05,135,Customer 0135,Desk,Furniture,15,6807,5,96999.75,69891.05,27108.7,West,Maharashtra,Mumbai
379,2025-08-04,385,Customer 0385,Monitor,Electronics,12,11872,5,135340.8,111564.82,23775.98,South,Tamil Nadu,Chennai
380,2024-05-05,5,Customer 0005,Laptop,Electronics,9,54279,15,415234.35,333319.58,81914.77,West,Maharashtra,Mumbai
381,2025-09-18,326,Customer 0326,Printer,Electronics,12,15624,0,187488,134160.34,53327.66,North,Delhi,New Delhi
382,2024-05-14,321,Customer 0321,Notebook,Stationery,17,86,5,1388.9,978,410.9,North,Uttar Pradesh,Lucknow
383,2023-06-08,353,Customer 0353,Desk,Furniture,18,6825,10,110565,90487.56,20077.44,East,West Bengal,Kolkata
384,2023-10-20,273,Customer 0273,Monitor,Electronics,4,11383,0,45532,29025.5,16506.5,South,Telangana,Hyderabad
385,2025-12-17,106,Customer 0106,Laptop,Electronics,5,45983,0,229915,197520.38,32394.62,North,Delhi,New Delhi
386,2024-01-11,290,Customer 0290,Keyboard,Electronics,5,1248,0,6240,3959.37,2280.63,North,Delhi,New Delhi
387,2025-11-29,463,Customer 0463,Laptop,Electronics,3,49438,5,140898.3,104104.62,36793.68,South,Tamil Nadu,Chennai
388,2025-10-01,153,Customer 0153,Mouse,Electronics,7,615,15,3659.25,2613.92,1045.33,North,Rajasthan,
389,2024-05-06,166,Customer 0166,Monitor,Electronics,13,11347,10,132759.9,89920.23,42839.67,Central,Madhya Pradesh,Bhopal
390,2024-02-09,199,Customer 0199,Printer,Electronics,17,15095,5,243784.25,146879.31,96904.94,North,Delhi,New Delhi
391,2024-08-07,470,Customer 0470,Pen,Stationery,9,20,0,180,140.67,39.33,North,Delhi,New Delhi
392,2023-01-08,227,Customer 0227,Pen,Stationery,17,20,15,289,194.98,94.02,North,Rajasthan,Jaipur
393,2023-07-04,465,Customer 0465,Desk,Furniture,6,6471,0,38826,27993.29,10832.71,North,Uttar Pradesh,Lucknow
394,2025-07-22,294,Customer 0294,Printer,Electronics,5,14293,10,64318.5,44884.9,19433.6,North,Rajasthan,Jaipur
395,2024-09-24,266,Customer 0266,Pen,Stationery,2,18,10,32.4,19.57,12.83,North,Delhi,New Delhi
396,2025-12-31,61,Customer 0061,Chair,Furniture,16,3527,10,50788.8,32985.25,17803.55,North,Uttar Pradesh,Lucknow
397,2023-01-08,79,Customer 0079,Pen,Stationery,15,19,0,285,244.91,40.09,South,Karnataka,Bengaluru
398,2025-04-16,394,Customer 0394,Notebook,Stationery,20,74,10,1332,963.86,368.14,North,Uttar Pradesh,Lucknow
399,2023-05-21,250,Customer 0250,Desk,Furniture,5,7437,10,33466.5,28795.72,4670.78,North,Uttar Pradesh,Lucknow
400,2025-02-02,12,Customer 0012,Phone,Electronics,3,23862,10,64427.4,52118.47,12308.93,North,Rajasthan,Jaipur
401,2024-10-11,31,Customer 0031,Keyboard,Electronics,18,1294,0,23292,20211.18,3080.82,West,Gujarat,Ahmedabad
402,2024-04-27,173,Customer 0173,Phone,Electronics,8,22912,5,174131.2,114599.36,59531.84,West,Gujarat,Ahmedabad
403,2024-02-03,318,Customer 0318,Printer,Electronics,6,13810,0,82860,72776.63,10083.37,North,Uttar Pradesh,Lucknow
404,2025-01-19,283,Customer 0283,Printer,Electronics,13,15593,10,182438.1,153899.19,28538.91,West,Gujarat,Ahmedabad
405,2025-09-15,283,Customer 0283,Monitor,Electronics,15,12960,0,194400,156185.62,38214.38,North,Delhi,New Delhi
406,2023-11-05,333,Customer 0333,Desk,Furniture,8,7147,15,48599.6,33563.59,15036.01,South,Telangana,Hyderabad
407,2023-03-21,121,Customer 0121,Laptop,Electronics,8,45518,0,364144,243765.48,120378.52,West,Maharashtra,Mumbai
408,2025-05-17,443,Customer 0443,Mouse,Electronics,1,623,0,623,436.36,186.64,North,Delhi,New Delhi
409,2025-04-25,188,Customer 0188,Monitor,Electronics,1,12171,10,10953.9,7856.62,3097.28,Central,Madhya Pradesh,Bhopal
410,2023-12-18,123,,Printer,Electronics,5,14936,0,74680,61703.72,12976.28,West,Maharashtra,Mumbai
411,2023-10-21,316,Customer 0316,Desk,Furniture,5,6428,5,30533,21783.22,8749.78,North,Rajasthan,Jaipur
412,2023-03-13,284,Customer 0284,Phone,Electronics,16,22894,10,329673.6,208990.07,120683.53,North,Rajasthan,Jaipur
413,2023-04-25,67,Customer 0067,Keyboard,Electronics,18,1274,0,22932,16247.16,6684.84,North,Delhi,New Delhi
414,2023-07-28,51,Customer 0051,Printer,Electronics,20,16002,10,288036,200614.19,87421.81,West,Gujarat,Ahmedabad
415,2025-05-03,334,Customer 0334,Mouse,Electronics,16,548,0,8768,7890.15,877.85,South,Karnataka,Bengaluru
416,2024-07-12,244,Customer 0244,Phone,Electronics,16,24197,0,387152,300077.27,87074.73,East,West Bengal,Kolkata
417,2025-11-02,116,Customer 0116,Laptop,Electronics,5,50261,10,226174.5,157647.35,68527.15,West,Gujarat,Ahmedabad
418,2025-09-28,325,Customer 0325,Notebook,Stationery,9,82,15,627.3,396.49,230.81,North,Delhi,New Delhi
419,2025-08-30,70,Customer 0070,Desk,Furniture,2,6613,10,11903.4,7295.12,4608.28,North,Uttar Pradesh,Lucknow
420,2025-01-28,380,Customer 0380,Laptop,Electronics,14,46491,10,585786.6,505724.05,80062.55,West,Gujarat,Ahmedabad
421,2025-04-16,333,Customer 0333,Printer,Electronics,16,15767,15,214431.2,177025.12,37406.08,North,Delhi,New Delhi
422,2023-12-26,48,Customer 0048,Mouse,Electronics,17,579,0,9843,6616.11,3226.89,North,Uttar Pradesh,Lucknow
423,2024-12-31,188,Customer 0188,Chair,Furniture,11,3345,10,33115.5,25067.79,8047.71,South,Telangana,Hyderabad
424,2023-04-18,449,Customer 0449,Monitor,Electronics,2,12867,10,23160.6,15922.11,7238.49,West,Maharashtra,Mumbai
425,2024-11-11,151,Customer 0151,Laptop,Electronics,15,48849,15,622824.75,399433.21,223391.54,West,Gujarat,Ahmedabad
426,2023-11-27,220,Customer 0220,Phone,Electronics,6,24793,0,148758,129535.9,19222.1,Central,Madhya Pradesh,Bhopal
427,2025-04-30,48,Customer 0048,Desk,Furniture,19,7486,0,142234,103115.45,39118.55,West,Maharashtra,Mumbai
428,2024-02-22,427,Customer 0427,Mouse,Electronics,14,659,15,7842.1,6024.95,1817.15,Central,Madhya Pradesh,Bhopal
429,2023-03-15,28,Customer 0028,Mouse,Electronics,1,558,0,558,381.34,176.66,North,Delhi,New Delhi
430,2024-04-27,448,Customer 0448,Mouse,Electronics,14,566,0,7924,5691.37,2232.63,West,Maharashtra,Mumbai
431,2023-04-01,324,Customer 0324,Mouse,Electronics,9,553,10,4479.3,3018.53,1460.77,Central,Madhya Pradesh,Bhopal
432,2025-12-26,81,Customer 0081,Monitor,Electronics,5,12818,0,64090,44515.77,19574.23,South,Tamil Nadu,Chennai
433,2023-05-29,331,Customer 0331,Laptop,Electronics,13,45579,0,592527,526211.2,66315.8,South,Karnataka,Bengaluru
434,2024-08-10,488,Customer 0488,Laptop,Electronics,13,51257,10,599706.9,387795.28,211911.62,East,West Bengal,Kolkata
435,2025-12-08,112,Customer 0112,Pen,Stationery,19,19,15,306.85,233.34,73.51,North,Uttar Pradesh,Lucknow
436,2025-02-20,361,Customer 0361,Laptop,Electronics,1,50876,5,48332.2,29825.38,18506.82,North,Uttar Pradesh,Lucknow
437,2024-12-16,86,Customer 0086,Monitor,Electronics,3,11982,10,32351.4,22841.12,9510.28,South,Tamil Nadu,Chennai
438,2023-11-28,117,Customer 0117,Chair,Furniture,10,3297,10,29673,19892.48,9780.52,West,Gujarat,Ahmedabad
439,2025-02-10,142,Customer 0142,Desk,Furniture,5,6328,15,26894,17976.75,8917.25,South,Tamil Nadu,Chennai
440,2024-11-08,463,Customer 0463,Mouse,Electronics,17,546,15,7889.7,6591.31,1298.39,North,Uttar Pradesh,Lucknow
441,2023-12-07,100,Customer 0100,Notebook,Stationery,3,73,0,219,176.08,42.92,Central,Madhya Pradesh,Bhopal
442,2023-06-26,22,Customer 0022,Phone,Electronics,2,27038,15,45964.6,34187.91,11776.69,West,Maharashtra,Mumbai
443,2024-03-26,197,Customer 0197,Pen,Stationery,15,21,0,315,247.26,67.74,South,Tamil Nadu,Chennai
444,2025-05-19,381,Customer 0381,Notebook,Stationery,8,78,15,530.4,463.8,66.6,South,Karnataka,Bengaluru
445,2023-08-29,306,Customer 0306,Mouse,Electronics,8,621,5,4719.6,3237.25,1482.35,South,Tamil Nadu,Chennai
446,2025-01-05,88,Customer 0088,Printer,Electronics,2,15152,10,27273.6,16702.72,10570.88,South,Karnataka,Bengaluru
447,2023-12-21,158,Customer 0158,Desk,Furniture,4,6341,15,21559.4,13109.51,8449.89,West,Gujarat,Ahmedabad
448,2023-09-25,132,Customer 0132,Monitor,Electronics,7,11695,0,81865,59710.9,22154.1,West,Gujarat,Ahmedabad
449,2025-11-05,370,Customer 0370,Keyboard,Electronics,9,1152,10,9331.2,6752.45,2578.75,South,Tamil Nadu,Chennai
450,2024-04-03,439,Customer 0439,Phone,Electronics,11,23299,5,243474.55,171108.4,72366.15,West,Gujarat,Ahmedabad
451,2024-09-17,487,Customer 0487,Notebook,Stationery,3,88,5,250.8,219.49,31.31,West,Gujarat,Ahmedabad
452,2023-12-09,476,Customer 0476,Monitor,Electronics,11,11957,0,131527,81324.17,50202.83,West,Maharashtra,Mumbai
453,2025-05-24,432,Customer 0432,Mouse,Electronics,8,644,10,4636.8,3613.13,1023.67,West,Maharashtra,Mumbai
454,2023-12-05,101,Customer 0101,Chair,Furniture,20,3672,15,62424,39533.49,22890.51,West,Maharashtra,Mumbai
455,2025-10-26,178,Customer 0178,Pen,Stationery,20,22,5,418,313.5,104.5,East,West Bengal,Kolkata
456,2023-11-01,336,Customer 0336,Phone,Electronics,15,24039,15,306497.25,208038.38,98458.87,South,Telangana,Hyderabad
457,2024-05-31,458,Customer 0458,Mouse,Electronics,4,636,15,2162.4,1849.93,312.47,East,West Bengal,Kolkata
458,2025-04-19,210,Customer 0210,Desk,Furniture,1,7369,10,6632.1,4494.73,2137.37,South,Telangana,Hyderabad
459,2024-08-10,355,Customer 0355,Pen,Stationery,16,22,5,334.4,210.4,124,South,Tamil Nadu,Chennai
460,2025-09-29,396,Customer 0396,Chair,Furniture,11,3402,5,35550.9,30041.56,5509.34,South,Tamil Nadu,Chennai
461,2024-09-20,118,Customer 0118,Laptop,Electronics,17,51005,5,823730.75,521193.96,302536.79,North,Rajasthan,Jaipur
462,2024-05-09,487,Customer 0487,Desk,Furniture,1,7602,0,7602,5710.19,1891.81,South,Karnataka,Bengaluru
463,2023-08-24,459,Customer 0459,Notebook,Stationery,20,82,15,1394,1061.39,332.61,West,Maharashtra,Mumbai
464,2024-04-10,196,Customer 0196,Chair,Furniture,13,3172,0,41236,32470.94,8765.06,South,Tamil Nadu,Chennai
465,2023-07-12,89,Customer 0089,Laptop,Electronics,17,50324,15,727181.8,520782.18,206399.62,West,Maharashtra,Mumbai
466,2023-12-01,430,Customer 0430,Desk,Furniture,18,7090,10,114858,69165.15,45692.85,North,Rajasthan,Jaipur
467,2024-03-05,356,Customer 0356,Notebook,Stationery,1,85,0,85,68.09,16.91,North,Rajasthan,Jaipur
468,2023-06-13,374,Customer 0374,Monitor,Electronics,15,12974,5,184879.5,161320.39,23559.11,North,Uttar Pradesh,Lucknow
469,2025-08-28,147,Customer 0147,Monitor,Electronics,13,12343,5,152436.05,95051.75,57384.3,South,Karnataka,Bengaluru
470,2023-01-07,283,Customer 0283,Printer,Electronics,6,15341,0,92046,74949.64,17096.36,South,Telangana,Hyderabad
471,2025-02-08,458,Customer 0458,Mouse,Electronics,13,586,0,7618,5071.96,2546.04,North,Rajasthan,Jaipur
472,2023-04-28,146,Customer 0146,Laptop,Electronics,20,48789,15,829413,610546.42,218866.58,North,Rajasthan,Jaipur
473,2023-01-20,175,Customer 0175,Pen,Stationery,3,19,5,54.15,40.78,13.37,South,Tamil Nadu,Chennai
474,2024-06-28,7,Customer 0007,Notebook,Stationery,6,76,0,456,383.39,72.61,West,Maharashtra,Mumbai
475,2024-04-24,449,Customer 0449,Chair,Furniture,13,3705,10,43348.5,33352.33,9996.17,South,Telangana,Hyderabad
476,2025-06-18,98,,Keyboard,Electronics,20,1135,10,20430,15684.55,4745.45,Central,Madhya Pradesh,Bhopal
477,2023-06-24,2,Customer 0002,Desk,Furniture,4,6459,10,23252.4,19899.48,3352.92,North,Delhi,New Delhi
478,2023-08-07,484,Customer 0484,Keyboard,Electronics,5,1093,0,5465,4115.53,1349.47,North,Rajasthan,Jaipur
479,2024-03-26,461,Customer 0461,Printer,Electronics,7,14375,0,100625,64281.5,36343.5,South,Tamil Nadu,Chennai
480,2023-06-06,444,Customer 0444,Pen,Stationery,1,19,0,19,16.57,2.43,North,Rajasthan,Jaipur
481,2025-04-02,439,Customer 0439,Keyboard,Electronics,1,1222,15,1038.7,798.27,240.43,South,Karnataka,Bengaluru
482,2023-05-08,359,Customer 0359,Desk,Furniture,2,6851,15,11646.7,9943.6,1703.1,South,Karnataka,Bengaluru
483,2025-04-22,331,Customer 0331,Keyboard,Electronics,18,1231,5,21050.1,15655.59,5394.51,West,Maharashtra,Mumbai
484,2023-10-15,481,Customer 0481,Printer,Electronics,11,16020,0,176220,126715.56,49504.44,West,Maharashtra,Mumbai
485,2023-01-02,171,Customer 0171,Monitor,Electronics,10,10977,0,109770,78625.29,31144.71,West,Maharashtra,Mumbai
486,2025-04-19,436,Customer 0436,Monitor,Electronics,2,12340,10,22212,16770,-5442,South,Tamil Nadu,Chennai
487,2023-11-19,240,Customer 0240,Mouse,Electronics,19,633,0,12027,8726.96,3300.04,West,Maharashtra,Mumbai
488,2023-11-26,93,Customer 0093,Phone,Electronics,6,27127,0,162762,102928.66,59833.34,West,Gujarat,Ahmedabad
489,2025-12-21,233,Customer 0233,Phone,Electronics,11,27096,15,253347.6,169599.01,83748.59,North,Uttar Pradesh,Lucknow
490,2023-09-09,280,Customer 0280,Pen,Stationery,9,22,0,198,135.99,62.01,East,West Bengal,Kolkata
491,2023-02-16,204,Customer 0204,Phone,Electronics,11,27148,0,298628,242474.68,56153.32,West,Gujarat,Ahmedabad
492,2024-12-14,211,Customer 0211,Mouse,Electronics,19,609,5,10992.45,9565.51,1426.94,North,Uttar Pradesh,
493,2024-01-13,10,Customer 0010,Laptop,Electronics,18,54361,0,978498,750574.41,227923.59,Central,Madhya Pradesh,Bhopal
494,2024-10-20,342,Customer 0342,Desk,Furniture,1,7590,15,6451.5,4040.6,2410.9,South,Telangana,Hyderabad
495,2024-10-17,134,Customer 0134,Keyboard,Electronics,4,1108,10,3988.8,2519.22,1469.58,South,Karnataka,Bengaluru
496,2025-07-17,248,Customer 0248,Pen,Stationery,15,21,0,315,191.28,123.72,North,Delhi,New Delhi
497,2023-11-18,321,Customer 0321,Printer,Electronics,4,16121,15,54811.4,45788.51,9022.89,East,West Bengal,Kolkata
498,2023-08-17,343,Customer 0343,Laptop,Electronics,20,49746,15,845682,581679,264003,South,Karnataka,Bengaluru
499,2023-01-19,241,Customer 0241,Chair,Furniture,6,3328,10,17971.2,15309.47,2661.73,South,Tamil Nadu,Chennai
500,2024-10-23,371,Customer 0371,Laptop,Electronics,9,46953,0,422577,284990.19,137586.81,West,Gujarat,Ahmedabad
501,2024-06-26,343,Customer 0343,Monitor,Electronics,15,12869,5,183383.25,123699.63,59683.62,West,Gujarat,Ahmedabad
502,2025-03-14,52,Customer 0052,Monitor,Electronics,9,12839,15,98218.35,86506.15,11712.2,North,Uttar Pradesh,Lucknow
503,2023-02-24,98,Customer 0098,Chair,Furniture,20,3283,15,55811,44356.31,11454.69,South,Tamil Nadu,Chennai
504,2024-09-28,135,Customer 0135,Laptop,Electronics,19,45456,0,863664,767190.42,96473.58,South,Telangana,Hyderabad
505,2024-10-09,120,Customer 0120,Keyboard,Electronics,17,1127,15,16285.15,10929.68,5355.47,South,Tamil Nadu,Chennai
506,2023-10-15,147,Customer 0147,Monitor,Electronics,14,11090,10,139734,101565.47,38168.53,East,West Bengal,Kolkata
507,2025-11-08,86,Customer 0086,Desk,Furniture,18,6307,15,96497.1,81661.55,14835.55,North,Uttar Pradesh,Lucknow
508,2025-03-06,239,Customer 0239,Pen,Stationery,7,21,0,147,128.92,18.08,South,Telangana,Hyderabad
509,2023-10-31,210,Customer 0210,Chair,Furniture,19,3178,5,57362.9,39763.95,17598.95,West,Maharashtra,Mumbai
510,2023-05-09,167,Customer 0167,Chair,Furniture,19,3731,0,70889,53598.98,17290.02,South,Telangana,Hyderabad
511,2023-06-13,283,Customer 0283,Printer,Electronics,18,14286,5,244290.6,180303.64,63986.96,North,Rajasthan,Jaipur
512,2023-06-05,309,Customer 0309,Desk,Furniture,13,6539,5,80756.65,64365.55,16391.1,East,West Bengal,Kolkata
513,2025-10-20,37,Customer 0037,Desk,Furniture,3,7343,5,20927.55,16246.59,4680.96,West,Maharashtra,Mumbai
514,2024-01-20,15,Customer 0015,Notebook,Stationery,15,85,0,1275,1023.3,251.7,North,Rajasthan,Jaipur
515,2023-09-03,59,Customer 0059,Laptop,Electronics,10,53779,0,537790,451147.77,86642.23,South,Tamil Nadu,Chennai
516,2025-06-19,147,Customer 0147,Phone,Electronics,20,25885,0,517700,346458.54,171241.46,Central,Madhya Pradesh,Bhopal
517,2023-09-15,453,Customer 0453,Monitor,Electronics,12,11209,5,127782.6,98308.8,29473.8,West,Maharashtra,Mumbai
518,2023-06-17,430,Customer 0430,Chair,Furniture,13,3428,10,40107.6,34809.22,5298.38,East,West Bengal,Kolkata
519,2024-05-20,83,Customer 0083,Mouse,Electronics,11,629,5,6573.05,4209.8,2363.25,North,Delhi,New Delhi
520,2024-09-14,67,Customer 0067,Laptop,Electronics,12,54145,10,584766,523884.48,60881.52,North,Rajasthan,Jaipur
521,2024-08-19,258,Customer 0258,Mouse,Electronics,17,590,10,9027,7645.27,1381.73,East,West Bengal,Kolkata
522,2023-09-09,289,Customer 0289,Phone,Electronics,4,25470,5,96786,72102.92,24683.08,West,Maharashtra,Mumbai
523,2025-05-02,382,Customer 0382,Phone,Electronics,20,23119,15,393023,313592.93,79430.07,South,Karnataka,Bengaluru
524,2023-05-18,127,Customer 0127,Notebook,Stationery,7,73,5,485.45,294.64,190.81,West,Gujarat,Ahmedabad
525,2023-04-18,294,Customer 0294,Desk,Furniture,6,7285,0,43710,34965.53,8744.47,South,Tamil Nadu,Chennai
526,2024-06-26,286,Customer 0286,Keyboard,Electronics,13,1203,0,15639,11992.33,3646.67,North,Delhi,New Delhi
527,2025-03-25,467,Customer 0467,Notebook,Stationery,14,72,10,907.2,796.49,110.71,North,Delhi,New Delhi
528,2024-06-23,19,Customer 0019,Laptop,Electronics,18,47874,10,775558.8,653876.29,121682.51,North,Uttar Pradesh,Lucknow
529,2023-03-05,90,Customer 0090,Mouse,Electronics,14,552,5,7341.6,4480.81,2860.79,East,West Bengal,Kolkata
530,2024-11-23,101,Customer 0101,Monitor,Electronics,15,11137,0,167055,142877.39,24177.61,South,Telangana,Hyderabad
531,2023-08-26,239,Customer 0239,Keyboard,Electronics,14,1099,15,13078.1,10067.66,3010.44,North,Uttar Pradesh,Lucknow
532,2024-08-01,422,Customer 0422,Printer,Electronics,19,14487,0,275253,247174.18,28078.82,East,West Bengal,Kolkata
533,2025-09-24,319,Customer 0319,Desk,Furniture,8,6457,10,46490.4,35145.21,11345.19,West,Gujarat,Ahmedabad
534,2023-07-24,431,Customer 0431,Laptop,Electronics,11,54910,15,513408.5,427621.56,85786.94,West,Maharashtra,Mumbai
535,2024-02-24,107,Customer 0107,Laptop,Electronics,2,53234,15,90497.8,57256.23,33241.57,South,Telangana,Hyderabad
536,2024-05-31,371,Customer 0371,Printer,Electronics,15,14731,5,209916.75,154792.86,55123.89,North,Uttar Pradesh,Lucknow
537,2024-03-26,178,Customer 0178,Keyboard,Electronics,2,1109,15,1885.3,1672.32,212.98,North,Delhi,New Delhi
538,2025-09-29,494,Customer 0494,Monitor,Electronics,4,11391,15,38729.4,33616.56,5112.84,Central,Madhya Pradesh,Bhopal
539,2023-02-01,171,Customer 0171,Printer,Electronics,14,15248,5,202798.4,162499.2,40299.2,East,West Bengal,Kolkata
540,2025-11-02,431,Customer 0431,Pen,Stationery,8,21,15,142.8,89.25,53.55,East,West Bengal,Kolkata
541,2025-09-01,195,Customer 0195,Notebook,Stationery,1,85,15,72.25,57.13,15.12,North,Rajasthan,Jaipur
542,2024-09-08,383,Customer 0383,Mouse,Electronics,19,588,10,10054.8,6543.36,3511.44,North,Uttar Pradesh,Lucknow
543,2025-10-06,87,Customer 0087,Notebook,Stationery,10,83,0,830,565.14,264.86,North,Rajasthan,Jaipur
544,2024-12-24,128,Customer 0128,Notebook,Stationery,7,82,5,545.3,395.6,149.7,North,Delhi,New Delhi
545,2024-11-21,459,Customer 0459,Keyboard,Electronics,9,1299,15,9937.35,7476.74,2460.61,Central,Madhya Pradesh,Bhopal
546,2023-08-09,346,Customer 0346,Pen,Stationery,16,19,5,288.8,180.64,108.16,North,Delhi,New Delhi
547,2024-06-09,369,Customer 0369,Phone,Electronics,9,26281,0,236529,159873.26,76655.74,South,Karnataka,Bengaluru
548,2023-01-20,264,Customer 0264,Desk,Furniture,3,6824,5,19448.4,14081.94,5366.46,North,Uttar Pradesh,Lucknow
549,2023-03-07,391,Customer 0391,Pen,Stationery,5,22,0,110,76.74,33.26,East,West Bengal,Kolkata
550,2025-03-28,153,Customer 0153,Keyboard,Electronics,3,1271,10,3431.7,2649.93,781.77,South,Karnataka,Bengaluru
551,2024-04-09,386,Customer 0386,Printer,Electronics,2,15933,5,30272.7,20929.1,9343.6,South,Tamil Nadu,Chennai
552,2024-05-23,259,Customer 0259,Phone,Electronics,10,27467,5,260936.5,204018.02,56918.48,South,Karnataka,Bengaluru
553,2024-02-05,79,Customer 0079,Printer,Electronics,9,15641,0,140769,92245.44,48523.56,West,Maharashtra,Mumbai
554,2024-02-20,337,Customer 0337,Notebook,Stationery,13,87,0,1131,697.79,433.21,North,Rajasthan,Jaipur
555,2024-09-12,474,Customer 0474,Laptop,Electronics,14,46324,15,551255.6,340546.57,210709.03,East,West Bengal,Kolkata
556,2023-05-16,151,Customer 0151,Desk,Furniture,16,6325,0,101200,83830.14,17369.86,West,Maharashtra,Mumbai
557,2024-02-18,296,Customer 0296,Pen,Stationery,19,20,10,342,218.51,123.49,South,Tamil Nadu,Chennai
558,2024-05-19,185,Customer 0185,Desk,Furniture,13,7289,15,80543.45,60875.23,19668.22,North,Delhi,
559,2024-11-19,101,Customer 0101,Keyboard,Electronics,18,1153,0,20754,18638.88,2115.12,North,Uttar Pradesh,Lucknow
560,2025-08-16,321,Customer 0321,Chair,Furniture,20,3563,10,64134,52142.14,11991.86,North,Uttar Pradesh,Lucknow
561,2024-12-05,476,Customer 0476,Laptop,Electronics,20,49500,5,940500,797475.8,143024.2,North,Uttar Pradesh,Lucknow
562,2023-04-25,3,Customer 0003,Laptop,Electronics,20,50926,0,1018520,831474.99,187045.01,North,Delhi,New Delhi
563,2024-10-04,5,Customer 0005,Laptop,Electronics,15,51992,5,740886,648967.33,91918.67,South,Tamil Nadu,Chennai
564,2023-08-16,32,Customer 0032,Pen,Stationery,9,21,10,170.1,141.39,28.71,South,Telangana,Hyderabad
565,2024-11-05,17,Customer 0017,Printer,Electronics,20,13797,5,262143,182602.36,79540.64,West,Maharashtra,Mumbai
566,2023-01-28,29,Customer 0029,Monitor,Electronics,4,13039,5,49548.2,43870.35,5677.85,West,Maharashtra,Mumbai
567,2023-12-12,338,Customer 0338,Laptop,Electronics,18,53981,15,825909.3,739379.67,86529.63,East,West Bengal,Kolkata
568,2023-12-19,407,Customer 0407,Printer,Electronics,11,15280,0,168080,132928.6,35151.4,East,West Bengal,Kolkata
569,2023-04-16,491,Customer 0491,Phone,Electronics,1,22803,5,21662.85,14944.71,6718.14,West,Maharashtra,Mumbai
570,2023-08-19,135,Customer 0135,Monitor,Electronics,7,11124,0,77868,63332.96,14535.04,South,Karnataka,Bengaluru
571,2024-03-28,86,Customer 0086,Monitor,Electronics,18,10886,15,166555.8,101869.35,64686.45,West,Maharashtra,Mumbai
572,2024-03-30,429,Customer 0429,Notebook,Stationery,9,87,5,743.85,579.98,163.87,West,Gujarat,Ahmedabad
573,2025-08-27,172,Customer 0172,Keyboard,Electronics,9,1237,15,9463.05,6840.91,2622.14,North,Delhi,New Delhi
574,2023-10-27,76,Customer 0076,Monitor,Electronics,8,11165,0,89320,53714.22,35605.78,North,Uttar Pradesh,Lucknow
575,2024-12-25,372,Customer 0372,Laptop,Electronics,1,45911,10,41319.9,35166.04,6153.86,North,Rajasthan,Jaipur
576,2025-08-31,445,Customer 0445,Phone,Electronics,20,25056,10,451008,402548.8,48459.2,North,Uttar Pradesh,Lucknow
577,2023-12-27,214,Customer 0214,Desk,Furniture,16,7116,5,108163.2,67071.46,41091.74,South,Telangana,Hyderabad
578,2025-03-30,41,Customer 0041,Desk,Furniture,6,6781,0,40686,35582.97,5103.03,West,Gujarat,Ahmedabad
579,2023-02-13,75,Customer 0075,Chair,Furniture,16,3294,0,52704,33958.66,18745.34,West,Maharashtra,Mumbai
580,2023-01-28,229,Customer 0229,Desk,Furniture,9,6866,10,55614.6,38937.2,16677.4,South,Tamil Nadu,Chennai
581,2025-02-25,263,Customer 0263,Chair,Furniture,8,3346,15,22752.8,17336.58,5416.22,West,Gujarat,Ahmedabad
582,2024-03-17,317,Customer 0317,Laptop,Electronics,4,53557,15,182093.8,139342.58,42751.22,Central,Madhya Pradesh,Bhopal
583,2023-10-15,131,,Monitor,Electronics,18,11121,5,190169.1,132682.19,57486.91,Central,Madhya Pradesh,Bhopal
584,2024-01-03,45,Customer 0045,Printer,Electronics,1,15982,5,15182.9,9495.61,5687.29,West,Gujarat,Ahmedabad
585,2024-09-07,29,Customer 0029,Printer,Electronics,20,15473,10,278514,172628.92,105885.08,North,Uttar Pradesh,Lucknow
586,2025-02-11,354,Customer 0354,Phone,Electronics,16,22981,0,367696,232315.58,135380.42,South,Tamil Nadu,Chennai
587,2023-08-02,476,Customer 0476,Laptop,Electronics,8,51620,0,412960,313773.91,99186.09,North,Uttar Pradesh,Lucknow
588,2023-12-29,138,Customer 0138,Chair,Furniture,4,3835,15,13039,11700.45,1338.55,Central,Madhya Pradesh,Bhopal
589,2025-10-24,165,Customer 0165,Mouse,Electronics,11,607,15,5675.45,3724.5,1950.95,North,Uttar Pradesh,Lucknow
590,2025-03-16,350,Customer 0350,Monitor,Electronics,19,12471,0,236949,206414.77,30534.23,South,Telangana,Hyderabad
591,2024-05-25,406,Customer 0406,Pen,Stationery,5,22,5,104.5,68.52,35.98,North,Uttar Pradesh,Lucknow
592,2023-01-04,221,Customer 0221,Phone,Electronics,18,24579,0,442422,361689.56,80732.44,West,Gujarat,Ahmedabad
593,2024-03-23,14,Customer 0014,Notebook,Stationery,9,86,0,774,571.57,202.43,East,West Bengal,Kolkata
594,2023-07-04,328,Customer 0328,Monitor,Electronics,1,12648,5,12015.6,7541.4,4474.2,South,Karnataka,Bengaluru
595,2025-12-11,200,Customer 0200,Pen,Stationery,10,22,10,198,144.06,53.94,East,West Bengal,Kolkata
596,2025-12-04,339,Customer 0339,Notebook,Stationery,16,77,5,1170.4,892.07,278.33,North,Uttar Pradesh,Lucknow
597,2023-10-29,111,Customer 0111,Keyboard,Electronics,1,1174,15,997.9,664.99,332.91,North,Delhi,New Delhi
598,2023-09-01,100,Customer 0100,Notebook,Stationery,17,84,5,1356.6,967.86,388.74,Central,Madhya Pradesh,Bhopal
599,2024-01-14,389,Customer 0389,Printer,Electronics,8,14377,0,115016,83677.98,31338.02,South,Telangana,Hyderabad
600,2024-10-16,87,Customer 0087,Chair,Furniture,7,3662,10,23070.6,14717.72,8352.88,North,Delhi,New Delhi
601,2023-04-27,19,Customer 0019,Notebook,Stationery,11,75,5,783.75,609.83,173.92,North,Uttar Pradesh,Lucknow
602,2023-02-09,490,Customer 0490,Pen,Stationery,3,20,10,54,46.49,7.51,South,Karnataka,Bengaluru
603,2023-07-17,199,Customer 0199,Monitor,Electronics,4,11783,0,47132,40936.91,6195.09,North,Uttar Pradesh,Lucknow
604,2024-11-10,120,Customer 0120,Notebook,Stationery,20,75,0,1500,914.4,585.6,Central,Madhya Pradesh,Bhopal
605,2025-03-24,495,Customer 0495,Chair,Furniture,3,3449,15,8794.95,5308.1,3486.85,North,Uttar Pradesh,Lucknow
606,2024-06-22,175,Customer 0175,Laptop,Electronics,10,54468,10,490212,299682.73,190529.27,South,Tamil Nadu,Chennai
607,2023-04-25,325,Customer 0325,Pen,Stationery,8,21,0,168,123.49,44.51,Central,Madhya Pradesh,Bhopal
608,2024-12-14,226,Customer 0226,Notebook,Stationery,20,74,0,1480,1226.81,253.19,West,Gujarat,Ahmedabad
609,2025-03-16,412,,Notebook,Stationery,19,74,15,1195.1,757.67,437.43,East,West Bengal,Kolkata
610,2024-10-21,296,Customer 0296,Printer,Electronics,19,13631,15,220140.65,173067.99,47072.66,North,Uttar Pradesh,Lucknow
611,2023-10-17,173,Customer 0173,Chair,Furniture,18,3761,15,57543.3,38176.45,19366.85,Central,Madhya Pradesh,Bhopal
612,2024-01-13,102,Customer 0102,Chair,Furniture,7,3324,15,19777.8,12239.22,7538.58,East,West Bengal,Kolkata
613,2025-07-17,472,Customer 0472,Mouse,Electronics,2,633,15,1076.1,664.04,412.06,West,Maharashtra,Mumbai
614,2023-12-22,491,Customer 0491,Pen,Stationery,16,20,0,320,269.43,50.57,West,Gujarat,Ahmedabad
615,2023-09-07,263,Customer 0263,Monitor,Electronics,16,10857,10,156340.8,96839.58,59501.22,North,Delhi,New Delhi
616,2024-11-03,332,Customer 0332,Laptop,Electronics,3,49668,15,126653.4,80923.56,45729.84,North,Delhi,New Delhi
617,2023-01-24,341,Customer 0341,Chair,Furniture,9,3309,5,28291.95,24225.06,4066.89,East,West Bengal,Kolkata
618,2024-01-17,487,Customer 0487,Notebook,Stationery,12,72,15,734.4,650.28,84.12,Central,Madhya Pradesh,Bhopal
619,2025-09-15,332,Customer 0332,Laptop,Electronics,15,47282,0,709230,554918.28,154311.72,South,Tamil Nadu,Chennai
620,2023-06-25,93,Customer 0093,Pen,Stationery,11,22,0,242,174.7,67.3,East,West Bengal,Kolkata
621,2023-03-03,261,Customer 0261,Mouse,Electronics,16,547,5,8314.4,7159.92,1154.48,West,Maharashtra,Mumbai
622,2025-01-14,39,Customer 0039,Notebook,Stationery,10,79,0,790,542.13,247.87,South,Karnataka,Bengaluru
623,2024-02-12,498,Customer 0498,Keyboard,Electronics,13,1093,5,13498.55,11169.21,2329.34,South,Tamil Nadu,Chennai
624,2025-04-13,170,Customer 0170,Mouse,Electronics,8,555,0,4440,3787.84,652.16,South,Telangana,Hyderabad
625,2023-07-28,480,Customer 0480,Desk,Furniture,16,6472,15,88019.2,58922.01,29097.19,North,Rajasthan,Jaipur
626,2025-12-21,439,Customer 0439,Notebook,Stationery,5,79,10,355.5,289.38,66.12,North,Delhi,New Delhi
627,2023-09-24,223,Customer 0223,Phone,Electronics,5,24558,5,116650.5,77356.34,39294.16,South,Karnataka,Bengaluru
628,2023-11-16,275,Customer 0275,Mouse,Electronics,6,578,5,3294.6,2318.38,976.22,West,Maharashtra,Mumbai
629,2024-10-05,132,Customer 0132,Chair,Furniture,6,3442,10,18586.8,15662.88,2923.92,West,Maharashtra,Mumbai
630,2024-08-18,259,Customer 0259,Printer,Electronics,17,14826,15,214235.7,167655.64,46580.06,West,Maharashtra,Mumbai
631,2025-01-10,260,Customer 0260,Keyboard,Electronics,8,1248,15,8486.4,6274.9,2211.5,West,Maharashtra,Mumbai
632,2024-10-04,98,,Pen,Stationery,20,18,15,306,224.69,81.31,East,West Bengal,Kolkata
633,2025-09-16,138,Customer 0138,Mouse,Electronics,2,548,0,1096,665.77,430.23,South,Karnataka,Bengaluru
634,2024-10-08,445,Customer 0445,Keyboard,Electronics,6,1246,5,7102.2,5910.04,-1192.16,West,Gujarat,Ahmedabad
635,2024-12-24,350,Customer 0350,Phone,Electronics,17,26387,10,403721.1,338883.86,64837.24,North,Rajasthan,Jaipur
636,2025-05-31,4,Customer 0004,Notebook,Stationery,20,78,15,1326,888.45,437.55,Central,Madhya Pradesh,Bhopal
637,2025-04-26,232,Customer 0232,Phone,Electronics,13,25431,5,314072.85,209116.06,104956.79,East,West Bengal,Kolkata
638,2024-09-30,284,Customer 0284,Laptop,Electronics,20,45680,0,913600,800860.16,112739.84,North,Delhi,New Delhi
639,2024-12-03,327,Customer 0327,Phone,Electronics,16,24661,0,394576,309478.45,85097.55,South,Tamil Nadu,Chennai
640,2023-04-02,207,Customer 0207,Printer,Electronics,8,15849,0,126792,112153.97,14638.03,North,Rajasthan,Jaipur
641,2024-05-19,469,Customer 0469,Printer,Electronics,5,15004,0,75020,54693.15,20326.85,South,Telangana,Hyderabad
642,2024-11-13,98,Customer 0098,Laptop,Electronics,10,46670,10,420030,311690.25,108339.75,West,Gujarat,Ahmedabad
643,2023-03-02,482,Customer 0482,Mouse,Electronics,6,550,10,2970,2036.37,933.63,North,Uttar Pradesh,Lucknow
644,2024-05-21,333,Customer 0333,Monitor,Electronics,15,11218,10,151443,90866.8,60576.2,South,Telangana,Hyderabad
645,2024-11-02,81,Customer 0081,Desk,Furniture,6,7623,15,38877.3,26437.69,12439.61,East,West Bengal,Kolkata
646,2024-10-05,17,Customer 0017,Printer,Electronics,9,14047,5,120101.85,90886.63,29215.22,Central,Madhya Pradesh,Bhopal
647,2025-07-05,209,Customer 0209,Pen,Stationery,5,19,5,90.25,59.74,30.51,North,Uttar Pradesh,Lucknow
648,2023-01-09,319,Customer 0319,Monitor,Electronics,16,12548,15,170652.8,148993.71,21659.09,North,Uttar Pradesh,Lucknow
649,2023-08-24,85,Customer 0085,Desk,Furniture,17,6882,15,99444.9,68542.11,30902.79,West,Maharashtra,Mumbai
650,2023-10-15,81,Customer 0081,Pen,Stationery,9,21,5,179.55,114.49,-65.06,North,Rajasthan,Jaipur
651,2025-09-16,172,Customer 0172,Monitor,Electronics,17,11283,0,191811,136173.01,-55637.99,South,Telangana,Hyderabad
652,2023-02-09,272,Customer 0272,Desk,Furniture,11,6878,15,64309.3,40511.57,23797.73,South,Tamil Nadu,Chennai
653,2025-06-07,418,Customer 0418,Desk,Furniture,15,6932,0,103980,67090.12,36889.88,West,Gujarat,Ahmedabad
654,2025-03-19,386,Customer 0386,Laptop,Electronics,18,54728,0,985104,692548.12,292555.88,South,Karnataka,Bengaluru
655,2024-09-26,84,Customer 0084,Printer,Electronics,4,15378,5,58436.4,47845.58,10590.82,South,Telangana,Hyderabad
656,2023-06-04,465,Customer 0465,Notebook,Stationery,19,75,5,1353.75,923.54,430.21,West,Gujarat,Ahmedabad
657,2025-12-17,475,Customer 0475,Mouse,Electronics,11,660,15,6171,4230.58,1940.42,South,Telangana,Hyderabad
658,2025-01-18,282,Customer 0282,Printer,Electronics,6,14752,5,84086.4,63627.53,20458.87,North,Delhi,New Delhi
659,2023-03-03,434,Customer 0434,Desk,Furniture,16,7252,10,104428.8,65656.83,38771.97,West,Maharashtra,Mumbai
660,2024-10-21,142,Customer 0142,Pen,Stationery,5,21,5,99.75,82.36,17.39,South,Tamil Nadu,Chennai
661,2023-03-28,211,Customer 0211,Laptop,Electronics,11,50719,5,530013.55,397254.54,132759.01,North,Rajasthan,Jaipur
662,2025-01-29,134,Customer 0134,Desk,Furniture,4,7154,5,27185.2,18571.93,8613.27,South,Karnataka,Bengaluru
663,2025-07-04,131,Customer 0131,Printer,Electronics,7,13784,0,96488,63415.77,33072.23,South,Tamil Nadu,Chennai
664,2024-12-04,362,Customer 0362,Notebook,Stationery,18,76,0,1368,924.67,443.33,South,Karnataka,Bengaluru
665,2024-04-10,376,Customer 0376,Phone,Electronics,9,25962,10,210292.2,134937.03,75355.17,Central,Madhya Pradesh,Bhopal
666,2023-01-14,299,Customer 0299,Laptop,Electronics,18,48688,5,832564.8,715925.23,116639.57,South,Tamil Nadu,Chennai
667,2024-09-22,88,Customer 0088,Notebook,Stationery,11,79,0,869,752.6,116.4,South,Tamil Nadu,Chennai
668,2024-04-14,105,Customer 0105,Phone,Electronics,18,26217,5,448310.7,304844.36,143466.34,North,Delhi,New Delhi
669,2025-11-22,213,Customer 0213,Laptop,Electronics,5,50137,10,225616.5,203023.43,22593.07,North,Uttar Pradesh,Lucknow
670,2023-06-15,44,Customer 0044,Notebook,Stationery,20,88,15,1496,1342.51,153.49,West,Gujarat,Ahmedabad
671,2024-06-23,294,Customer 0294,Keyboard,Electronics,5,1140,10,5130,4220.77,909.23,North,Rajasthan,Jaipur
672,2023-10-25,112,Customer 0112,Mouse,Electronics,4,577,5,2192.6,1651.35,541.25,West,Gujarat,Ahmedabad
673,2025-06-29,306,Customer 0306,Monitor,Electronics,18,11669,0,210042,133784.52,76257.48,Central,Madhya Pradesh,Bhopal
674,2024-11-02,266,Customer 0266,Mouse,Electronics,6,573,0,3438,2359,1079,South,Karnataka,Bengaluru
675,2025-12-08,315,Customer 0315,Laptop,Electronics,1,48365,5,45946.75,36372.03,-9574.72,East,West Bengal,Kolkata
676,2024-10-20,235,Customer 0235,Notebook,Stationery,20,76,0,1520,977,543,North,Delhi,New Delhi
677,2024-03-10,161,Customer 0161,Monitor,Electronics,4,13153,15,44720.2,32590.44,12129.76,West,Gujarat,Ahmedabad
678,2025-07-28,33,Customer 0033,Mouse,Electronics,5,559,10,2515.5,1762.3,753.2,South,Telangana,Hyderabad
679,2023-03-16,165,Customer 0165,Printer,Electronics,12,14032,5,159964.8,117729.65,42235.15,East,West Bengal,Kolkata
680,2024-05-29,461,Customer 0461,Laptop,Electronics,15,54720,10,738720,506500.6,232219.4,North,Rajasthan,Jaipur
681,2024-09-24,194,Customer 0194,Chair,Furniture,1,3496,5,3321.2,2887.6,433.6,North,Rajasthan,Jaipur
682,2023-02-12,470,Customer 0470,Keyboard,Electronics,14,1306,15,15541.4,9604.39,5937.01,Central,Madhya Pradesh,Bhopal
683,2025-11-22,477,Customer 0477,Keyboard,Electronics,20,1189,10,21402,18748.51,2653.49,West,Gujarat,Ahmedabad
684,2023-12-19,237,Customer 0237,Laptop,Electronics,20,53713,15,913121,715414.23,197706.77,North,Rajasthan,Jaipur
685,2024-08-17,324,Customer 0324,Keyboard,Electronics,3,1088,15,2774.4,2291.26,483.14,South,Karnataka,Bengaluru
686,2023-01-02,179,Customer 0179,Keyboard,Electronics,12,1093,15,11148.6,7126.45,4022.15,South,Karnataka,Bengaluru
687,2023-03-19,122,Customer 0122,Pen,Stationery,1,20,5,19,12.22,6.78,Central,Madhya Pradesh,Bhopal
688,2024-11-07,63,Customer 0063,Chair,Furniture,10,3637,10,32733,28623.05,4109.95,South,Tamil Nadu,Chennai
689,2024-01-24,234,Customer 0234,Pen,Stationery,19,22,0,418,297.69,120.31,Central,Madhya Pradesh,Bhopal
690,2024-12-31,436,Customer 0436,Monitor,Electronics,12,11690,15,119238,90411.66,28826.34,South,Karnataka,Bengaluru
691,2025-05-02,325,Customer 0325,Phone,Electronics,13,26172,5,323224.2,244514.5,78709.7,South,Karnataka,Bengaluru
692,2025-01-19,342,Customer 0342,Chair,Furniture,16,3805,0,60880,49816.48,11063.52,South,Tamil Nadu,Chennai
693,2024-01-21,402,Customer 0402,Chair,Furniture,12,3701,15,37750.2,31565.46,6184.74,North,Delhi,New Delhi
694,2024-09-29,104,Customer 0104,Printer,Electronics,7,14080,10,88704,69211.75,19492.25,South,Tamil Nadu,Chennai
695,2024-11-09,219,Customer 0219,Printer,Electronics,11,14894,15,139258.9,110952.02,28306.88,East,West Bengal,Kolkata
696,2025-05-21,441,Customer 0441,Notebook,Stationery,16,78,15,1060.8,852.47,208.33,West,Maharashtra,Mumbai
697,2025-05-02,359,Customer 0359,Mouse,Electronics,13,541,5,6681.35,4017.84,2663.51,North,Uttar Pradesh,Lucknow
698,2023-12-20,144,Customer 0144,Desk,Furniture,11,6391,5,66785.95,54245.27,12540.68,North,Uttar Pradesh,Lucknow
699,2024-08-20,426,Customer 0426,Laptop,Electronics,8,48194,10,346996.8,234649.47,112347.33,North,Rajasthan,Jaipur
700,2025-11-29,56,Customer 0056,Printer,Electronics,12,14314,5,163179.6,115015.16,48164.44,North,Rajasthan,Jaipur
701,2023-01-25,165,Customer 0165,Printer,Electronics,18,15083,15,230769.9,165920.24,64849.66,West,Maharashtra,Mumbai
702,2024-12-28,52,Customer 0052,Phone,Electronics,6,25288,5,144141.6,98124.93,46016.67,South,Karnataka,Bengaluru
703,2024-01-16,431,Customer 0431,Notebook,Stationery,3,82,10,221.4,165.74,55.66,North,Rajasthan,Jaipur
704,2023-03-22,269,Customer 0269,Notebook,Stationery,9,79,5,675.45,598.64,76.81,North,Delhi,New Delhi
705,2024-01-02,298,Customer 0298,Laptop,Electronics,2,46433,15,78936.1,56272.91,-22663.19,East,West Bengal,Kolkata
706,2024-08-24,175,Customer 0175,Monitor,Electronics,13,11018,15,121748.9,80223.5,41525.4,South,Karnataka,Bengaluru
707,2025-07-01,15,Customer 0015,Pen,Stationery,16,22,15,299.2,185.86,113.34,North,Rajasthan,Jaipur
708,2024-11-27,53,Customer 0053,Keyboard,Electronics,5,1295,10,5827.5,4531.57,1295.93,South,Tamil Nadu,Chennai
709,2023-11-22,375,Customer 0375,Monitor,Electronics,14,12547,15,149309.3,130916.52,18392.78,Central,Madhya Pradesh,Bhopal
710,2023-07-21,365,Customer 0365,Notebook,Stationery,6,79,15,402.9,354.81,48.09,North,Rajasthan,Jaipur
711,2025-11-11,169,Customer 0169,Phone,Electronics,9,25287,0,227583,180303.34,47279.66,West,Maharashtra,Mumbai
712,2023-09-30,342,Customer 0342,Desk,Furniture,13,6727,0,87451,62881.7,24569.3,North,Uttar Pradesh,Lucknow
713,2024-11-16,234,Customer 0234,Notebook,Stationery,17,81,0,1377,1234.3,142.7,East,West Bengal,Kolkata
714,2025-02-15,463,Customer 0463,Notebook,Stationery,14,87,5,1157.1,946.97,210.13,North,Rajasthan,Jaipur
715,2023-09-01,256,,Phone,Electronics,3,27290,0,81870,56954.6,24915.4,South,Karnataka,Bengaluru
716,2025-06-16,365,Customer 0365,Chair,Furniture,20,3329,5,63251,43415.97,19835.03,South,Tamil Nadu,Chennai
717,2025-03-25,21,Customer 0021,Phone,Electronics,16,25936,15,352729.6,255171.65,97557.95,North,Uttar Pradesh,Lucknow
718,2025-07-30,209,Customer 0209,Pen,Stationery,1,21,5,19.95,17.4,2.55,West,Gujarat,Ahmedabad
719,2024-12-25,293,Customer 0293,Monitor,Electronics,20,12556,0,251120,162933.15,88186.85,Central,Madhya Pradesh,Bhopal
720,2024-11-17,377,Customer 0377,Notebook,Stationery,6,78,0,468,337.19,130.81,South,Karnataka,Bengaluru
721,2023-09-17,151,Customer 0151,Keyboard,Electronics,6,1225,15,6247.5,3764.2,2483.3,South,Tamil Nadu,Chennai
722,2025-02-07,17,Customer 0017,Laptop,Electronics,8,49980,0,399840,305485.99,94354.01,East,West Bengal,Kolkata
723,2023-05-08,72,Customer 0072,Desk,Furniture,17,6997,10,107054.1,70580.4,36473.7,Central,Madhya Pradesh,Bhopal
724,2024-07-06,273,Customer 0273,Desk,Furniture,10,7305,5,69397.5,46213.33,23184.17,West,Maharashtra,Mumbai
725,2025-08-06,182,Customer 0182,Mouse,Electronics,19,598,15,9657.7,7583.44,2074.26,North,Uttar Pradesh,Lucknow
726,2023-12-28,325,Customer 0325,Notebook,Stationery,4,81,5,307.8,196.24,111.56,Central,Madhya Pradesh,Bhopal
727,2025-07-31,342,Customer 0342,Printer,Electronics,20,14598,10,262764,190316.67,72447.33,West,Maharashtra,Mumbai
728,2025-02-23,279,Customer 0279,Phone,Electronics,1,24703,10,22232.7,19093.73,3138.97,South,Telangana,Hyderabad
729,2024-05-15,456,Customer 0456,Laptop,Electronics,14,49615,0,694610,605380.93,89229.07,South,Telangana,Hyderabad
730,2024-08-14,499,Customer 0499,Pen,Stationery,8,18,0,144,91.48,52.52,North,Delhi,New Delhi
731,2023-08-06,177,Customer 0177,Pen,Stationery,12,18,5,205.2,166.46,38.74,South,Karnataka,Bengaluru
732,2024-10-06,482,Customer 0482,Mouse,Electronics,8,624,10,4492.8,3996.48,496.32,East,West Bengal,Kolkata
733,2025-01-17,311,Customer 0311,Laptop,Electronics,5,54373,15,231085.25,168301.4,-62783.85,North,Delhi,New Delhi
734,2024-05-12,219,Customer 0219,Notebook,Stationery,2,77,5,146.3,100.14,46.16,West,Gujarat,Ahmedabad
735,2024-03-06,433,Customer 0433,Printer,Electronics,3,14414,10,38917.8,24329.78,14588.02,North,Rajasthan,Jaipur
736,2023-08-28,131,Customer 0131,Keyboard,Electronics,9,1152,5,9849.6,8479.41,1370.19,West,Gujarat,Ahmedabad
737,2025-12-08,432,Customer 0432,Desk,Furniture,10,7088,5,67336,51216.14,16119.86,East,West Bengal,Kolkata
738,2023-05-23,12,Customer 0012,Desk,Furniture,15,6565,10,88627.5,70399.17,18228.33,West,Gujarat,Ahmedabad
739,2024-05-20,320,Customer 0320,Laptop,Electronics,10,45443,10,408987,286241.73,122745.27,North,Uttar Pradesh,Lucknow
740,2024-07-24,108,Customer 0108,Notebook,Stationery,3,86,15,219.3,170.45,48.85,Central,Madhya Pradesh,Bhopal
741,2024-07-26,169,Customer 0169,Laptop,Electronics,9,48275,15,369303.75,242814.53,126489.22,North,Rajasthan,Jaipur
742,2023-10-18,336,Customer 0336,Pen,Stationery,11,19,10,188.1,166.13,21.97,North,Rajasthan,Jaipur
743,2025-06-06,329,Customer 0329,Phone,Electronics,20,24228,10,436104,356565.01,79538.99,South,Tamil Nadu,Chennai
744,2023-02-19,330,Customer 0330,Keyboard,Electronics,17,1263,15,18250.35,15059.6,3190.75,North,Uttar Pradesh,Lucknow
745,2023-08-29,224,Customer 0224,Keyboard,Electronics,2,1181,15,2007.7,1531.89,475.81,North,Delhi,New Delhi
746,2023-11-20,107,Customer 0107,Monitor,Electronics,8,12536,0,100288,75481.67,24806.33,South,Telangana,
747,2024-07-08,45,Customer 0045,Phone,Electronics,3,22818,0,68454,43910.03,24543.97,West,Gujarat,Ahmedabad
748,2023-05-31,33,Customer 0033,Monitor,Electronics,2,12476,10,22456.8,14469.15,7987.65,East,West Bengal,Kolkata
749,2024-06-22,242,Customer 0242,Printer,Electronics,7,14824,5,98579.6,69352.34,29227.26,South,Telangana,Hyderabad
750,2023-09-18,299,Customer 0299,Keyboard,Electronics,14,1187,10,14956.2,11549.7,3406.5,East,West Bengal,Kolkata
751,2024-11-24,428,Customer 0428,Printer,Electronics,10,13945,5,132477.5,98368.01,34109.49,South,Telangana,Hyderabad
752,2024-07-25,190,Customer 0190,Chair,Furniture,19,3469,10,59319.9,49815.13,9504.77,South,Tamil Nadu,Chennai
753,2025-11-07,91,Customer 0091,Mouse,Electronics,1,645,10,580.5,431.23,149.27,South,Karnataka,Bengaluru
754,2024-09-05,2,Customer 0002,Monitor,Electronics,19,12607,0,239533,169397.95,70135.05,South,Tamil Nadu,Chennai
755,2024-07-14,185,Customer 0185,Printer,Electronics,1,15999,15,13599.15,10762.96,2836.19,South,Tamil Nadu,Chennai
756,2025-02-05,284,Customer 0284,Laptop,Electronics,20,46898,5,891062,787802.22,103259.78,South,Telangana,Hyderabad
757,2024-05-31,441,Customer 0441,Monitor,Electronics,19,11707,5,211311.35,167616.92,43694.43,East,West Bengal,Kolkata
758,2024-12-13,195,Customer 0195,Pen,Stationery,16,18,0,288,175.76,112.24,South,Karnataka,Bengaluru
759,2023-06-08,286,Customer 0286,Notebook,Stationery,4,78,10,280.8,170.97,109.83,West,Gujarat,Ahmedabad
760,2024-02-01,434,Customer 0434,Monitor,Electronics,2,12924,0,25848,19444.22,6403.78,West,Gujarat,Ahmedabad
761,2023-10-11,228,Customer 0228,Desk,Furniture,11,6652,0,73172,55351.37,17820.63,South,Telangana,Hyderabad
762,2025-03-18,151,Customer 0151,Printer,Electronics,8,16171,0,129368,99702.58,29665.42,South,Karnataka,Bengaluru
763,2024-10-15,302,Customer 0302,Notebook,Stationery,10,76,5,722,528.89,193.11,West,Maharashtra,Mumbai
764,2023-05-05,96,Customer 0096,Desk,Furniture,8,6890,10,49608,44583.76,5024.24,North,Uttar Pradesh,Lucknow
765,2024-12-24,375,Customer 0375,Phone,Electronics,14,24031,0,336434,225442.81,110991.19,South,Tamil Nadu,Chennai
766,2023-01-03,368,Customer 0368,Keyboard,Electronics,19,1189,5,21461.45,13067.48,8393.97,South,Telangana,Hyderabad
767,2024-05-24,387,Customer 0387,Notebook,Stationery,19,72,10,1231.2,994.12,237.08,South,Karnataka,Bengaluru
768,2025-12-06,246,Customer 0246,Chair,Furniture,18,3469,15,53075.7,36223.85,16851.85,South,Telangana,Hyderabad
769,2023-11-27,54,Customer 0054,Monitor,Electronics,15,12108,5,172539,114149.05,58389.95,East,West Bengal,Kolkata
770,2023-03-15,390,Customer 0390,Chair,Furniture,11,3448,15,32238.8,24002.9,8235.9,South,Karnataka,Bengaluru
771,2025-08-26,148,Customer 0148,Phone,Electronics,13,25938,10,303474.6,224888.34,78586.26,West,Gujarat,Ahmedabad
772,2024-04-08,180,Customer 0180,Monitor,Electronics,11,12702,0,139722,103225.98,36496.02,South,Telangana,Hyderabad
773,2023-05-02,315,Customer 0315,Desk,Furniture,1,7471,10,6723.9,5527.76,1196.14,North,Uttar Pradesh,
774,2023-01-29,96,Customer 0096,Laptop,Electronics,18,45128,15,690458.4,516767.52,173690.88,South,Tamil Nadu,Chennai
775,2024-05-29,27,Customer 0027,Notebook,Stationery,8,87,0,696,436.44,259.56,South,Karnataka,Bengaluru
776,2023-07-03,279,Customer 0279,Phone,Electronics,12,22969,5,261846.6,176374.17,85472.43,Central,Madhya Pradesh,Bhopal
777,2024-08-18,63,Customer 0063,Notebook,Stationery,17,86,5,1388.9,954.19,434.71,South,Tamil Nadu,Chennai
778,2023-03-29,109,Customer 0109,Keyboard,Electronics,19,1210,5,21840.5,16885.58,4954.92,East,West Bengal,Kolkata
779,2023-07-08,481,Customer 0481,Phone,Electronics,2,23920,10,43056,33866.43,-9189.57,Central,Madhya Pradesh,Bhopal
780,2025-08-23,240,Customer 0240,Monitor,Electronics,9,11138,0,100242,74284.49,25957.51,East,West Bengal,Kolkata
781,2024-11-06,324,Customer 0324,Monitor,Electronics,17,11641,15,168212.45,135800.28,32412.17,West,Gujarat,Ahmedabad
782,2024-10-13,319,Customer 0319,Notebook,Stationery,12,87,0,1044,847.64,196.36,North,Rajasthan,Jaipur
783,2023-08-08,270,Customer 0270,Laptop,Electronics,6,52971,15,270152.1,239921.85,30230.25,North,Delhi,New Delhi
784,2025-12-13,354,Customer 0354,Mouse,Electronics,7,633,10,3987.9,2566.22,1421.68,South,Karnataka,Bengaluru
785,2025-09-23,305,Customer 0305,Printer,Electronics,8,14623,0,116984,78631.68,38352.32,North,Rajasthan,Jaipur
786,2024-01-15,414,Customer 0414,Printer,Electronics,15,14650,5,208762.5,162000.07,46762.43,West,Gujarat,Ahmedabad
787,2023-03-21,68,Customer 0068,Keyboard,Electronics,16,1144,10,16473.6,12318.23,4155.37,South,Tamil Nadu,Chennai
788,2024-08-16,103,Customer 0103,Keyboard,Electronics,4,1318,0,5272,4130.98,1141.02,South,Tamil Nadu,Chennai
789,2024-12-15,384,Customer 0384,Monitor,Electronics,2,12389,15,21061.3,14176.39,6884.91,North,Rajasthan,Jaipur
790,2025-11-11,187,Customer 0187,Laptop,Electronics,18,54322,5,928906.2,710257.52,218648.68,East,West Bengal,Kolkata
791,2024-01-04,379,Customer 0379,Notebook,Stationery,17,83,0,1411,1202.45,208.55,East,West Bengal,Kolkata
792,2024-05-27,117,Customer 0117,Desk,Furniture,2,7319,0,14638,9914.59,4723.41,North,Rajasthan,Jaipur
793,2025-10-11,280,Customer 0280,Laptop,Electronics,18,46665,15,713974.5,529180.23,184794.27,South,Karnataka,Bengaluru
794,2024-07-29,441,Customer 0441,Pen,Stationery,15,20,15,255,170.33,84.67,East,West Bengal,Kolkata
795,2025-03-17,312,Customer 0312,Monitor,Electronics,20,11806,15,200702,156718.85,43983.15,South,Karnataka,Bengaluru
796,2023-07-10,358,Customer 0358,Desk,Furniture,7,6333,0,44331,28859.08,15471.92,West,Gujarat,Ahmedabad
797,2025-04-27,417,Customer 0417,Printer,Electronics,12,15963,5,181978.2,111664.58,-70313.62,South,Telangana,Hyderabad
798,2025-08-15,213,Customer 0213,Desk,Furniture,16,6888,15,93676.8,57770.24,35906.56,North,Delhi,New Delhi
799,2023-03-29,125,Customer 0125,Keyboard,Electronics,19,1203,0,22857,19738.6,3118.4,West,Maharashtra,Mumbai
800,2025-06-23,87,Customer 0087,Pen,Stationery,8,18,5,136.8,94.98,41.82,North,Uttar Pradesh,Lucknow
801,2024-10-09,52,Customer 0052,Keyboard,Electronics,9,1155,10,9355.5,7672.59,1682.91,Central,Madhya Pradesh,Bhopal
802,2023-07-10,95,Customer 0095,Printer,Electronics,19,14159,5,255569.95,156398.92,99171.03,North,Delhi,New Delhi
803,2024-06-03,446,Customer 0446,Mouse,Electronics,17,592,0,10064,7547,2517,South,Tamil Nadu,Chennai
804,2023-03-02,464,Customer 0464,Keyboard,Electronics,14,1152,10,14515.2,9060.36,5454.84,South,Telangana,Hyderabad
805,2025-11-17,329,Customer 0329,Keyboard,Electronics,3,1147,15,2924.85,2145,779.85,East,West Bengal,Kolkata
806,2024-11-14,107,Customer 0107,Notebook,Stationery,19,76,10,1299.6,930.73,368.87,Central,Madhya Pradesh,Bhopal
807,2023-09-27,194,Customer 0194,Printer,Electronics,9,14628,15,111904.2,77572.7,34331.5,West,Maharashtra,Mumbai
808,2024-08-19,383,Customer 0383,Monitor,Electronics,11,11058,15,103392.3,70273.97,33118.33,West,Gujarat,Ahmedabad
809,2025-02-20,339,Customer 0339,Laptop,Electronics,14,48709,0,681926,435335.96,246590.04,East,West Bengal,Kolkata
810,2023-10-23,82,Customer 0082,Desk,Furniture,6,7327,5,41763.9,30612.03,11151.87,North,Delhi,New Delhi
811,2025-08-04,458,Customer 0458,Phone,Electronics,7,24116,10,151930.8,105873.01,46057.79,South,Karnataka,Bengaluru
812,2024-03-02,180,Customer 0180,Notebook,Stationery,12,77,0,924,746.09,177.91,North,Rajasthan,Jaipur
813,2025-05-06,206,Customer 0206,Chair,Furniture,1,3578,10,3220.2,2772.58,447.62,North,Uttar Pradesh,Lucknow
814,2025-06-22,496,Customer 0496,Mouse,Electronics,19,553,0,10507,7008.68,3498.32,South,Tamil Nadu,Chennai
815,2025-09-24,312,Customer 0312,Pen,Stationery,9,19,10,153.9,92.7,61.2,Central,Madhya Pradesh,Bhopal
816,2023-06-19,342,Customer 0342,Chair,Furniture,10,3449,10,31041,26630.17,4410.83,South,Karnataka,
817,2024-06-01,366,Customer 0366,Monitor,Electronics,1,12376,15,10519.6,6552.01,3967.59,East,West Bengal,Kolkata
818,2024-06-30,72,Customer 0072,Keyboard,Electronics,19,1286,5,23212.3,18517.67,4694.63,Central,Madhya Pradesh,Bhopal
819,2024-04-18,442,Customer 0442,Laptop,Electronics,9,51455,5,439940.25,323300.43,116639.82,North,Delhi,New Delhi
820,2025-12-15,386,Customer 0386,Mouse,Electronics,15,604,5,8607,7098.09,1508.91,South,Karnataka,Bengaluru
821,2024-04-19,393,Customer 0393,Phone,Electronics,10,22613,15,192210.5,157065.85,35144.65,South,Tamil Nadu,Chennai
822,2023-02-24,318,Customer 0318,Phone,Electronics,19,24867,5,448849.35,334140.05,114709.3,North,Rajasthan,Jaipur
823,2023-11-21,151,Customer 0151,Mouse,Electronics,13,598,0,7774,5762.54,2011.46,South,Tamil Nadu,Chennai
824,2025-11-06,322,Customer 0322,Chair,Furniture,9,3399,5,29061.45,19464.09,9597.36,North,Delhi,New Delhi
825,2023-07-13,19,Customer 0019,Keyboard,Electronics,4,1237,5,4700.6,3623.97,1076.63,Central,Madhya Pradesh,Bhopal
826,2025-07-15,105,Customer 0105,Phone,Electronics,6,23763,5,135449.1,85184.56,50264.54,South,Tamil Nadu,Chennai
827,2023-01-22,98,Customer 0098,Laptop,Electronics,4,47261,0,189044,163473.07,25570.93,Central,Madhya Pradesh,Bhopal
828,2025-09-09,318,Customer 0318,Phone,Electronics,13,26536,5,327719.6,226079.72,-101639.88,West,Maharashtra,Mumbai
829,2023-02-11,418,Customer 0418,Monitor,Electronics,17,11335,0,192695,127777.38,64917.62,West,Gujarat,Ahmedabad
830,2024-03-16,218,Customer 0218,Monitor,Electronics,6,12715,10,68661,44785.17,23875.83,South,Karnataka,Bengaluru
831,2023-02-26,154,Customer 0154,Desk,Furniture,2,6815,10,12267,7775.47,4491.53,West,Gujarat,Ahmedabad
832,2023-09-06,346,Customer 0346,Phone,Electronics,9,23499,15,179767.35,121865.62,57901.73,North,Uttar Pradesh,Lucknow
833,2025-04-12,432,Customer 0432,Chair,Furniture,19,3589,0,68191,43104.92,25086.08,West,Gujarat,Ahmedabad
834,2023-11-05,366,Customer 0366,Chair,Furniture,20,3716,10,66888,42143.51,24744.49,East,West Bengal,Kolkata
835,2025-08-27,451,Customer 0451,Notebook,Stationery,7,74,15,440.3,300.34,139.96,North,Uttar Pradesh,Lucknow
836,2025-01-18,130,Customer 0130,Chair,Furniture,15,3328,15,42432,35373.35,7058.65,North,Delhi,New Delhi
837,2024-09-08,397,Customer 0397,Mouse,Electronics,12,636,0,7632,6330.04,1301.96,North,Uttar Pradesh,Lucknow
838,2023-04-24,105,Customer 0105,Desk,Furniture,19,6981,10,119375.1,101212.81,18162.29,Central,Madhya Pradesh,Bhopal
839,2025-07-15,237,Customer 0237,Chair,Furniture,20,3829,15,65093,56012.56,9080.44,South,Tamil Nadu,Chennai
840,2024-04-06,459,Customer 0459,Printer,Electronics,10,14333,15,121830.5,93225.4,28605.1,North,Delhi,New Delhi
841,2025-12-28,200,Customer 0200,Chair,Furniture,9,3612,10,29257.2,21476.71,7780.49,Central,Madhya Pradesh,Bhopal
842,2025-08-19,94,Customer 0094,Laptop,Electronics,6,47731,0,286386,192759.79,93626.21,North,Uttar Pradesh,Lucknow
843,2023-01-27,342,Customer 0342,Desk,Furniture,15,7139,0,107085,93867.46,13217.54,West,Gujarat,Ahmedabad
844,2023-07-28,374,Customer 0374,Mouse,Electronics,12,629,0,7548,5871.63,1676.37,North,Delhi,New Delhi
845,2023-06-20,6,Customer 0006,Desk,Furniture,16,7109,0,113744,91629.61,22114.39,West,Maharashtra,Mumbai
846,2023-01-31,300,Customer 0300,Keyboard,Electronics,10,1191,0,11910,7847.81,4062.19,North,Delhi,New Delhi
847,2025-03-22,62,Customer 0062,Phone,Electronics,6,26883,0,161298,130962.4,30335.6,West,Maharashtra,Mumbai
848,2025-09-24,365,Customer 0365,Pen,Stationery,13,19,5,234.65,157.06,77.59,North,Uttar Pradesh,Lucknow
849,2023-11-11,485,Customer 0485,Phone,Electronics,11,24720,15,231132,185353.5,45778.5,South,Tamil Nadu,Chennai
850,2024-10-19,250,Customer 0250,Phone,Electronics,4,24762,15,84190.8,50844.11,33346.69,West,Maharashtra,Mumbai
851,2023-08-10,478,Customer 0478,Keyboard,Electronics,18,1090,10,17658,13921.8,3736.2,South,Karnataka,Bengaluru
852,2025-11-29,363,Customer 0363,Printer,Electronics,18,16049,10,259993.8,196521.25,63472.55,South,Karnataka,Bengaluru
853,2023-10-10,357,Customer 0357,Laptop,Electronics,7,48861,0,342027,276600.61,-65426.39,West,Gujarat,Ahmedabad
854,2024-06-29,388,Customer 0388,Mouse,Electronics,7,583,5,3876.95,2441.67,1435.28,North,Rajasthan,Jaipur
855,2024-09-18,405,Customer 0405,Pen,Stationery,1,19,5,18.05,16.07,1.98,East,West Bengal,Kolkata
856,2023-01-24,358,Customer 0358,Chair,Furniture,14,3803,0,53242,43843.75,9398.25,West,Gujarat,Ahmedabad
857,2025-08-17,252,Customer 0252,Keyboard,Electronics,8,1105,15,7514,6030.17,1483.83,Central,Madhya Pradesh,Bhopal
858,2025-04-20,312,Customer 0312,Printer,Electronics,15,14884,15,189771,136689.97,53081.03,South,Karnataka,Bengaluru
859,2024-08-09,230,Customer 0230,Notebook,Stationery,2,87,10,156.6,115.6,41,Central,Madhya Pradesh,Bhopal
860,2024-04-18,80,Customer 0080,Printer,Electronics,10,13793,0,137930,94584.24,43345.76,South,Karnataka,Bengaluru
861,2025-09-12,281,Customer 0281,Laptop,Electronics,17,48801,0,829617,695713.69,133903.31,East,West Bengal,Kolkata
862,2024-08-08,258,Customer 0258,Mouse,Electronics,3,636,15,1621.8,1061.96,559.84,East,West Bengal,Kolkata
863,2023-02-12,228,Customer 0228,Laptop,Electronics,9,46540,5,397917,247400.82,150516.18,East,West Bengal,Kolkata
864,2024-01-03,277,Customer 0277,Pen,Stationery,8,20,5,152,95.21,56.79,West,Maharashtra,Mumbai
865,2023-07-13,129,Customer 0129,Notebook,Stationery,14,87,10,1096.2,821.03,275.17,North,Delhi,New Delhi
866,2024-01-07,489,Customer 0489,Mouse,Electronics,20,614,15,10438,6406.4,4031.6,West,Gujarat,Ahmedabad
867,2024-01-05,139,Customer 0139,Printer,Electronics,12,15144,0,181728,158974.16,22753.84,North,Uttar Pradesh,Lucknow
868,2023-11-20,297,Customer 0297,Phone,Electronics,6,25842,15,131794.2,112950.31,18843.89,South,Telangana,Hyderabad
869,2023-05-12,346,Customer 0346,Notebook,Stationery,18,80,5,1368,920.85,447.15,East,West Bengal,Kolkata
870,2023-01-05,307,Customer 0307,Notebook,Stationery,20,74,0,1480,1000.09,479.91,South,Karnataka,Bengaluru
871,2023-12-10,323,Customer 0323,Notebook,Stationery,9,86,10,696.6,520.89,175.71,Central,Madhya Pradesh,Bhopal
872,2023-12-02,461,Customer 0461,Chair,Furniture,16,3428,15,46620.8,41344.25,5276.55,Central,Madhya Pradesh,Bhopal
873,2024-12-08,134,Customer 0134,Phone,Electronics,4,22547,5,85678.6,61865.43,23813.17,West,Maharashtra,Mumbai
874,2023-05-03,43,Customer 0043,Laptop,Electronics,7,52347,0,366429,322739.72,43689.28,North,Rajasthan,Jaipur
875,2023-05-20,434,Customer 0434,Phone,Electronics,19,26721,15,431544.15,284145.45,147398.7,West,Gujarat,Ahmedabad
876,2023-03-27,317,Customer 0317,Keyboard,Electronics,14,1085,0,15190,9171.96,6018.04,South,Karnataka,Bengaluru
877,2025-02-04,111,Customer 0111,Pen,Stationery,2,20,10,36,30.4,5.6,East,West Bengal,Kolkata
878,2024-09-11,300,Customer 0300,Mouse,Electronics,15,622,10,8397,5538.11,2858.89,South,Tamil Nadu,Chennai
879,2025-12-04,302,Customer 0302,Laptop,Electronics,14,52467,15,624357.3,538903.13,85454.17,South,Tamil Nadu,Chennai
880,2023-08-16,387,Customer 0387,Laptop,Electronics,16,45009,0,720144,560671.05,159472.95,South,Karnataka,Bengaluru
881,2025-04-16,245,Customer 0245,Monitor,Electronics,9,13028,10,105526.8,77531.77,27995.03,West,Maharashtra,Mumbai
882,2024-12-17,49,Customer 0049,Laptop,Electronics,16,45790,15,622744,492839.59,129904.41,North,Uttar Pradesh,Lucknow
883,2023-09-23,194,Customer 0194,Keyboard,Electronics,2,1139,0,2278,1938.55,339.45,East,West Bengal,Kolkata
884,2025-07-12,2,Customer 0002,Phone,Electronics,3,23561,5,67148.85,42920.73,-24228.12,East,West Bengal,Kolkata
885,2023-09-29,8,Customer 0008,Keyboard,Electronics,7,1174,5,7807.1,5814.48,1992.62,North,Rajasthan,Jaipur
886,2024-01-21,138,Customer 0138,Pen,Stationery,8,20,15,136,110.81,25.19,West,Gujarat,Ahmedabad
887,2025-04-22,270,Customer 0270,Mouse,Electronics,11,660,15,6171,3886.72,2284.28,West,Gujarat,Ahmedabad
888,2025-05-18,236,Customer 0236,Phone,Electronics,17,25753,10,394020.9,320418.05,73602.85,East,West Bengal,Kolkata
889,2023-04-07,355,Customer 0355,Phone,Electronics,12,26429,5,301290.6,228009.57,73281.03,East,West Bengal,Kolkata
890,2024-12-31,107,Customer 0107,Notebook,Stationery,17,77,5,1243.55,934.82,308.73,South,Telangana,Hyderabad
891,2023-06-11,314,Customer 0314,Notebook,Stationery,7,82,0,574,428.02,145.98,South,Karnataka,Bengaluru
892,2024-09-05,134,Customer 0134,Monitor,Electronics,11,12599,10,124730.1,93962.25,30767.85,South,Tamil Nadu,Chennai
893,2025-08-19,24,Customer 0024,Pen,Stationery,12,22,10,237.6,212.99,24.61,West,Gujarat,Ahmedabad
894,2023-05-17,60,Customer 0060,Desk,Furniture,13,7150,15,79007.5,52337.78,26669.72,North,Delhi,New Delhi
895,2024-02-23,367,Customer 0367,Keyboard,Electronics,10,1134,15,9639,6802.88,2836.12,North,Delhi,New Delhi
896,2024-05-30,236,Customer 0236,Laptop,Electronics,19,47018,5,848674.9,696022.57,152652.33,West,Gujarat,Ahmedabad
897,2025-09-16,177,Customer 0177,Desk,Furniture,19,7110,0,135090,101290.2,33799.8,South,Karnataka,Bengaluru
898,2023-10-19,270,Customer 0270,Desk,Furniture,17,6878,0,116926,74134.63,42791.37,West,Gujarat,Ahmedabad
899,2024-02-13,348,Customer 0348,Keyboard,Electronics,6,1191,10,6431.4,4024.42,2406.98,North,Delhi,New Delhi
900,2024-08-25,159,Customer 0159,Keyboard,Electronics,2,1309,5,2487.1,1506.46,980.64,North,Rajasthan,Jaipur
901,2025-08-18,149,Customer 0149,Pen,Stationery,10,20,10,180,139.71,-40.29,North,Uttar Pradesh,Lucknow
902,2024-10-06,52,Customer 0052,Pen,Stationery,7,20,15,119,92.1,26.9,South,Tamil Nadu,Chennai
903,2025-04-13,254,Customer 0254,Monitor,Electronics,7,11025,10,69457.5,50994.35,18463.15,West,Maharashtra,Mumbai
904,2023-11-29,270,Customer 0270,Mouse,Electronics,10,587,15,4989.5,4199.78,789.72,North,Delhi,New Delhi
905,2023-12-22,77,Customer 0077,Phone,Electronics,16,26537,15,360903.2,315086.24,45816.96,South,Tamil Nadu,Chennai
906,2025-09-18,235,Customer 0235,Pen,Stationery,13,20,5,247,218.17,28.83,North,Rajasthan,Jaipur
907,2024-08-27,238,Customer 0238,Keyboard,Electronics,8,1081,5,8215.6,6828.67,1386.93,South,Tamil Nadu,Chennai
908,2023-07-20,454,Customer 0454,Monitor,Electronics,2,11071,0,22142,19096.69,3045.31,North,Uttar Pradesh,Lucknow
909,2024-07-12,193,Customer 0193,Keyboard,Electronics,17,1157,0,19669,13119.93,6549.07,North,Uttar Pradesh,Lucknow
910,2023-04-30,272,Customer 0272,Mouse,Electronics,19,642,0,12198,7756.19,4441.81,North,Uttar Pradesh,Lucknow
911,2024-12-28,270,Customer 0270,Keyboard,Electronics,15,1208,0,18120,11289.09,6830.91,North,Rajasthan,Jaipur
912,2024-01-29,412,Customer 0412,Printer,Electronics,20,15845,10,285210,235883.12,49326.88,East,West Bengal,Kolkata
913,2024-05-22,450,Customer 0450,Laptop,Electronics,5,51507,10,231781.5,149316.4,82465.1,North,Delhi,New Delhi
914,2024-07-09,33,Customer 0033,Mouse,Electronics,1,650,0,650,442.64,207.36,East,West Bengal,Kolkata
915,2023-11-27,74,Customer 0074,Phone,Electronics,2,25671,10,46207.8,38800.77,7407.03,West,Gujarat,Ahmedabad
916,2025-07-08,431,Customer 0431,Monitor,Electronics,18,12522,10,202856.4,152768.43,-50087.97,South,Tamil Nadu,Chennai
917,2025-06-19,64,Customer 0064,Keyboard,Electronics,8,1253,0,10024,6368.61,3655.39,Central,Madhya Pradesh,Bhopal
918,2024-09-21,482,Customer 0482,Mouse,Electronics,1,656,0,656,529.1,126.9,South,Karnataka,Bengaluru
919,2025-09-11,405,Customer 0405,Monitor,Electronics,5,12173,0,60865,51702.98,9162.02,North,Uttar Pradesh,Lucknow
920,2025-03-02,386,Customer 0386,Notebook,Stationery,18,77,15,1178.1,1008.17,169.93,South,Tamil Nadu,Chennai
921,2024-05-27,196,Customer 0196,Pen,Stationery,20,22,0,440,342.31,97.69,South,Telangana,Hyderabad
922,2023-05-09,388,Customer 0388,Laptop,Electronics,8,47190,0,377520,273432.47,104087.53,North,Delhi,New Delhi
923,2024-06-24,280,Customer 0280,Chair,Furniture,14,3370,10,42462,37368.75,5093.25,North,Uttar Pradesh,Lucknow
924,2023-10-19,217,Customer 0217,Printer,Electronics,2,14127,10,25428.6,16477,8951.6,West,Maharashtra,Mumbai
925,2025-12-24,106,Customer 0106,Keyboard,Electronics,14,1207,0,16898,14924.14,1973.86,South,Tamil Nadu,Chennai
926,2025-06-09,249,Customer 0249,Chair,Furniture,3,3454,15,8807.7,6474.1,2333.6,West,Gujarat,Ahmedabad
927,2024-10-28,149,Customer 0149,Monitor,Electronics,12,12314,0,147768,117902.35,29865.65,South,Tamil Nadu,Chennai
928,2023-12-23,423,Customer 0423,Desk,Furniture,4,7413,0,29652,20737.96,8914.04,North,Delhi,New Delhi
929,2025-09-09,388,Customer 0388,Chair,Furniture,6,3373,10,18214.2,12203.31,6010.89,South,Telangana,Hyderabad
930,2024-11-03,448,Customer 0448,Monitor,Electronics,15,12663,0,189945,152579,37366,South,Tamil Nadu,Chennai
931,2023-04-14,291,Customer 0291,Printer,Electronics,10,15591,15,132523.5,95195.58,37327.92,West,Maharashtra,Mumbai
932,2024-11-08,117,Customer 0117,Phone,Electronics,13,25493,0,331409,257507.07,73901.93,East,West Bengal,Kolkata
933,2024-12-25,97,Customer 0097,Phone,Electronics,4,23994,5,91177.2,57866.55,33310.65,North,Delhi,New Delhi
934,2023-01-15,286,Customer 0286,Notebook,Stationery,9,72,0,648,538.27,109.73,West,Gujarat,Ahmedabad
935,2024-05-01,119,Customer 0119,Pen,Stationery,15,21,5,299.25,232.03,67.22,North,Rajasthan,Jaipur
936,2023-07-05,126,Customer 0126,Keyboard,Electronics,9,1131,5,9670.05,7499.77,2170.28,Central,Madhya Pradesh,Bhopal
937,2024-08-09,68,Customer 0068,Desk,Furniture,9,7183,10,58182.3,46384.19,11798.11,North,Uttar Pradesh,Lucknow
938,2023-12-04,106,Customer 0106,Phone,Electronics,17,24923,5,402506.45,347503.99,55002.46,West,Gujarat,Ahmedabad
939,2024-08-12,236,Customer 0236,Mouse,Electronics,14,572,15,6806.8,5002.89,1803.91,Central,Madhya Pradesh,Bhopal
940,2025-01-13,271,Customer 0271,Mouse,Electronics,17,588,5,9496.2,6961.85,2534.35,South,Karnataka,Bengaluru
941,2025-10-05,440,Customer 0440,Monitor,Electronics,14,12036,5,160078.8,141724.53,18354.27,West,Maharashtra,Mumbai
942,2023-09-15,140,Customer 0140,Notebook,Stationery,19,79,5,1425.95,1232.14,193.81,North,Rajasthan,Jaipur
943,2023-03-13,51,Customer 0051,Chair,Furniture,10,3777,15,32104.5,21369.33,10735.17,West,Maharashtra,Mumbai
944,2025-12-31,189,Customer 0189,Desk,Furniture,16,7316,15,99497.6,60222.78,39274.82,South,Telangana,Hyderabad
945,2023-03-03,403,Customer 0403,Phone,Electronics,14,23493,0,328902,260388.69,68513.31,East,West Bengal,Kolkata
946,2023-03-18,71,Customer 0071,Notebook,Stationery,8,86,0,688,509.29,178.71,South,Telangana,Hyderabad
947,2024-04-11,340,Customer 0340,Chair,Furniture,13,3723,10,43559.1,30457.76,13101.34,South,Karnataka,Bengaluru
948,2025-01-05,313,Customer 0313,Laptop,Electronics,9,51969,15,397562.85,315750.39,81812.46,North,Uttar Pradesh,Lucknow
949,2023-06-29,85,Customer 0085,Monitor,Electronics,5,13039,0,65195,39197.91,25997.09,South,Tamil Nadu,Chennai
950,2023-12-06,183,Customer 0183,Printer,Electronics,10,14772,10,132948,88459.85,44488.15,South,Telangana,Hyderabad
951,2024-03-02,99,Customer 0099,Monitor,Electronics,8,11322,15,76989.6,62942.97,14046.63,West,Maharashtra,Mumbai
952,2023-08-07,387,Customer 0387,Desk,Furniture,1,6568,5,6239.6,4455.1,1784.5,North,Rajasthan,Jaipur
953,2025-10-12,455,Customer 0455,Mouse,Electronics,7,650,15,3867.5,2810.48,1057.02,North,Rajasthan,Jaipur
954,2023-09-23,166,Customer 0166,Printer,Electronics,16,16250,15,221000,144229.21,76770.79,North,Delhi,New Delhi
955,2023-04-02,342,Customer 0342,Laptop,Electronics,3,51819,5,147684.15,118882.02,28802.13,West,Maharashtra,Mumbai
956,2024-06-13,58,Customer 0058,Notebook,Stationery,16,81,0,1296,1034.93,261.07,Central,Madhya Pradesh,Bhopal
957,2025-03-29,65,Customer 0065,Laptop,Electronics,3,48108,0,144324,104661.24,39662.76,South,Karnataka,Bengaluru
958,2025-05-07,382,Customer 0382,Monitor,Electronics,11,12885,0,141735,95849.47,45885.53,West,Maharashtra,Mumbai
959,2025-04-04,96,Customer 0096,Phone,Electronics,2,23480,10,42264,27376.52,14887.48,South,Tamil Nadu,Chennai
960,2023-08-02,370,Customer 0370,Chair,Furniture,19,3815,5,68860.75,48071.4,20789.35,South,Telangana,Hyderabad
961,2024-08-04,481,Customer 0481,Laptop,Electronics,4,52154,5,198185.2,151856.56,46328.64,South,Telangana,Hyderabad
962,2023-02-25,325,Customer 0325,Monitor,Electronics,7,11092,0,77644,49693.23,27950.77,North,Rajasthan,Jaipur
963,2024-04-04,429,Customer 0429,Laptop,Electronics,11,51731,15,483684.85,392748.2,90936.65,South,Telangana,Hyderabad
964,2024-11-05,28,Customer 0028,Printer,Electronics,11,14737,0,162107,112736.42,49370.58,North,Rajasthan,Jaipur
965,2024-11-02,84,Customer 0084,Desk,Furniture,18,7282,0,131076,82777.88,48298.12,South,Karnataka,Bengaluru
966,2023-11-28,340,Customer 0340,Phone,Electronics,15,23006,5,327835.5,209952.39,117883.11,East,West Bengal,Kolkata
967,2025-10-26,493,Customer 0493,Phone,Electronics,2,25791,15,43844.7,37484.34,6360.36,North,Rajasthan,Jaipur
968,2024-06-21,2,Customer 0002,Laptop,Electronics,3,51537,5,146880.45,102829.73,44050.72,Central,Madhya Pradesh,Bhopal
969,2025-06-16,179,Customer 0179,Monitor,Electronics,18,11411,0,205398,182552.03,22845.97,North,Delhi,New Delhi
970,2024-01-14,97,Customer 0097,Keyboard,Electronics,3,1167,5,3325.95,2150.46,1175.49,North,Uttar Pradesh,Lucknow
971,2023-03-19,428,Customer 0428,Printer,Electronics,19,15897,0,302043,186968.2,115074.8,North,Uttar Pradesh,Lucknow
972,2025-07-28,6,Customer 0006,Pen,Stationery,5,19,10,85.5,70.78,14.72,North,Uttar Pradesh,Lucknow
973,2024-04-14,338,Customer 0338,Notebook,Stationery,18,84,5,1436.4,898.32,538.08,North,Rajasthan,Jaipur
974,2025-01-08,87,Customer 0087,Mouse,Electronics,13,600,10,7020,5224.98,1795.02,West,Maharashtra,Mumbai
975,2024-04-27,39,Customer 0039,Mouse,Electronics,5,557,15,2367.25,1953.22,414.03,South,Tamil Nadu,Chennai
976,2023-05-04,358,Customer 0358,Phone,Electronics,3,24267,15,61880.85,50352.45,11528.4,West,Maharashtra,Mumbai
977,2023-07-09,479,Customer 0479,Desk,Furniture,2,7380,0,14760,12343.42,2416.58,Central,Madhya Pradesh,Bhopal
978,2025-03-11,274,Customer 0274,Notebook,Stationery,4,74,5,281.2,245.84,35.36,West,Maharashtra,Mumbai
979,2024-08-26,336,Customer 0336,Desk,Furniture,7,7117,15,42346.15,32970.02,9376.13,North,Rajasthan,Jaipur
980,2025-02-08,172,,Notebook,Stationery,14,77,15,916.3,607.56,308.74,North,Delhi,New Delhi
981,2024-09-18,109,Customer 0109,Phone,Electronics,17,27405,10,419296.5,319200.73,100095.77,North,Uttar Pradesh,Lucknow
982,2023-10-30,45,Customer 0045,Laptop,Electronics,14,46299,10,583367.4,473369.78,109997.62,South,Telangana,Hyderabad
983,2023-01-31,362,Customer 0362,Laptop,Electronics,2,51115,0,102230,78057.35,24172.65,South,Tamil Nadu,Chennai
984,2024-02-04,264,Customer 0264,Notebook,Stationery,17,74,0,1258,1093.48,164.52,West,Maharashtra,Mumbai
985,2023-12-27,371,Customer 0371,Keyboard,Electronics,7,1203,5,7999.95,4926.68,3073.27,South,Tamil Nadu,Chennai
986,2024-01-30,391,Customer 0391,Printer,Electronics,2,14450,5,27455,18680.03,8774.97,North,Rajasthan,Jaipur
987,2023-10-03,256,Customer 0256,Desk,Furniture,15,6544,15,83436,70301.65,13134.35,North,Rajasthan,Jaipur
988,2025-12-16,330,Customer 0330,Monitor,Electronics,3,11510,10,31077,20975.63,10101.37,North,Rajasthan,Jaipur
989,2024-09-13,166,Customer 0166,Notebook,Stationery,13,80,5,988,716.9,271.1,North,Delhi,New Delhi
990,2024-08-12,187,Customer 0187,Chair,Furniture,8,3703,5,28142.8,25195.84,2946.96,West,Maharashtra,Mumbai
991,2025-08-21,142,Customer 0142,Mouse,Electronics,17,599,10,9164.7,7215.31,1949.39,West,Gujarat,Ahmedabad
992,2025-07-31,159,Customer 0159,Phone,Electronics,9,26631,5,227695.05,151392.37,76302.68,North,Rajasthan,Jaipur
993,2023-12-26,94,Customer 0094,Monitor,Electronics,14,11887,0,166418,133688.76,32729.24,North,Uttar Pradesh,Lucknow
994,2025-08-17,405,Customer 0405,Monitor,Electronics,11,13164,10,130323.6,82017.48,48306.12,South,Telangana,Hyderabad
995,2024-12-04,204,Customer 0204,Mouse,Electronics,5,550,5,2612.5,2053.26,559.24,North,Uttar Pradesh,Lucknow
996,2025-04-21,29,Customer 0029,Chair,Furniture,15,3392,5,48336,32817.95,15518.05,South,Telangana,Hyderabad
997,2023-02-01,352,Customer 0352,Phone,Electronics,19,25270,0,480130,338042.29,142087.71,East,West Bengal,Kolkata
998,2023-08-28,31,Customer 0031,Laptop,Electronics,15,54234,5,772834.5,621371.77,151462.73,East,West Bengal,Kolkata
999,2023-11-26,70,Customer 0070,Chair,Furniture,8,3160,10,22752,14943.9,7808.1,North,Delhi,New Delhi
1000,2025-06-30,238,Customer 0238,Laptop,Electronics,2,47457,0,94914,73484.42,21429.58,South,Telangana,Hyderabad
1001,2023-12-16,122,Customer 0122,Pen,Stationery,4,22,15,74.8,65.86,8.94,East,West Bengal,Kolkata
1002,2025-09-26,308,Customer 0308,Chair,Furniture,20,3283,10,59094,36469.76,22624.24,Central,Madhya Pradesh,Bhopal
1003,2025-07-01,434,Customer 0434,Printer,Electronics,11,13772,0,151492,132774.47,18717.53,South,Karnataka,Bengaluru
1004,2025-05-07,228,Customer 0228,Chair,Furniture,18,3718,0,66924,54530.15,12393.85,North,Rajasthan,Jaipur
1005,2024-03-19,87,Customer 0087,Laptop,Electronics,16,48777,5,741410.4,527731.61,213678.79,West,Maharashtra,Mumbai
1006,2024-10-11,289,Customer 0289,Pen,Stationery,10,20,10,180,141.85,38.15,South,Telangana,Hyderabad
1007,2023-12-07,500,Customer 0500,Keyboard,Electronics,9,1152,0,10368,6542.16,3825.84,West,Gujarat,Ahmedabad
1008,2023-12-08,185,Customer 0185,Phone,Electronics,1,25543,0,25543,19526.56,6016.44,West,Gujarat,Ahmedabad
1009,2025-03-28,71,Customer 0071,Mouse,Electronics,6,615,10,3321,2824.1,496.9,West,Maharashtra,Mumbai
1010,2024-08-20,397,Customer 0397,Printer,Electronics,5,13842,10,62289,49133.92,13155.08,South,Karnataka,Bengaluru
1011,2023-06-21,323,Customer 0323,Notebook,Stationery,4,88,10,316.8,229.36,87.44,South,Tamil Nadu,Chennai
1012,2023-03-18,159,Customer 0159,Monitor,Electronics,12,12940,5,147516,93834.9,53681.1,South,Karnataka,Bengaluru
1013,2023-07-13,189,Customer 0189,Printer,Electronics,3,16462,10,44447.4,28951.84,15495.56,West,Maharashtra,Mumbai
1014,2023-07-23,238,Customer 0238,Chair,Furniture,8,3539,10,25480.8,17597.62,7883.18,South,Telangana,Hyderabad
1015,2023-11-26,92,Customer 0092,Monitor,Electronics,15,12637,10,170599.5,104520.7,66078.8,North,Uttar Pradesh,Lucknow
1016,2025-12-10,119,Customer 0119,Mouse,Electronics,5,584,0,2920,2562.08,357.92,North,Uttar Pradesh,Lucknow
1017,2023-08-31,227,Customer 0227,Laptop,Electronics,19,51737,15,835552.55,607923.94,227628.61,North,Uttar Pradesh,Lucknow
1018,2024-11-13,40,Customer 0040,Monitor,Electronics,9,11413,5,97581.15,82312.09,15269.06,Central,Madhya Pradesh,Bhopal
1019,2024-07-02,313,Customer 0313,Chair,Furniture,8,3303,15,22460.4,20095.43,2364.97,West,Maharashtra,Mumbai
1020,2025-03-30,485,Customer 0485,Keyboard,Electronics,3,1223,15,3118.65,2466.8,651.85,West,Maharashtra,Mumbai
1021,2024-12-31,290,Customer 0290,Notebook,Stationery,10,75,15,637.5,544.61,92.89,North,Delhi,New Delhi
1022,2024-12-09,339,Customer 0339,Keyboard,Electronics,20,1177,5,22363,18230.67,4132.33,North,Rajasthan,Jaipur
1023,2025-09-19,124,Customer 0124,Chair,Furniture,1,3699,0,3699,2897.62,801.38,North,Rajasthan,Jaipur
1024,2024-08-21,411,Customer 0411,Desk,Furniture,20,6358,5,120802,100122.87,20679.13,North,Uttar Pradesh,Lucknow
1025,2025-03-18,472,Customer 0472,Pen,Stationery,17,19,15,274.55,176.92,97.63,West,Maharashtra,Mumbai
1026,2025-02-15,234,Customer 0234,Mouse,Electronics,3,556,5,1584.6,1068.03,516.57,North,Uttar Pradesh,Lucknow
1027,2025-05-27,7,Customer 0007,Mouse,Electronics,10,583,5,5538.5,4373.42,1165.08,West,Gujarat,Ahmedabad
1028,2023-05-19,23,Customer 0023,Keyboard,Electronics,16,1300,0,20800,13679.7,7120.3,West,Maharashtra,Mumbai
1029,2023-07-07,65,Customer 0065,Chair,Furniture,1,3270,0,3270,2766.02,503.98,North,Rajasthan,Jaipur
1030,2023-08-12,198,Customer 0198,Desk,Furniture,8,6392,0,51136,38655.66,12480.34,West,Maharashtra,Mumbai
1031,2025-11-01,476,Customer 0476,Mouse,Electronics,9,594,10,4811.4,3769.02,1042.38,South,Tamil Nadu,Chennai
1032,2024-11-22,460,Customer 0460,Notebook,Stationery,16,80,10,1152,811.55,340.45,East,West Bengal,Kolkata
1033,2024-09-30,293,Customer 0293,Notebook,Stationery,6,84,5,478.8,346.37,-132.43,North,Delhi,New Delhi
1034,2025-03-20,428,Customer 0428,Monitor,Electronics,19,11724,5,211618.2,145742.33,65875.87,North,Uttar Pradesh,Lucknow
1035,2023-01-16,198,Customer 0198,Monitor,Electronics,8,12095,5,91922,65521.36,26400.64,East,West Bengal,Kolkata
1036,2024-01-18,35,Customer 0035,Keyboard,Electronics,8,1108,0,8864,7375.54,1488.46,South,Karnataka,Bengaluru
1037,2023-06-05,68,,Pen,Stationery,9,21,10,170.1,147.63,22.47,West,Maharashtra,
1038,2025-12-09,211,Customer 0211,Monitor,Electronics,7,11693,5,77758.45,56063.38,21695.07,North,Rajasthan,Jaipur
1039,2023-06-08,350,Customer 0350,Desk,Furniture,1,7340,10,6606,5256.55,1349.45,North,Rajasthan,Jaipur
1040,2023-08-21,256,Customer 0256,Keyboard,Electronics,2,1309,10,2356.2,1530.22,825.98,East,West Bengal,Kolkata
1041,2025-12-08,133,Customer 0133,Laptop,Electronics,7,54579,0,382053,254346.31,127706.69,North,Delhi,New Delhi
1042,2024-05-29,241,Customer 0241,Pen,Stationery,8,22,10,158.4,111.81,46.59,South,Telangana,Hyderabad
1043,2023-11-15,346,Customer 0346,Chair,Furniture,20,3285,0,65700,42724.89,22975.11,North,Uttar Pradesh,Lucknow
1044,2025-08-02,218,Customer 0218,Printer,Electronics,12,16034,5,182787.6,113890.19,68897.41,North,Delhi,New Delhi
1045,2024-11-01,251,Customer 0251,Monitor,Electronics,15,11162,5,159058.5,115401.08,43657.42,South,Tamil Nadu,Chennai
1046,2024-11-26,385,Customer 0385,Pen,Stationery,18,19,15,290.7,179.76,110.94,West,Gujarat,Ahmedabad
1047,2024-11-11,317,Customer 0317,Printer,Electronics,14,14352,15,170788.8,150637.71,20151.09,South,Tamil Nadu,Chennai
1048,2025-02-11,163,Customer 0163,Pen,Stationery,13,20,10,234,176.26,57.74,West,Maharashtra,Mumbai
1049,2025-11-16,390,Customer 0390,Phone,Electronics,10,27077,15,230154.5,169955.47,60199.03,East,West Bengal,Kolkata
1050,2024-10-06,145,Customer 0145,Pen,Stationery,19,18,0,342,297.91,44.09,Central,Madhya Pradesh,Bhopal
1051,2024-06-04,4,Customer 0004,Mouse,Electronics,12,555,5,6327,4583,1744,South,Tamil Nadu,Chennai
1052,2024-03-05,314,Customer 0314,Pen,Stationery,10,20,10,180,140.35,39.65,West,Gujarat,Ahmedabad
1053,2024-03-03,465,Customer 0465,Laptop,Electronics,4,49295,10,177462,140770.19,36691.81,West,Gujarat,Ahmedabad
1054,2023-03-11,167,Customer 0167,Printer,Electronics,5,15025,0,75125,61556.78,13568.22,North,Rajasthan,Jaipur
1055,2024-08-30,246,Customer 0246,Desk,Furniture,1,6751,0,6751,5130,1621,West,Gujarat,Ahmedabad
1056,2024-09-19,7,Customer 0007,Pen,Stationery,7,18,10,113.4,81.27,32.13,North,Delhi,New Delhi
1057,2023-01-13,393,Customer 0393,Mouse,Electronics,20,630,0,12600,10472.88,2127.12,Central,Madhya Pradesh,Bhopal
1058,2025-06-06,160,Customer 0160,Printer,Electronics,10,14504,15,123284,85367.66,37916.34,West,Maharashtra,Mumbai
1059,2025-07-28,195,Customer 0195,Mouse,Electronics,14,562,0,7868,6054.45,1813.55,West,Gujarat,Ahmedabad
1060,2025-02-16,272,Customer 0272,Laptop,Electronics,5,51262,15,217863.5,165099.56,52763.94,Central,Madhya Pradesh,Bhopal
1061,2023-04-17,348,Customer 0348,Pen,Stationery,11,19,15,177.65,134.33,43.32,South,Telangana,Hyderabad
1062,2025-04-22,405,Customer 0405,Pen,Stationery,4,19,5,72.2,51.1,21.1,North,Delhi,New Delhi
1063,2024-08-08,376,Customer 0376,Laptop,Electronics,4,51156,15,173930.4,126303.81,47626.59,South,Tamil Nadu,Chennai
1064,2024-10-27,380,Customer 0380,Monitor,Electronics,14,13145,15,156425.5,105634.15,50791.35,Central,Madhya Pradesh,Bhopal
1065,2025-06-14,493,Customer 0493,Pen,Stationery,6,18,15,91.8,69.09,22.71,Central,Madhya Pradesh,Bhopal
1066,2025-06-18,217,Customer 0217,Pen,Stationery,8,19,0,152,96.71,55.29,South,Tamil Nadu,Chennai
1067,2024-10-02,194,Customer 0194,Phone,Electronics,8,24026,15,163376.8,124231.2,39145.6,North,Uttar Pradesh,Lucknow
1068,2023-08-07,313,Customer 0313,Laptop,Electronics,2,47007,10,84612.6,56472.82,28139.78,Central,Madhya Pradesh,Bhopal
1069,2023-03-19,261,Customer 0261,Keyboard,Electronics,19,1134,5,20468.7,18226.64,2242.06,North,Uttar Pradesh,Lucknow
1070,2023-08-30,499,Customer 0499,Monitor,Electronics,17,12999,15,187835.55,112889.86,74945.69,North,Delhi,New Delhi
1071,2024-01-31,370,Customer 0370,Keyboard,Electronics,12,1178,0,14136,10718.65,3417.35,South,Telangana,Hyderabad
1072,2025-12-14,114,Customer 0114,Keyboard,Electronics,14,1212,0,16968,14924.3,2043.7,South,Telangana,Hyderabad
1073,2023-10-26,481,Customer 0481,Monitor,Electronics,4,10881,0,43524,33904.7,9619.3,North,Uttar Pradesh,Lucknow
1074,2024-02-23,303,Customer 0303,Phone,Electronics,5,25656,0,128280,91184.4,37095.6,West,Gujarat,Ahmedabad
1075,2024-03-01,103,,Laptop,Electronics,9,52996,5,453115.8,280237.91,172877.89,East,West Bengal,Kolkata
1076,2024-08-05,350,Customer 0350,Chair,Furniture,2,3599,0,7198,6046.84,1151.16,North,Delhi,New Delhi
1077,2025-09-12,343,Customer 0343,Desk,Furniture,17,6873,10,105156.9,89605.59,15551.31,South,Tamil Nadu,Chennai
1078,2024-11-12,151,Customer 0151,Phone,Electronics,20,27211,15,462587,282148.84,180438.16,South,Telangana,Hyderabad
1079,2023-10-13,343,Customer 0343,Keyboard,Electronics,17,1097,0,18649,12685.32,5963.68,East,West Bengal,Kolkata
1080,2024-06-17,374,Customer 0374,Laptop,Electronics,19,47919,10,819414.9,502531.1,316883.8,North,Uttar Pradesh,Lucknow
1081,2025-09-02,341,Customer 0341,Laptop,Electronics,10,50616,10,455544,363031.31,92512.69,North,Uttar Pradesh,Lucknow
1082,2025-12-05,162,Customer 0162,Keyboard,Electronics,8,1148,15,7806.4,5014.46,2791.94,West,Gujarat,Ahmedabad
1083,2024-02-20,487,Customer 0487,Monitor,Electronics,10,11287,0,112870,100941.07,11928.93,South,Telangana,Hyderabad
1084,2024-09-11,319,Customer 0319,Desk,Furniture,14,7462,5,99244.6,65351.26,33893.34,West,Maharashtra,
1085,2025-01-26,239,Customer 0239,Chair,Furniture,15,3223,5,45927.75,37109.25,8818.5,West,Gujarat,Ahmedabad
1086,2023-05-05,497,Customer 0497,Keyboard,Electronics,20,1121,5,21299,18527.08,2771.92,West,Gujarat,Ahmedabad
1087,2024-09-03,374,Customer 0374,Phone,Electronics,5,26225,15,111456.25,74975.17,36481.08,Central,Madhya Pradesh,Bhopal
1088,2024-03-28,331,Customer 0331,Notebook,Stationery,5,76,5,361,318.7,42.3,South,Tamil Nadu,Chennai
1089,2025-10-27,333,Customer 0333,Phone,Electronics,3,24525,10,66217.5,54929.83,11287.67,South,Telangana,Hyderabad
1090,2024-12-24,395,Customer 0395,Desk,Furniture,6,7386,15,37668.6,24892.13,12776.47,North,Uttar Pradesh,Lucknow
1091,2024-07-30,368,Customer 0368,Mouse,Electronics,3,575,5,1638.75,1155.93,482.82,North,Delhi,New Delhi
1092,2024-05-18,396,Customer 0396,Keyboard,Electronics,7,1260,15,7497,5171.5,2325.5,North,Uttar Pradesh,Lucknow
1093,2024-06-14,320,Customer 0320,Phone,Electronics,5,23780,5,112955,95095.62,17859.38,North,Rajasthan,Jaipur
1094,2023-09-09,12,Customer 0012,Pen,Stationery,4,18,15,61.2,46.28,14.92,North,Delhi,New Delhi
1095,2023-10-19,125,Customer 0125,Laptop,Electronics,5,46608,5,221388,169309.79,52078.21,North,Delhi,New Delhi
1096,2025-10-11,312,Customer 0312,Keyboard,Electronics,20,1257,10,22626,14033.78,8592.22,South,Telangana,Hyderabad
1097,2025-02-26,465,Customer 0465,Notebook,Stationery,10,72,0,720,590.71,129.29,North,Uttar Pradesh,Lucknow
1098,2024-07-02,139,Customer 0139,Notebook,Stationery,6,72,15,367.2,221.96,145.24,North,Rajasthan,Jaipur
1099,2025-08-03,60,Customer 0060,Monitor,Electronics,20,12959,5,246221,198775,47446,South,Karnataka,Bengaluru
1100,2025-01-23,174,Customer 0174,Printer,Electronics,13,13517,0,175721,154552.6,21168.4,Central,Madhya Pradesh,Bhopal
1101,2024-05-31,36,Customer 0036,Printer,Electronics,5,14079,5,66875.25,59286.15,7589.1,Central,Madhya Pradesh,Bhopal
1102,2023-06-16,464,Customer 0464,Mouse,Electronics,4,644,5,2447.2,1857.02,590.18,South,Telangana,Hyderabad
1103,2024-06-22,121,Customer 0121,Keyboard,Electronics,4,1132,15,3848.8,2621.44,1227.36,North,Uttar Pradesh,Lucknow
1104,2024-04-11,203,Customer 0203,Desk,Furniture,12,7053,10,76172.4,66853.26,9319.14,North,Rajasthan,Jaipur
1105,2025-06-26,203,Customer 0203,Keyboard,Electronics,7,1242,10,7824.6,5996.3,1828.3,West,Maharashtra,Mumbai
1106,2023-09-04,32,Customer 0032,Keyboard,Electronics,13,1114,5,13757.9,9499.17,4258.73,North,Rajasthan,Jaipur
1107,2025-06-13,461,Customer 0461,Desk,Furniture,8,7133,15,48504.4,37558.18,10946.22,West,Maharashtra,Mumbai
1108,2023-12-07,441,Customer 0441,Printer,Electronics,13,15588,15,172247.4,136288.7,35958.7,North,Uttar Pradesh,Lucknow
1109,2024-11-30,51,Customer 0051,Mouse,Electronics,2,546,10,982.8,754.11,228.69,South,Karnataka,Bengaluru
1110,2024-01-09,392,Customer 0392,Mouse,Electronics,20,655,0,13100,11468.9,1631.1,North,Rajasthan,Jaipur
1111,2024-01-24,201,Customer 0201,Monitor,Electronics,5,11716,5,55651,34915.83,20735.17,West,Gujarat,Ahmedabad
1112,2025-09-23,478,Customer 0478,Keyboard,Electronics,5,1304,10,5868,4382.92,1485.08,West,Gujarat,Ahmedabad
1113,2024-03-21,116,Customer 0116,Laptop,Electronics,17,53091,5,857419.65,654223.7,203195.95,West,Gujarat,Ahmedabad
1114,2025-07-15,487,Customer 0487,Chair,Furniture,11,3432,5,35864.4,31801.05,4063.35,East,West Bengal,Kolkata
1115,2025-04-12,266,Customer 0266,Laptop,Electronics,8,51010,0,408080,348150.18,59929.82,South,Telangana,Hyderabad
1116,2023-01-11,59,Customer 0059,Desk,Furniture,10,6738,10,60642,40305.95,20336.05,North,Uttar Pradesh,Lucknow
1117,2025-07-07,460,Customer 0460,Desk,Furniture,10,6809,5,64685.5,43340.96,21344.54,South,Telangana,Hyderabad
1118,2023-06-25,275,Customer 0275,Desk,Furniture,15,7015,5,99963.75,74474.89,25488.86,East,West Bengal,Kolkata
1119,2024-04-02,463,Customer 0463,Pen,Stationery,18,21,10,340.2,288.72,51.48,West,Gujarat,Ahmedabad
1120,2024-08-20,112,Customer 0112,Pen,Stationery,5,20,0,100,82.51,17.49,South,Tamil Nadu,Chennai
1121,2024-03-29,135,Customer 0135,Laptop,Electronics,8,49618,5,377096.8,266201.63,110895.17,South,Karnataka,Bengaluru
1122,2025-09-13,476,Customer 0476,Phone,Electronics,18,26238,10,425055.6,359644.95,65410.65,North,Delhi,New Delhi
1123,2025-11-18,412,Customer 0412,Desk,Furniture,15,6753,0,101295,83969.78,17325.22,North,Rajasthan,Jaipur
1124,2024-01-15,75,Customer 0075,Mouse,Electronics,17,606,15,8756.7,5307.17,3449.53,West,Maharashtra,Mumbai
1125,2025-09-02,377,Customer 0377,Printer,Electronics,7,16401,15,97585.95,86736.16,10849.79,North,Rajasthan,Jaipur
1126,2025-08-27,228,Customer 0228,Chair,Furniture,1,3364,5,3195.8,2686.55,509.25,South,Telangana,Hyderabad
1127,2024-05-10,324,Customer 0324,Monitor,Electronics,6,11072,0,66432,54527.72,11904.28,West,Maharashtra,Mumbai
1128,2024-01-25,156,Customer 0156,Keyboard,Electronics,13,1139,15,12585.95,10214.07,2371.88,Central,Madhya Pradesh,Bhopal
1129,2025-09-24,62,Customer 0062,Monitor,Electronics,4,10870,10,39132,32587.44,6544.56,North,Uttar Pradesh,Lucknow
1130,2023-11-13,416,Customer 0416,Laptop,Electronics,4,53873,0,215492,143786.77,71705.23,West,Maharashtra,Mumbai
1131,2025-05-10,141,Customer 0141,Printer,Electronics,10,14848,5,141056,98607.39,42448.61,South,Telangana,Hyderabad
1132,2024-07-04,186,Customer 0186,Mouse,Electronics,19,573,10,9798.3,8134.9,1663.4,West,Gujarat,Ahmedabad
1133,2024-10-29,335,Customer 0335,Desk,Furniture,18,7262,10,117644.4,84372.35,33272.05,West,Maharashtra,Mumbai
1134,2023-07-12,154,Customer 0154,Pen,Stationery,4,22,5,83.6,62.92,20.68,North,Rajasthan,Jaipur
1135,2024-09-13,278,Customer 0278,Monitor,Electronics,5,11114,10,50013,44333.07,5679.93,North,Rajasthan,Jaipur
1136,2024-03-07,177,Customer 0177,Chair,Furniture,20,3744,5,71136,62002.38,9133.62,West,Gujarat,Ahmedabad
1137,2025-04-05,77,Customer 0077,Monitor,Electronics,7,12534,5,83351.1,68908.33,14442.77,North,Rajasthan,Jaipur
1138,2023-01-13,240,Customer 0240,Desk,Furniture,6,7041,0,42246,27373.32,14872.68,Central,Madhya Pradesh,Bhopal
1139,2023-02-07,253,Customer 0253,Keyboard,Electronics,19,1139,15,18394.85,11522.85,6872,Central,Madhya Pradesh,Bhopal
1140,2025-08-11,176,Customer 0176,Mouse,Electronics,15,546,15,6961.5,4854.24,2107.26,North,Uttar Pradesh,Lucknow
1141,2024-02-24,280,Customer 0280,Desk,Furniture,19,6605,15,106670.75,78914.7,27756.05,West,Maharashtra,Mumbai
1142,2025-03-16,159,Customer 0159,Mouse,Electronics,1,568,15,482.8,329.79,153.01,South,Karnataka,Bengaluru
1143,2023-09-23,389,Customer 0389,Keyboard,Electronics,9,1144,0,10296,6840.25,3455.75,South,Tamil Nadu,Chennai
1144,2025-01-25,419,Customer 0419,Pen,Stationery,4,21,15,71.4,46.98,24.42,South,Karnataka,Bengaluru
1145,2024-07-03,126,Customer 0126,Pen,Stationery,8,20,10,144,113.62,30.38,West,Gujarat,Ahmedabad
1146,2023-04-18,373,Customer 0373,Notebook,Stationery,3,88,15,224.4,148.31,76.09,North,Rajasthan,Jaipur
1147,2023-10-31,415,Customer 0415,Monitor,Electronics,20,11527,10,207486,129001.46,78484.54,East,West Bengal,Kolkata
1148,2025-12-07,382,Customer 0382,Laptop,Electronics,4,48307,15,164243.8,122287.38,41956.42,West,Gujarat,Ahmedabad
1149,2023-03-23,366,Customer 0366,Chair,Furniture,15,3808,0,57120,49681.41,7438.59,East,West Bengal,Kolkata
1150,2024-11-14,427,Customer 0427,Mouse,Electronics,4,582,10,2095.2,1425.82,669.38,North,Uttar Pradesh,Lucknow
1151,2025-11-20,97,Customer 0097,Mouse,Electronics,8,607,10,4370.4,3255.2,1115.2,South,Karnataka,Bengaluru
1152,2024-11-12,459,Customer 0459,Phone,Electronics,17,24777,5,400148.55,357710.04,42438.51,North,Uttar Pradesh,Lucknow
1153,2024-11-27,286,Customer 0286,Pen,Stationery,6,21,15,107.1,68.5,38.6,West,Gujarat,Ahmedabad
1154,2024-12-28,172,Customer 0172,Laptop,Electronics,3,45776,10,123595.2,89924.69,33670.51,North,Delhi,New Delhi
1155,2025-09-27,159,Customer 0159,Mouse,Electronics,1,616,5,585.2,429.06,-156.14,North,Delhi,New Delhi
1156,2025-08-28,111,Customer 0111,Keyboard,Electronics,6,1083,15,5523.3,4689.5,833.8,South,Tamil Nadu,Chennai
1157,2025-08-13,181,Customer 0181,Notebook,Stationery,12,73,15,744.6,462.15,282.45,West,Gujarat,Ahmedabad
1158,2023-03-27,468,Customer 0468,Pen,Stationery,19,20,10,342,265.15,76.85,South,Karnataka,Bengaluru
1159,2024-11-01,298,Customer 0298,Chair,Furniture,4,3518,15,11961.2,8144.02,3817.18,West,Gujarat,Ahmedabad
1160,2023-09-06,454,Customer 0454,Monitor,Electronics,17,11854,5,191442.1,152712.33,38729.77,West,Maharashtra,Mumbai
1161,2025-12-29,147,Customer 0147,Laptop,Electronics,2,51527,15,87595.9,65478.84,22117.06,East,West Bengal,Kolkata
1162,2025-12-27,91,Customer 0091,Phone,Electronics,7,23666,15,140812.7,102584.33,38228.37,Central,Madhya Pradesh,Bhopal
1163,2024-10-21,95,Customer 0095,Chair,Furniture,16,3591,15,48837.6,37512.08,11325.52,Central,Madhya Pradesh,Bhopal
1164,2023-05-03,179,,Monitor,Electronics,14,11483,0,160762,136991.6,23770.4,East,West Bengal,Kolkata
1165,2023-06-01,105,Customer 0105,Pen,Stationery,9,21,0,189,139.62,49.38,North,Uttar Pradesh,Lucknow
1166,2024-03-03,146,Customer 0146,Printer,Electronics,7,15194,0,106358,64843.13,41514.87,Central,Madhya Pradesh,Bhopal
1167,2023-10-14,203,Customer 0203,Printer,Electronics,20,16271,10,292878,207797.68,85080.32,North,Rajasthan,Jaipur
1168,2024-12-22,499,Customer 0499,Monitor,Electronics,14,12568,5,167154.4,126915.51,40238.89,East,West Bengal,Kolkata
1169,2025-10-20,161,Customer 0161,Keyboard,Electronics,9,1205,5,10302.75,7883.99,2418.76,East,West Bengal,Kolkata
1170,2024-09-23,472,Customer 0472,Mouse,Electronics,2,635,5,1206.5,834.03,372.47,Central,Madhya Pradesh,Bhopal
1171,2023-08-27,207,Customer 0207,Notebook,Stationery,17,72,10,1101.6,693.17,408.43,South,Tamil Nadu,Chennai
1172,2024-03-22,381,Customer 0381,Phone,Electronics,19,26760,0,508440,389947.25,118492.75,North,Uttar Pradesh,Lucknow
1173,2024-07-13,62,Customer 0062,Notebook,Stationery,4,75,0,300,199.72,100.28,Central,Madhya Pradesh,Bhopal
1174,2024-08-08,443,Customer 0443,Laptop,Electronics,19,50214,0,954066,762022.59,192043.41,West,Gujarat,Ahmedabad
1175,2023-02-14,126,Customer 0126,Keyboard,Electronics,9,1304,15,9975.6,7269.85,2705.75,South,Tamil Nadu,Chennai
1176,2024-08-21,294,Customer 0294,Phone,Electronics,7,25339,5,168504.35,134331.78,34172.57,South,Telangana,Hyderabad
1177,2024-10-08,465,Customer 0465,Monitor,Electronics,11,12118,10,119968.2,106062.75,13905.45,Central,Madhya Pradesh,Bhopal
1178,2023-10-29,146,Customer 0146,Mouse,Electronics,11,610,0,6710,4570.27,2139.73,South,Telangana,Hyderabad
1179,2024-03-19,230,Customer 0230,Monitor,Electronics,7,12303,10,77508.9,61282.69,16226.21,North,Delhi,New Delhi
1180,2023-09-12,296,Customer 0296,Printer,Electronics,9,14246,5,121803.3,92564.65,29238.65,South,Telangana,Hyderabad
1181,2023-01-09,173,Customer 0173,Notebook,Stationery,3,79,10,213.3,170.27,43.03,South,Karnataka,Bengaluru
1182,2024-06-28,283,Customer 0283,Mouse,Electronics,1,605,5,574.75,411.77,162.98,South,Telangana,Hyderabad
1183,2025-12-27,456,Customer 0456,Phone,Electronics,17,25211,5,407157.65,276415.8,-130741.85,South,Tamil Nadu,Chennai
1184,2025-03-11,22,Customer 0022,Notebook,Stationery,6,72,15,367.2,316.57,50.63,West,Maharashtra,Mumbai
1185,2024-05-13,410,Customer 0410,Phone,Electronics,20,26309,10,473562,349941.31,123620.69,South,Tamil Nadu,Chennai
1186,2024-02-28,75,Customer 0075,Printer,Electronics,5,14268,5,67773,42007.48,25765.52,West,Gujarat,Ahmedabad
1187,2024-06-12,418,Customer 0418,Keyboard,Electronics,15,1164,0,17460,13572.27,3887.73,Central,Madhya Pradesh,Bhopal
1188,2024-03-06,363,Customer 0363,Printer,Electronics,13,15260,5,188461,139018.68,49442.32,West,Maharashtra,Mumbai
1189,2025-08-30,73,Customer 0073,Mouse,Electronics,14,542,15,6449.8,5543.25,906.55,South,Telangana,Hyderabad
1190,2025-08-12,394,Customer 0394,Laptop,Electronics,17,46355,5,748633.25,649285.16,99348.09,South,Karnataka,Bengaluru
1191,2023-11-14,233,Customer 0233,Keyboard,Electronics,20,1306,15,22202,19482.95,2719.05,North,Uttar Pradesh,Lucknow
1192,2023-10-06,112,Customer 0112,Mouse,Electronics,15,623,15,7943.25,5902.03,2041.22,East,West Bengal,Kolkata
1193,2023-09-22,200,Customer 0200,Desk,Furniture,10,6422,5,61009,50333.84,10675.16,East,West Bengal,Kolkata
1194,2024-03-18,67,Customer 0067,Mouse,Electronics,7,584,5,3883.6,3109.63,773.97,East,West Bengal,Kolkata
1195,2025-06-07,208,Customer 0208,Monitor,Electronics,14,12148,10,153064.8,114073.54,38991.26,Central,Madhya Pradesh,Bhopal
1196,2023-11-22,190,Customer 0190,Monitor,Electronics,16,11766,0,188256,114700.51,73555.49,North,Uttar Pradesh,Lucknow
1197,2025-07-12,325,Customer 0325,Keyboard,Electronics,10,1089,10,9801,7086.2,2714.8,East,West Bengal,Kolkata
1198,2024-11-12,347,Customer 0347,Keyboard,Electronics,9,1132,10,9169.2,5876.6,3292.6,Central,Madhya Pradesh,Bhopal
1199,2025-12-24,26,Customer 0026,Printer,Electronics,19,15297,15,247046.55,156703.82,90342.73,Central,Madhya Pradesh,Bhopal
1200,2023-02-17,9,Customer 0009,Keyboard,Electronics,11,1238,15,11575.3,10170.39,1404.91,North,Delhi,New Delhi
1201,2023-07-13,74,Customer 0074,Chair,Furniture,3,3368,15,8588.4,5670.09,2918.31,North,Delhi,New Delhi
1202,2023-10-28,308,Customer 0308,Keyboard,Electronics,3,1087,10,2934.9,2205.45,729.45,North,Uttar Pradesh,Lucknow
1203,2024-02-28,287,Customer 0287,Mouse,Electronics,16,611,0,9776,8582.13,1193.87,North,Rajasthan,Jaipur
1204,2024-10-10,414,Customer 0414,Keyboard,Electronics,13,1111,10,12998.7,10316.79,2681.91,North,Delhi,New Delhi
1205,2025-11-06,290,Customer 0290,Chair,Furniture,5,3549,5,16857.75,15002.83,1854.92,North,Rajasthan,Jaipur
1206,2024-03-10,450,Customer 0450,Printer,Electronics,6,14600,0,87600,66460.26,21139.74,South,Tamil Nadu,Chennai
1207,2023-09-30,187,Customer 0187,Mouse,Electronics,17,556,10,8506.8,5425.68,3081.12,East,West Bengal,Kolkata
1208,2025-08-14,252,Customer 0252,Phone,Electronics,4,23840,5,90592,54727.97,35864.03,North,Delhi,New Delhi
1209,2025-02-10,180,Customer 0180,Keyboard,Electronics,1,1222,5,1160.9,913.54,247.36,South,Karnataka,Bengaluru
1210,2024-08-04,273,Customer 0273,Pen,Stationery,1,21,5,19.95,17.95,2,South,Tamil Nadu,Chennai
1211,2023-12-31,277,Customer 0277,Printer,Electronics,12,16042,10,173253.6,115980.12,57273.48,North,Delhi,New Delhi
1212,2024-07-01,272,Customer 0272,Printer,Electronics,15,14751,0,221265,197884.84,23380.16,West,Gujarat,Ahmedabad
1213,2025-11-02,22,Customer 0022,Keyboard,Electronics,6,1193,5,6800.1,4331.62,2468.48,North,Delhi,New Delhi
1214,2024-03-31,114,Customer 0114,Monitor,Electronics,7,12533,0,87731,76208.54,11522.46,North,Uttar Pradesh,Lucknow
1215,2023-03-13,378,Customer 0378,Monitor,Electronics,1,10963,15,9318.55,6046.15,3272.4,North,Delhi,New Delhi
1216,2025-02-13,331,Customer 0331,Desk,Furniture,18,6982,10,113108.4,89365.29,23743.11,North,Rajasthan,Jaipur
1217,2024-03-27,321,Customer 0321,Keyboard,Electronics,3,1103,10,2978.1,2408.46,569.64,South,Karnataka,Bengaluru
1218,2024-10-29,383,Customer 0383,Laptop,Electronics,12,52359,10,565477.2,353874.8,211602.4,South,Tamil Nadu,Chennai
1219,2024-06-04,348,Customer 0348,Phone,Electronics,1,25719,5,24433.05,14842.92,9590.13,North,Delhi,New Delhi
1220,2024-02-11,279,Customer 0279,Printer,Electronics,9,15160,10,122796,104298.71,18497.29,West,Gujarat,Ahmedabad
1221,2024-05-31,82,Customer 0082,Keyboard,Electronics,10,1287,10,11583,8835.03,2747.97,East,West Bengal,Kolkata
1222,2024-07-17,4,Customer 0004,Desk,Furniture,11,7028,10,69577.2,56623.67,12953.53,West,Gujarat,Ahmedabad
1223,2025-03-06,295,Customer 0295,Notebook,Stationery,11,73,15,682.55,517.87,164.68,North,Uttar Pradesh,Lucknow
1224,2023-02-08,307,Customer 0307,Desk,Furniture,14,6976,10,87897.6,71141.92,16755.68,South,Karnataka,Bengaluru
1225,2025-03-26,428,Customer 0428,Chair,Furniture,14,3782,10,47653.2,30669.05,16984.15,North,Uttar Pradesh,Lucknow
1226,2023-01-04,277,Customer 0277,Printer,Electronics,8,14769,5,112244.4,87216.54,25027.86,South,Karnataka,
1227,2024-04-14,477,Customer 0477,Notebook,Stationery,14,83,5,1103.9,900.83,203.07,North,Delhi,New Delhi
1228,2025-07-14,3,Customer 0003,Laptop,Electronics,3,51069,10,137886.3,108032.41,29853.89,West,Maharashtra,Mumbai
1229,2025-07-20,238,Customer 0238,Monitor,Electronics,14,12666,0,177324,145646.08,31677.92,East,West Bengal,Kolkata
1230,2023-02-12,143,Customer 0143,Notebook,Stationery,16,87,10,1252.8,1093.17,159.63,West,Maharashtra,Mumbai
1231,2025-11-12,411,Customer 0411,Laptop,Electronics,1,54505,5,51779.75,39965.74,11814.01,South,Tamil Nadu,Chennai
1232,2024-08-15,218,Customer 0218,Pen,Stationery,9,19,5,162.45,106.97,55.48,North,Delhi,New Delhi
1233,2025-12-07,74,Customer 0074,Notebook,Stationery,7,88,0,616,443.18,172.82,South,Tamil Nadu,Chennai
1234,2023-01-30,473,Customer 0473,Pen,Stationery,10,21,0,210,187.88,22.12,South,Tamil Nadu,Chennai
1235,2025-09-07,180,Customer 0180,Monitor,Electronics,8,12650,0,101200,84846.2,16353.8,East,West Bengal,Kolkata
1236,2023-06-23,439,Customer 0439,Desk,Furniture,7,6957,0,48699,40291.44,8407.56,South,Tamil Nadu,Chennai
1237,2024-01-11,149,Customer 0149,Notebook,Stationery,4,78,5,296.4,244.19,52.21,West,Gujarat,Ahmedabad
1238,2023-10-27,425,Customer 0425,Mouse,Electronics,2,656,0,1312,978.72,-333.28,South,Telangana,Hyderabad
1239,2023-08-08,460,Customer 0460,Mouse,Electronics,6,613,5,3494.1,2173.5,1320.6,North,Uttar Pradesh,Lucknow
1240,2025-12-06,135,Customer 0135,Desk,Furniture,6,6580,10,35532,25600.88,9931.12,East,West Bengal,Kolkata
1241,2023-08-02,61,Customer 0061,Mouse,Electronics,10,551,0,5510,4939.21,570.79,Central,Madhya Pradesh,Bhopal
1242,2024-03-02,235,Customer 0235,Pen,Stationery,11,20,0,220,177.12,42.88,North,Delhi,New Delhi
1243,2023-05-30,382,Customer 0382,Desk,Furniture,13,6347,10,74259.9,46833.55,27426.35,South,Telangana,Hyderabad
1244,2024-06-14,162,Customer 0162,Notebook,Stationery,19,75,5,1353.75,1159.01,194.74,Central,Madhya Pradesh,Bhopal
1245,2023-08-01,298,Customer 0298,Laptop,Electronics,10,49745,5,472577.5,398357.46,74220.04,South,Karnataka,Bengaluru
1246,2023-09-06,36,Customer 0036,Chair,Furniture,12,3684,15,37576.8,28025.5,9551.3,North,Rajasthan,Jaipur
1247,2025-11-18,112,Customer 0112,Mouse,Electronics,5,652,5,3097,2034.51,1062.49,North,Uttar Pradesh,Lucknow
1248,2023-09-02,467,Customer 0467,Notebook,Stationery,18,74,0,1332,1109.14,222.86,Central,Madhya Pradesh,Bhopal
1249,2023-10-12,453,Customer 0453,Pen,Stationery,18,22,0,396,294.34,101.66,North,Rajasthan,Jaipur
1250,2023-01-19,28,Customer 0028,Monitor,Electronics,3,11946,10,32254.2,28781.26,3472.94,South,Tamil Nadu,Chennai
1251,2025-07-20,25,Customer 0025,Printer,Electronics,17,15702,0,266934,199526.2,67407.8,South,Tamil Nadu,Chennai
1252,2025-10-14,193,,Phone,Electronics,15,26060,10,351810,296172.95,55637.05,East,West Bengal,Kolkata
1253,2024-12-06,363,Customer 0363,Chair,Furniture,13,3741,0,48633,43595.74,5037.26,South,Telangana,Hyderabad
1254,2025-10-03,147,Customer 0147,Printer,Electronics,5,14268,5,67773,50244.51,17528.49,West,Maharashtra,Mumbai
1255,2025-01-08,241,Customer 0241,Notebook,Stationery,6,84,5,478.8,401.95,76.85,East,West Bengal,Kolkata
1256,2024-01-01,396,Customer 0396,Keyboard,Electronics,12,1175,15,11985,9636.75,2348.25,North,Delhi,New Delhi
1257,2024-05-31,386,Customer 0386,Desk,Furniture,11,7236,15,67656.6,56334.66,11321.94,South,Karnataka,Bengaluru
1258,2024-05-13,108,Customer 0108,Chair,Furniture,3,3809,5,10855.65,7966.89,2888.76,Central,Madhya Pradesh,Bhopal
1259,2023-03-27,32,Customer 0032,Monitor,Electronics,19,11101,10,189827.1,169610.66,20216.44,Central,Madhya Pradesh,Bhopal
1260,2025-05-23,78,Customer 0078,Laptop,Electronics,1,52945,5,50297.75,44465.64,5832.11,West,Gujarat,Ahmedabad
1261,2025-07-25,289,Customer 0289,Desk,Furniture,12,6503,0,78036,63354.79,14681.21,West,Gujarat,Ahmedabad
1262,2025-06-10,461,Customer 0461,Keyboard,Electronics,9,1124,10,9104.4,7841.02,1263.38,North,Rajasthan,Jaipur
1263,2023-10-05,210,Customer 0210,Chair,Furniture,10,3821,15,32478.5,25283.97,7194.53,East,West Bengal,Kolkata
1264,2025-10-10,229,Customer 0229,Laptop,Electronics,19,48946,15,790477.9,623928.46,166549.44,North,Rajasthan,Jaipur
1265,2024-03-28,100,Customer 0100,Monitor,Electronics,3,12789,0,38367,32994.53,5372.47,South,Tamil Nadu,Chennai
1266,2023-08-20,70,Customer 0070,Monitor,Electronics,10,10966,0,109660,88277.97,21382.03,North,Uttar Pradesh,Lucknow
1267,2025-04-03,332,Customer 0332,Phone,Electronics,11,22748,10,225205.2,149482.35,75722.85,South,Karnataka,Bengaluru
1268,2024-04-23,326,Customer 0326,Pen,Stationery,18,18,0,324,231.13,92.87,West,Maharashtra,Mumbai
1269,2024-03-02,457,Customer 0457,Phone,Electronics,18,26948,5,460810.8,317691.45,143119.35,Central,Madhya Pradesh,Bhopal
1270,2025-06-05,322,Customer 0322,Keyboard,Electronics,2,1222,0,2444,1873.5,570.5,South,Telangana,Hyderabad
1271,2023-08-04,481,Customer 0481,Monitor,Electronics,13,11923,15,131749.15,102082.29,29666.86,North,Rajasthan,Jaipur
1272,2025-11-09,180,Customer 0180,Printer,Electronics,19,14907,15,240748.05,156739.62,84008.43,West,Maharashtra,Mumbai
1273,2025-03-17,32,Customer 0032,Keyboard,Electronics,10,1208,0,12080,7711.81,4368.19,Central,Madhya Pradesh,Bhopal
1274,2023-05-25,308,Customer 0308,Chair,Furniture,1,3788,10,3409.2,2658.13,751.07,South,Telangana,Hyderabad
1275,2024-12-27,161,Customer 0161,Chair,Furniture,13,3676,0,47788,31997.23,15790.77,South,Telangana,Hyderabad
1276,2023-06-17,270,Customer 0270,Mouse,Electronics,10,620,0,6200,5171.84,1028.16,North,Rajasthan,Jaipur
1277,2024-06-09,472,Customer 0472,Notebook,Stationery,15,88,0,1320,1102.15,217.85,North,Rajasthan,Jaipur
1278,2024-10-06,157,Customer 0157,Pen,Stationery,3,18,5,51.3,32.7,18.6,East,West Bengal,Kolkata
1279,2024-05-16,494,Customer 0494,Chair,Furniture,5,3327,10,14971.5,12668.63,2302.87,West,Maharashtra,Mumbai
1280,2023-03-30,73,Customer 0073,Monitor,Electronics,4,12083,0,48332,43213,5119,Central,Madhya Pradesh,Bhopal
1281,2023-12-26,5,Customer 0005,Monitor,Electronics,17,12038,0,204646,156750.89,47895.11,South,Tamil Nadu,Chennai
1282,2025-10-13,22,Customer 0022,Monitor,Electronics,12,11811,5,134645.4,95372.8,39272.6,North,Rajasthan,Jaipur
1283,2023-10-26,310,Customer 0310,Monitor,Electronics,1,12714,15,10806.9,9015.61,1791.29,West,Gujarat,Ahmedabad
1284,2025-05-26,57,Customer 0057,Phone,Electronics,18,23245,15,355648.5,293309.61,62338.89,South,Karnataka,Bengaluru
1285,2025-12-22,298,Customer 0298,Notebook,Stationery,2,75,10,135,82.98,52.02,East,West Bengal,Kolkata
1286,2024-11-06,286,Customer 0286,Chair,Furniture,1,3325,10,2992.5,1800.56,1191.94,North,Rajasthan,Jaipur
1287,2025-03-30,319,Customer 0319,Monitor,Electronics,5,12122,5,57579.5,41084.18,16495.32,North,Uttar Pradesh,Lucknow
1288,2024-04-27,285,Customer 0285,Mouse,Electronics,13,638,15,7049.9,5072.59,-1977.31,North,Delhi,New Delhi
1289,2024-03-07,292,Customer 0292,Pen,Stationery,1,21,15,17.85,12.84,5.01,East,West Bengal,Kolkata
1290,2025-09-10,67,Customer 0067,Phone,Electronics,16,24534,15,333662.4,291851.34,41811.06,North,Uttar Pradesh,Lucknow
1291,2023-08-12,454,Customer 0454,Desk,Furniture,13,6432,10,75254.4,66655.76,8598.64,North,Uttar Pradesh,Lucknow
1292,2023-10-25,243,Customer 0243,Monitor,Electronics,13,11594,15,128113.7,81316.07,46797.63,East,West Bengal,Kolkata
1293,2024-01-10,488,Customer 0488,Laptop,Electronics,15,49943,5,711687.75,516083.16,195604.59,West,Maharashtra,Mumbai
1294,2024-01-16,259,Customer 0259,Laptop,Electronics,10,47420,5,450490,292180.43,158309.57,South,Telangana,Hyderabad
1295,2024-09-17,331,Customer 0331,Pen,Stationery,20,19,5,361,280.01,80.99,West,Maharashtra,Mumbai
1296,2023-09-20,154,Customer 0154,Monitor,Electronics,12,12725,5,145065,100610.07,44454.93,East,West Bengal,Kolkata
1297,2025-01-11,420,Customer 0420,Notebook,Stationery,1,72,0,72,64.44,7.56,West,Gujarat,Ahmedabad
1298,2023-12-28,287,Customer 0287,Laptop,Electronics,5,46429,5,220537.75,197810.5,22727.25,North,Rajasthan,Jaipur
1299,2025-11-18,323,Customer 0323,Phone,Electronics,12,24134,15,246166.8,220568.2,25598.6,South,Karnataka,Bengaluru
1300,2025-09-27,471,Customer 0471,Laptop,Electronics,15,50765,0,761475,609430.15,152044.85,West,Maharashtra,Mumbai
1301,2025-03-28,206,Customer 0206,Printer,Electronics,15,13592,10,183492,141667.53,41824.47,North,Uttar Pradesh,Lucknow
1302,2024-09-26,445,Customer 0445,Phone,Electronics,8,25871,10,186271.2,130677.27,55593.93,South,Tamil Nadu,Chennai
1303,2024-02-18,377,Customer 0377,Phone,Electronics,16,25552,0,408832,365826.84,43005.16,South,Karnataka,Bengaluru
1304,2024-11-09,425,Customer 0425,Monitor,Electronics,1,12538,0,12538,9488.7,3049.3,South,Telangana,Hyderabad
1305,2024-08-15,272,Customer 0272,Chair,Furniture,5,3375,5,16031.25,12471.86,3559.39,North,Uttar Pradesh,Lucknow
1306,2024-02-25,216,Customer 0216,Desk,Furniture,7,6454,10,40660.2,24612.16,16048.04,Central,Madhya Pradesh,Bhopal
1307,2023-04-07,248,Customer 0248,Keyboard,Electronics,13,1084,15,11978.2,8930.34,3047.86,South,Tamil Nadu,Chennai
1308,2025-01-12,485,Customer 0485,Keyboard,Electronics,5,1184,5,5624,3770.98,1853.02,South,Telangana,Hyderabad
1309,2023-03-09,155,Customer 0155,Chair,Furniture,16,3615,10,52056,41580.36,10475.64,North,Delhi,New Delhi
1310,2025-05-14,60,,Phone,Electronics,3,23072,0,69216,43749.36,25466.64,Central,Madhya Pradesh,Bhopal
1311,2023-06-29,18,Customer 0018,Monitor,Electronics,9,11423,15,87385.95,59867.29,27518.66,South,Tamil Nadu,Chennai
1312,2023-04-05,131,Customer 0131,Pen,Stationery,3,20,5,57,41.97,15.03,South,Karnataka,Bengaluru
1313,2024-02-09,134,Customer 0134,Chair,Furniture,6,3468,10,18727.2,16072.77,2654.43,South,Telangana,Hyderabad
1314,2024-02-25,162,Customer 0162,Printer,Electronics,2,16348,10,29426.4,23574.8,5851.6,West,Maharashtra,Mumbai
1315,2025-11-28,154,Customer 0154,Keyboard,Electronics,19,1089,10,18621.9,15456.82,3165.08,South,Karnataka,Bengaluru
1316,2024-03-23,198,Customer 0198,Laptop,Electronics,3,48662,5,138686.7,85879.85,52806.85,South,Tamil Nadu,Chennai
1317,2025-10-26,131,Customer 0131,Chair,Furniture,9,3562,10,28852.2,24350.53,4501.67,North,Delhi,New Delhi
1318,2024-06-13,494,Customer 0494,Chair,Furniture,7,3588,10,22604.4,14485.02,8119.38,South,Karnataka,Bengaluru
1319,2024-05-17,146,Customer 0146,Laptop,Electronics,3,52178,15,133053.9,107633.63,25420.27,South,Telangana,Hyderabad
1320,2024-03-28,62,Customer 0062,Desk,Furniture,12,7173,10,77468.4,67361.56,10106.84,West,Gujarat,Ahmedabad
1321,2023-07-01,212,Customer 0212,Phone,Electronics,16,24752,0,396032,260580.9,135451.1,West,Gujarat,Ahmedabad
1322,2024-04-09,498,Customer 0498,Laptop,Electronics,10,48637,10,437733,330563.75,107169.25,Central,Madhya Pradesh,Bhopal
1323,2023-03-29,251,Customer 0251,Chair,Furniture,20,3162,15,53754,38985.64,14768.36,South,Tamil Nadu,Chennai
1324,2023-10-11,130,Customer 0130,Keyboard,Electronics,8,1290,10,9288,7438.91,1849.09,West,Maharashtra,Mumbai
1325,2025-08-09,376,Customer 0376,Mouse,Electronics,14,588,5,7820.4,5379.05,2441.35,East,West Bengal,Kolkata
1326,2024-01-28,406,Customer 0406,Printer,Electronics,5,13525,5,64243.75,50304.04,13939.71,West,Gujarat,Ahmedabad
1327,2023-03-12,40,Customer 0040,Desk,Furniture,15,6660,0,99900,89104.48,10795.52,West,Gujarat,Ahmedabad
1328,2023-09-10,391,Customer 0391,Monitor,Electronics,14,13073,0,183022,164604.85,18417.15,Central,Madhya Pradesh,Bhopal
1329,2025-08-22,33,Customer 0033,Printer,Electronics,3,14765,5,42080.25,28637.73,13442.52,South,Telangana,Hyderabad
1330,2024-09-14,399,Customer 0399,Chair,Furniture,4,3261,15,11087.4,9687.87,1399.53,South,Karnataka,Bengaluru
1331,2023-12-23,146,Customer 0146,Monitor,Electronics,12,11427,0,137124,83848.87,53275.13,South,Tamil Nadu,Chennai
1332,2023-06-07,308,Customer 0308,Mouse,Electronics,12,606,15,6181.2,4869.04,1312.16,North,Rajasthan,Jaipur
1333,2023-04-21,459,Customer 0459,Desk,Furniture,8,7326,5,55677.6,47279.87,8397.73,West,Maharashtra,Mumbai
1334,2024-02-02,123,Customer 0123,Chair,Furniture,8,3166,15,21528.8,19344.57,2184.23,South,Karnataka,Bengaluru
1335,2023-06-22,85,Customer 0085,Desk,Furniture,17,7072,5,114212.8,84455.09,29757.71,South,Telangana,Hyderabad
1336,2024-06-28,452,Customer 0452,Notebook,Stationery,4,78,5,296.4,249.4,47,North,Uttar Pradesh,Lucknow
1337,2023-09-29,222,Customer 0222,Desk,Furniture,15,7659,0,114885,89001.35,25883.65,North,Uttar Pradesh,Lucknow
1338,2025-11-03,437,Customer 0437,Chair,Furniture,17,3391,5,54764.65,38093.29,16671.36,North,Delhi,New Delhi
1339,2023-09-30,325,Customer 0325,Phone,Electronics,1,23889,0,23889,21064.56,2824.44,Central,Madhya Pradesh,Bhopal
1340,2024-11-29,284,Customer 0284,Keyboard,Electronics,19,1241,15,20042.15,14990.01,5052.14,North,Uttar Pradesh,Lucknow
1341,2025-05-25,469,Customer 0469,Keyboard,Electronics,3,1095,0,3285,2817.78,467.22,West,Gujarat,Ahmedabad
1342,2025-01-11,6,Customer 0006,Keyboard,Electronics,3,1224,10,3304.8,2898.38,406.42,South,Tamil Nadu,Chennai
1343,2023-09-29,4,Customer 0004,Mouse,Electronics,7,577,5,3837.05,2418.85,1418.2,South,Tamil Nadu,Chennai
1344,2024-07-07,165,Customer 0165,Printer,Electronics,8,15248,10,109785.6,76226.6,33559,South,Karnataka,Bengaluru
1345,2025-10-02,19,Customer 0019,Phone,Electronics,11,23435,0,257785,191086.53,66698.47,North,Delhi,New Delhi
1346,2024-07-15,259,Customer 0259,Mouse,Electronics,20,592,10,10656,7129.52,3526.48,North,Delhi,New Delhi
1347,2024-04-14,397,Customer 0397,Desk,Furniture,12,6955,5,79287,65465.9,13821.1,North,Rajasthan,Jaipur
1348,2025-12-02,491,Customer 0491,Laptop,Electronics,7,48921,5,325324.65,204508.63,120816.02,West,Gujarat,Ahmedabad
1349,2023-03-24,381,Customer 0381,Mouse,Electronics,6,572,0,3432,2528.08,903.92,North,Delhi,New Delhi
1350,2024-01-15,192,Customer 0192,Mouse,Electronics,9,636,15,4865.4,3404.54,1460.86,South,Karnataka,Bengaluru
1351,2023-01-08,76,Customer 0076,Phone,Electronics,2,26313,0,52626,33908.08,18717.92,East,West Bengal,Kolkata
1352,2023-02-17,158,Customer 0158,Desk,Furniture,7,6499,15,38669.05,24851.74,13817.31,East,West Bengal,Kolkata
1353,2024-05-07,114,Customer 0114,Phone,Electronics,7,23276,15,138492.2,90189.14,48303.06,North,Delhi,New Delhi
1354,2025-04-22,247,Customer 0247,Keyboard,Electronics,11,1244,10,12315.6,8051.8,4263.8,East,West Bengal,Kolkata
1355,2025-08-18,334,Customer 0334,Keyboard,Electronics,4,1138,0,4552,3912.56,639.44,South,Telangana,Hyderabad
1356,2024-08-28,288,Customer 0288,Laptop,Electronics,18,49211,15,752928.3,559534.04,193394.26,South,Telangana,Hyderabad
1357,2025-10-24,495,Customer 0495,Laptop,Electronics,3,48569,15,123850.95,105293.44,18557.51,West,Maharashtra,Mumbai
1358,2023-02-01,493,Customer 0493,Notebook,Stationery,5,79,15,335.75,278.35,57.4,South,Tamil Nadu,Chennai
1359,2024-10-17,306,Customer 0306,Chair,Furniture,9,3347,5,28616.85,17508.58,11108.27,South,Karnataka,
1360,2024-01-23,219,Customer 0219,Printer,Electronics,6,16426,15,83772.6,72866.22,10906.38,North,Uttar Pradesh,
1361,2025-02-21,383,Customer 0383,Desk,Furniture,8,6506,0,52048,39546.35,12501.65,West,Gujarat,Ahmedabad
1362,2023-10-30,304,Customer 0304,Phone,Electronics,5,25435,0,127175,107491.06,19683.94,North,Uttar Pradesh,Lucknow
1363,2024-12-05,452,Customer 0452,Phone,Electronics,10,23677,15,201254.5,141956.67,59297.83,Central,Madhya Pradesh,
1364,2023-07-04,185,Customer 0185,Chair,Furniture,6,3349,10,18084.6,16006.88,2077.72,South,Telangana,Hyderabad
1365,2024-08-17,60,Customer 0060,Printer,Electronics,20,16140,0,322800,227530.42,95269.58,North,Rajasthan,Jaipur
1366,2025-02-08,194,Customer 0194,Chair,Furniture,15,3363,5,47922.75,33769.84,-14152.91,East,West Bengal,Kolkata
1367,2023-05-10,120,Customer 0120,Keyboard,Electronics,19,1231,10,21050.1,15590.02,-5460.08,South,Karnataka,Bengaluru
1368,2024-02-24,161,Customer 0161,Keyboard,Electronics,11,1233,10,12206.7,9146.6,3060.1,North,Delhi,New Delhi
1369,2025-07-04,164,Customer 0164,Chair,Furniture,8,3342,5,25399.2,16904.88,8494.32,South,Telangana,Hyderabad
1370,2024-01-20,415,Customer 0415,Desk,Furniture,4,6905,0,27620,17937.33,9682.67,West,Maharashtra,Mumbai
1371,2025-06-26,58,Customer 0058,Phone,Electronics,18,25122,10,406976.4,304427.2,102549.2,Central,Madhya Pradesh,Bhopal
1372,2023-01-04,366,Customer 0366,Monitor,Electronics,7,11976,10,75448.8,60011.04,15437.76,North,Delhi,New Delhi
1373,2024-11-22,74,Customer 0074,Keyboard,Electronics,8,1177,15,8003.6,7016.44,987.16,West,Gujarat,Ahmedabad
1374,2024-10-28,145,Customer 0145,Desk,Furniture,8,6986,0,55888,34036.08,21851.92,West,Maharashtra,Mumbai
1375,2024-08-30,206,Customer 0206,Keyboard,Electronics,13,1131,10,13232.7,10015.14,3217.56,Central,Madhya Pradesh,Bhopal
1376,2023-02-10,444,Customer 0444,Printer,Electronics,9,14765,0,132885,89537.18,43347.82,South,Tamil Nadu,Chennai
1377,2023-04-03,291,Customer 0291,Pen,Stationery,20,20,0,400,282.27,117.73,North,Rajasthan,Jaipur
1378,2025-04-13,419,Customer 0419,Phone,Electronics,20,26423,15,449191,340304.53,108886.47,West,Maharashtra,Mumbai
1379,2023-11-20,282,Customer 0282,Notebook,Stationery,8,79,5,600.4,373.53,226.87,North,Rajasthan,Jaipur
1380,2024-04-20,411,Customer 0411,Phone,Electronics,11,23934,15,223782.9,157818.46,65964.44,North,Delhi,New Delhi
1381,2023-02-26,490,Customer 0490,Printer,Electronics,6,13622,15,69472.2,48113.32,21358.88,South,Karnataka,Bengaluru
1382,2023-10-10,205,Customer 0205,Printer,Electronics,1,13933,0,13933,8987.35,4945.65,South,Telangana,Hyderabad
1383,2023-11-13,407,Customer 0407,Keyboard,Electronics,3,1284,5,3659.4,2203.01,1456.39,South,Telangana,Hyderabad
1384,2023-07-19,141,Customer 0141,Phone,Electronics,7,27282,15,162327.9,112244.64,50083.26,East,West Bengal,Kolkata
1385,2024-06-14,330,,Pen,Stationery,8,22,0,176,128.13,47.87,South,Telangana,Hyderabad
1386,2024-08-15,408,Customer 0408,Monitor,Electronics,17,11865,10,181534.5,153507.33,28027.17,Central,Madhya Pradesh,Bhopal
1387,2023-09-28,264,Customer 0264,Desk,Furniture,11,7628,0,83908,53366.42,30541.58,South,Telangana,Hyderabad
1388,2024-08-17,498,Customer 0498,Laptop,Electronics,6,45211,5,257702.7,172611.41,85091.29,East,West Bengal,Kolkata
1389,2025-02-14,234,Customer 0234,Phone,Electronics,17,27083,15,391349.35,268478.59,122870.76,East,West Bengal,Kolkata
1390,2023-06-12,74,Customer 0074,Desk,Furniture,13,6801,10,79571.7,67333.78,12237.92,North,Delhi,New Delhi
1391,2025-11-28,321,Customer 0321,Phone,Electronics,16,23776,15,323353.6,245998.86,77354.74,North,Delhi,New Delhi
1392,2024-07-12,21,,Desk,Furniture,19,7155,5,129147.75,83144.9,46002.85,Central,Madhya Pradesh,Bhopal
1393,2025-10-31,482,Customer 0482,Keyboard,Electronics,13,1110,10,12987,8984.25,4002.75,North,Uttar Pradesh,Lucknow
1394,2023-02-26,453,Customer 0453,Pen,Stationery,19,18,15,290.7,215.5,-75.2,North,Uttar Pradesh,Lucknow
1395,2025-09-22,17,Customer 0017,Desk,Furniture,17,6908,0,117436,93509.34,23926.66,North,Uttar Pradesh,
1396,2024-10-15,363,Customer 0363,Pen,Stationery,18,20,5,342,292.94,49.06,South,Telangana,Hyderabad
1397,2025-11-20,37,Customer 0037,Mouse,Electronics,17,624,15,9016.8,6453.53,2563.27,South,Tamil Nadu,Chennai
1398,2023-12-24,402,Customer 0402,Laptop,Electronics,4,51571,10,185655.6,137816.02,47839.58,South,Telangana,Hyderabad
1399,2023-07-04,92,Customer 0092,Pen,Stationery,15,20,5,285,229.67,55.33,South,Tamil Nadu,Chennai
1400,2023-05-17,74,Customer 0074,Monitor,Electronics,19,11938,0,226822,186643.34,40178.66,South,Telangana,Hyderabad
1401,2023-05-19,368,Customer 0368,Laptop,Electronics,14,49297,15,586634.3,358937.6,227696.7,South,Tamil Nadu,Chennai
1402,2025-03-21,120,Customer 0120,Laptop,Electronics,6,51809,15,264225.9,217859.36,46366.54,North,Rajasthan,Jaipur
1403,2023-11-15,89,Customer 0089,Laptop,Electronics,13,49970,15,552168.5,393369.75,158798.75,South,Telangana,Hyderabad
1404,2025-01-19,348,Customer 0348,Monitor,Electronics,12,12292,10,132753.6,115629.13,17124.47,South,Telangana,Hyderabad
1405,2023-04-24,121,Customer 0121,Mouse,Electronics,10,604,15,5134,3117.42,2016.58,West,Gujarat,Ahmedabad
1406,2023-03-26,450,Customer 0450,Phone,Electronics,12,26890,5,306546,261506.56,45039.44,South,Telangana,Hyderabad
1407,2024-06-30,277,Customer 0277,Chair,Furniture,10,3206,10,28854,25938.42,2915.58,West,Gujarat,Ahmedabad
1408,2024-12-09,85,Customer 0085,Mouse,Electronics,1,657,10,591.3,382.07,209.23,South,Tamil Nadu,Chennai
1409,2023-07-17,189,Customer 0189,Notebook,Stationery,16,78,10,1123.2,885.77,237.43,South,Karnataka,Bengaluru
1410,2024-03-07,103,Customer 0103,Pen,Stationery,14,19,5,252.7,200.88,51.82,West,Maharashtra,Mumbai
1411,2025-05-21,453,Customer 0453,Monitor,Electronics,6,12926,10,69800.4,46994.21,22806.19,West,Maharashtra,Mumbai
1412,2024-05-23,412,Customer 0412,Printer,Electronics,8,15538,15,105658.4,94701.07,10957.33,South,Tamil Nadu,Chennai
1413,2025-07-25,498,Customer 0498,Chair,Furniture,5,3554,5,16881.5,13618.79,3262.71,West,Gujarat,Ahmedabad
1414,2023-12-08,259,Customer 0259,Printer,Electronics,1,14082,15,11969.7,8312.35,3657.35,Central,Madhya Pradesh,Bhopal
1415,2025-02-03,32,Customer 0032,Printer,Electronics,9,15324,0,137916,112520.89,25395.11,North,Uttar Pradesh,Lucknow
1416,2025-02-07,170,Customer 0170,Phone,Electronics,11,24104,5,251886.8,216897.16,34989.64,Central,Madhya Pradesh,Bhopal
1417,2023-05-23,346,Customer 0346,Desk,Furniture,14,6628,10,83512.8,67977.44,15535.36,North,Rajasthan,Jaipur
1418,2025-11-16,191,Customer 0191,Pen,Stationery,3,20,15,51,30.77,20.23,Central,Madhya Pradesh,Bhopal
1419,2023-02-06,427,Customer 0427,Notebook,Stationery,15,84,5,1197,829.11,367.89,South,Tamil Nadu,Chennai
1420,2024-12-27,120,Customer 0120,Notebook,Stationery,11,74,0,814,643.06,170.94,South,Telangana,Hyderabad
1421,2024-06-05,210,Customer 0210,Laptop,Electronics,18,47129,15,721073.7,527689.01,193384.69,North,Rajasthan,Jaipur
1422,2024-01-29,258,Customer 0258,Notebook,Stationery,8,75,15,510,396.93,113.07,South,Telangana,Hyderabad
1423,2024-02-14,159,Customer 0159,Chair,Furniture,5,3195,10,14377.5,9878.62,4498.88,South,Karnataka,Bengaluru
1424,2024-06-14,68,Customer 0068,Pen,Stationery,12,19,0,228,179.91,48.09,South,Karnataka,Bengaluru
1425,2024-11-28,75,Customer 0075,Mouse,Electronics,18,617,10,9995.4,7939.06,2056.34,South,Telangana,Hyderabad
1426,2023-09-16,76,Customer 0076,Notebook,Stationery,20,82,0,1640,1226.72,413.28,Central,Madhya Pradesh,Bhopal
1427,2023-10-29,36,Customer 0036,Desk,Furniture,19,7637,0,145103,113744.02,31358.98,South,Telangana,Hyderabad
1428,2024-07-25,211,Customer 0211,Phone,Electronics,17,25947,10,396989.1,275425.79,121563.31,West,Gujarat,Ahmedabad
1429,2024-08-13,426,Customer 0426,Laptop,Electronics,4,47606,0,190424,120910.1,69513.9,East,West Bengal,Kolkata
1430,2023-03-29,474,Customer 0474,Printer,Electronics,15,15909,15,202839.75,161630.15,41209.6,North,Delhi,New Delhi
1431,2024-11-23,420,Customer 0420,Mouse,Electronics,16,637,5,9682.4,8597.05,1085.35,South,Karnataka,Bengaluru
1432,2023-06-19,404,Customer 0404,Desk,Furniture,14,6680,15,79492,65693.12,13798.88,West,Maharashtra,Mumbai
1433,2024-02-28,214,Customer 0214,Chair,Furniture,12,3478,5,39649.2,26907.22,12741.98,North,Delhi,New Delhi
1434,2025-01-02,479,Customer 0479,Printer,Electronics,12,14637,5,166861.8,116567.96,50293.84,South,Tamil Nadu,Chennai
1435,2024-11-28,371,Customer 0371,Desk,Furniture,17,6952,5,112274.8,81040.53,31234.27,South,Karnataka,Bengaluru
1436,2024-04-05,432,Customer 0432,Notebook,Stationery,7,88,0,616,493.91,122.09,South,Tamil Nadu,Chennai
1437,2024-11-25,267,Customer 0267,Notebook,Stationery,17,75,0,1275,1024.73,250.27,West,Maharashtra,Mumbai
1438,2024-05-15,263,Customer 0263,Printer,Electronics,11,16001,10,158409.9,102440.86,55969.04,South,Karnataka,Bengaluru
1439,2025-04-22,349,Customer 0349,Phone,Electronics,15,22608,5,322164,250169.46,71994.54,West,Gujarat,Ahmedabad
1440,2024-01-29,196,Customer 0196,Notebook,Stationery,10,73,15,620.5,557.22,63.28,South,Telangana,Hyderabad
1441,2023-03-07,368,Customer 0368,Pen,Stationery,15,22,10,297,238.85,58.15,Central,Madhya Pradesh,Bhopal
1442,2023-08-11,500,Customer 0500,Notebook,Stationery,16,83,15,1128.8,737.87,390.93,South,Telangana,Hyderabad
1443,2024-03-25,337,Customer 0337,Laptop,Electronics,4,45194,5,171737.2,130355.8,41381.4,South,Tamil Nadu,Chennai
1444,2023-05-01,69,Customer 0069,Laptop,Electronics,18,52711,10,853918.2,564397.85,289520.35,South,Tamil Nadu,Chennai
1445,2023-02-09,453,Customer 0453,Keyboard,Electronics,9,1154,0,10386,8673.58,1712.42,South,Karnataka,Bengaluru
1446,2023-08-13,71,Customer 0071,Phone,Electronics,1,26765,0,26765,18311.23,8453.77,South,Tamil Nadu,Chennai
1447,2025-12-10,128,Customer 0128,Printer,Electronics,15,14861,10,200623.5,137312,63311.5,West,Gujarat,Ahmedabad
1448,2024-03-16,422,Customer 0422,Printer,Electronics,5,16498,15,70116.5,58775.61,11340.89,East,West Bengal,Kolkata
1449,2024-05-01,120,Customer 0120,Desk,Furniture,5,7606,15,32325.5,20631.08,11694.42,North,Uttar Pradesh,Lucknow
1450,2024-02-11,167,Customer 0167,Desk,Furniture,4,6895,15,23443,20501.9,2941.1,South,Karnataka,Bengaluru
1451,2024-09-28,418,Customer 0418,Laptop,Electronics,12,51318,10,554234.4,454834.07,99400.33,East,West Bengal,Kolkata
1452,2023-10-17,352,Customer 0352,Chair,Furniture,8,3340,10,24048,19833.9,4214.1,West,Maharashtra,Mumbai
1453,2024-07-16,268,Customer 0268,Phone,Electronics,6,25911,5,147692.7,124258.15,23434.55,South,Tamil Nadu,Chennai
1454,2025-11-18,266,Customer 0266,Phone,Electronics,4,25406,0,101624,73079.7,28544.3,Central,Madhya Pradesh,Bhopal
1455,2025-02-14,133,Customer 0133,Phone,Electronics,13,26201,15,289521.05,200415.16,89105.89,South,Karnataka,Bengaluru
1456,2024-09-12,310,Customer 0310,Phone,Electronics,2,22790,10,41022,26613.03,14408.97,North,Rajasthan,Jaipur
1457,2023-10-30,426,Customer 0426,Monitor,Electronics,4,12210,0,48840,43683.81,5156.19,Central,Madhya Pradesh,Bhopal
1458,2024-03-30,107,Customer 0107,Laptop,Electronics,2,47252,10,85053.6,75116.23,9937.37,South,Karnataka,Bengaluru
1459,2024-02-25,445,Customer 0445,Keyboard,Electronics,1,1304,15,1108.4,669.96,438.44,North,Delhi,New Delhi
1460,2025-03-30,421,Customer 0421,Keyboard,Electronics,20,1094,15,18598,16151.32,2446.68,North,Rajasthan,Jaipur
1461,2024-03-03,306,Customer 0306,Printer,Electronics,10,14542,15,123607,99046.16,-24560.84,South,Telangana,Hyderabad
1462,2024-11-06,70,Customer 0070,Phone,Electronics,14,27418,15,326274.2,224886.47,101387.73,Central,Madhya Pradesh,Bhopal
1463,2023-12-18,447,Customer 0447,Chair,Furniture,4,3824,5,14531.2,9937.19,4594.01,Central,Madhya Pradesh,Bhopal
1464,2025-10-15,278,Customer 0278,Pen,Stationery,8,19,15,129.2,93.6,35.6,North,Delhi,New Delhi
1465,2023-05-03,68,Customer 0068,Phone,Electronics,2,25918,5,49244.2,38876.18,10368.02,Central,Madhya Pradesh,Bhopal
1466,2024-08-28,491,Customer 0491,Chair,Furniture,4,3154,0,12616,10717.18,1898.82,South,Karnataka,Bengaluru
1467,2023-09-28,292,Customer 0292,Desk,Furniture,10,7204,5,68438,57814.96,10623.04,Central,Madhya Pradesh,Bhopal
1468,2025-10-05,472,Customer 0472,Mouse,Electronics,15,592,5,8436,5578.36,2857.64,North,Rajasthan,Jaipur
1469,2024-04-06,468,Customer 0468,Desk,Furniture,8,7148,15,48606.4,41039.21,7567.19,North,Delhi,New Delhi
1470,2025-01-30,120,Customer 0120,Desk,Furniture,10,7670,10,69030,59976.89,9053.11,North,Rajasthan,Jaipur
1471,2024-04-02,250,Customer 0250,Pen,Stationery,7,21,5,139.65,98.51,41.14,Central,Madhya Pradesh,Bhopal
1472,2023-12-08,339,Customer 0339,Monitor,Electronics,17,12949,10,198119.7,142317.37,55802.33,Central,Madhya Pradesh,Bhopal
1473,2025-06-24,131,Customer 0131,Notebook,Stationery,7,81,5,538.65,425.78,112.87,North,Uttar Pradesh,Lucknow
1474,2024-12-05,223,Customer 0223,Pen,Stationery,4,18,10,64.8,44.88,19.92,North,Rajasthan,Jaipur
1475,2025-01-06,111,Customer 0111,Laptop,Electronics,7,50501,10,318156.3,230687.08,87469.22,North,Rajasthan,Jaipur
1476,2023-12-02,195,Customer 0195,Keyboard,Electronics,7,1190,10,7497,5981.31,1515.69,West,Gujarat,Ahmedabad
1477,2024-02-27,164,Customer 0164,Desk,Furniture,17,7154,10,109456.2,98507.77,10948.43,South,Tamil Nadu,Chennai
1478,2024-10-20,51,Customer 0051,Keyboard,Electronics,4,1160,15,3944,2916.07,1027.93,East,West Bengal,Kolkata
1479,2023-05-01,162,Customer 0162,Printer,Electronics,20,16144,10,290592,256113.48,34478.52,South,Karnataka,Bengaluru
1480,2025-01-17,33,Customer 0033,Desk,Furniture,17,6640,10,101592,91428.28,10163.72,North,Uttar Pradesh,Lucknow
1481,2023-05-07,265,Customer 0265,Monitor,Electronics,13,13062,10,152825.4,124437.59,28387.81,North,Delhi,New Delhi
1482,2024-12-26,161,Customer 0161,Mouse,Electronics,11,653,0,7183,4526.02,2656.98,West,Maharashtra,Mumbai
1483,2024-08-27,239,Customer 0239,Desk,Furniture,5,7078,5,33620.5,21809.08,11811.42,North,Uttar Pradesh,Lucknow
1484,2025-09-02,196,Customer 0196,Pen,Stationery,1,20,5,19,14.44,4.56,South,Karnataka,Bengaluru
1485,2024-10-15,201,Customer 0201,Mouse,Electronics,7,649,15,3861.55,2754.19,1107.36,West,Gujarat,Ahmedabad
1486,2023-07-25,234,Customer 0234,Mouse,Electronics,6,615,5,3505.5,3098.89,406.61,North,Uttar Pradesh,Lucknow
1487,2024-09-20,224,Customer 0224,Printer,Electronics,9,16342,10,132370.2,84674.87,47695.33,South,Tamil Nadu,Chennai
1488,2023-10-18,344,Customer 0344,Laptop,Electronics,6,51267,0,307602,198352.71,109249.29,North,Delhi,New Delhi
1489,2025-04-22,305,Customer 0305,Mouse,Electronics,9,650,10,5265,3479.57,1785.43,North,Rajasthan,Jaipur
1490,2024-05-14,119,Customer 0119,Chair,Furniture,20,3263,0,65260,58673.31,6586.69,South,Telangana,Hyderabad
1491,2025-04-24,46,Customer 0046,Chair,Furniture,5,3410,5,16197.5,12175.02,4022.48,North,Delhi,New Delhi
1492,2025-03-29,496,Customer 0496,Chair,Furniture,7,3332,15,19825.4,17579.46,2245.94,East,West Bengal,Kolkata
1493,2023-12-18,83,Customer 0083,Laptop,Electronics,14,48195,10,607257,540071.98,67185.02,Central,Madhya Pradesh,Bhopal
1494,2023-06-30,72,Customer 0072,Notebook,Stationery,7,76,5,505.4,378.8,126.6,West,Maharashtra,Mumbai
1495,2024-07-19,491,Customer 0491,Desk,Furniture,12,7432,5,84724.8,74065.35,10659.45,South,Tamil Nadu,Chennai
1496,2025-02-15,383,Customer 0383,Desk,Furniture,19,7043,15,113744.45,76982.45,36762,North,Rajasthan,Jaipur
1497,2023-08-14,359,Customer 0359,Pen,Stationery,15,22,5,313.5,239.46,74.04,North,Delhi,New Delhi
1498,2024-02-13,19,Customer 0019,Desk,Furniture,16,7460,15,101456,71743.35,29712.65,South,Tamil Nadu,Chennai
1499,2025-01-10,428,Customer 0428,Chair,Furniture,7,3461,15,20592.95,17224.14,3368.81,East,West Bengal,Kolkata
1500,2024-05-25,353,Customer 0353,Printer,Electronics,19,14581,5,263187.05,165121.47,98065.58,East,West Bengal,Kolkata
1501,2025-07-08,269,Customer 0269,Monitor,Electronics,19,12630,5,227971.5,188275.41,39696.09,South,Tamil Nadu,Chennai
1502,2023-03-04,341,Customer 0341,Laptop,Electronics,15,51483,15,656408.25,471569.19,-184839.06,South,Karnataka,Bengaluru
1503,2025-10-21,477,Customer 0477,Chair,Furniture,9,3610,0,32490,27904.58,4585.42,Central,Madhya Pradesh,Bhopal
1504,2025-11-01,335,Customer 0335,Mouse,Electronics,7,587,10,3698.1,3158.64,539.46,East,West Bengal,Kolkata
1505,2024-11-25,244,Customer 0244,Notebook,Stationery,17,82,10,1254.6,953.33,301.27,Central,Madhya Pradesh,Bhopal
1506,2025-08-07,154,Customer 0154,Mouse,Electronics,17,582,10,8904.6,5858.82,3045.78,North,Rajasthan,Jaipur
1507,2023-10-11,378,Customer 0378,Mouse,Electronics,7,592,10,3729.6,2243.96,1485.64,North,Delhi,New Delhi
1508,2023-10-28,486,Customer 0486,Notebook,Stationery,1,86,5,81.7,65.34,16.36,South,Tamil Nadu,Chennai
1509,2025-06-25,404,Customer 0404,Notebook,Stationery,1,74,0,74,46.29,27.71,West,Maharashtra,Mumbai
1510,2024-10-28,191,Customer 0191,Mouse,Electronics,2,585,0,1170,727.86,442.14,West,Maharashtra,Mumbai
1511,2025-06-21,269,Customer 0269,Monitor,Electronics,6,12536,0,75216,60490.07,14725.93,West,Maharashtra,Mumbai
1512,2023-09-03,498,Customer 0498,Chair,Furniture,3,3522,15,8981.1,7302.42,1678.68,West,Gujarat,Ahmedabad
1513,2023-01-06,395,Customer 0395,Phone,Electronics,14,27004,0,378056,307971.54,70084.46,West,Gujarat,Ahmedabad
1514,2023-10-11,264,Customer 0264,Keyboard,Electronics,12,1173,0,14076,8675.87,5400.13,South,Telangana,Hyderabad
1515,2023-09-21,431,Customer 0431,Mouse,Electronics,17,554,5,8947.1,6546.93,2400.17,North,Uttar Pradesh,Lucknow
1516,2024-06-27,33,Customer 0033,Phone,Electronics,18,22661,15,346713.3,260555.55,86157.75,South,Karnataka,Bengaluru
1517,2025-01-22,247,Customer 0247,Notebook,Stationery,6,85,0,510,339.7,170.3,South,Karnataka,Bengaluru
1518,2024-03-05,82,Customer 0082,Chair,Furniture,9,3265,15,24977.25,20458.23,4519.02,North,Rajasthan,Jaipur
1519,2025-02-23,150,Customer 0150,Printer,Electronics,18,14043,10,227496.6,157268.03,70228.57,West,Gujarat,Ahmedabad
1520,2023-04-25,451,Customer 0451,Desk,Furniture,14,7397,15,88024.3,54281.87,33742.43,West,Gujarat,Ahmedabad
1521,2023-11-02,222,Customer 0222,Monitor,Electronics,10,13176,5,125172,99384.17,25787.83,West,Maharashtra,Mumbai
1522,2024-04-30,45,Customer 0045,Pen,Stationery,7,21,15,124.95,78.69,46.26,West,Maharashtra,Mumbai
1523,2023-09-07,195,Customer 0195,Monitor,Electronics,17,11938,10,182651.4,154796.58,27854.82,West,Maharashtra,Mumbai
1524,2024-05-10,119,Customer 0119,Notebook,Stationery,16,83,15,1128.8,917.06,211.74,West,Gujarat,Ahmedabad
1525,2024-02-13,200,,Laptop,Electronics,8,51552,15,350553.6,298304.66,52248.94,Central,Madhya Pradesh,Bhopal
1526,2025-11-20,17,Customer 0017,Mouse,Electronics,10,583,5,5538.5,4975.19,563.31,North,Rajasthan,Jaipur
1527,2025-04-09,302,Customer 0302,Notebook,Stationery,12,83,0,996,725.67,270.33,West,Maharashtra,Mumbai
1528,2023-02-12,243,Customer 0243,Chair,Furniture,8,3289,15,22365.2,14188.65,8176.55,West,Maharashtra,Mumbai
1529,2024-02-04,141,Customer 0141,Pen,Stationery,15,21,10,283.5,225.09,58.41,South,Telangana,Hyderabad
1530,2023-12-29,245,Customer 0245,Laptop,Electronics,19,54293,15,876831.95,546701.52,330130.43,South,Telangana,Hyderabad
1531,2024-04-23,76,Customer 0076,Monitor,Electronics,6,12296,5,70087.2,50917.46,19169.74,North,Rajasthan,Jaipur
1532,2025-07-11,310,Customer 0310,Mouse,Electronics,13,602,15,6652.1,4156.46,2495.64,West,Gujarat,Ahmedabad
1533,2024-08-23,164,Customer 0164,Monitor,Electronics,3,12746,0,38238,32886.86,5351.14,North,Uttar Pradesh,Lucknow
1534,2024-03-08,14,Customer 0014,Phone,Electronics,17,25071,5,404896.65,274036.84,130859.81,North,Rajasthan,Jaipur
1535,2023-08-12,171,Customer 0171,Printer,Electronics,15,14275,5,203418.75,175529.75,27889,Central,Madhya Pradesh,Bhopal
1536,2025-03-29,328,Customer 0328,Printer,Electronics,1,13552,5,12874.4,11218.13,1656.27,South,Karnataka,Bengaluru
1537,2023-04-16,333,Customer 0333,Printer,Electronics,1,16102,5,15296.9,10642.66,4654.24,West,Gujarat,Ahmedabad
1538,2025-07-08,17,Customer 0017,Desk,Furniture,2,6918,15,11760.6,9872.96,1887.64,East,West Bengal,Kolkata
1539,2023-09-16,174,Customer 0174,Chair,Furniture,2,3642,5,6919.8,5680.67,1239.13,South,Tamil Nadu,Chennai
1540,2023-08-03,5,Customer 0005,Mouse,Electronics,9,546,5,4668.3,3573.28,1095.02,West,Maharashtra,Mumbai
1541,2024-09-14,350,Customer 0350,Printer,Electronics,16,13690,10,197136,128070.71,69065.29,South,Telangana,Hyderabad
1542,2023-02-17,306,Customer 0306,Phone,Electronics,4,22689,5,86218.2,57316.93,28901.27,North,Rajasthan,Jaipur
1543,2025-10-24,482,Customer 0482,Phone,Electronics,8,26870,0,214960,162836.88,52123.12,North,Delhi,New Delhi
1544,2023-03-12,146,Customer 0146,Phone,Electronics,12,27207,5,310159.8,235297.72,74862.08,South,Karnataka,Bengaluru
1545,2024-09-30,99,Customer 0099,Monitor,Electronics,6,10963,15,55911.3,46546.75,9364.55,North,Uttar Pradesh,Lucknow
1546,2023-02-06,118,Customer 0118,Pen,Stationery,18,22,5,376.2,239.84,136.36,North,Uttar Pradesh,Lucknow
1547,2023-03-15,202,Customer 0202,Desk,Furniture,12,7377,10,79671.6,64549.14,15122.46,South,Telangana,Hyderabad
1548,2024-06-17,283,Customer 0283,Pen,Stationery,14,22,10,277.2,182.9,94.3,North,Delhi,New Delhi
1549,2025-07-25,206,Customer 0206,Printer,Electronics,6,16121,15,82217.1,66482.32,15734.78,North,Uttar Pradesh,Lucknow
1550,2024-07-04,342,Customer 0342,Laptop,Electronics,15,50162,10,677187,410333.17,266853.83,South,Telangana,Hyderabad
1551,2024-06-30,356,Customer 0356,Printer,Electronics,3,14492,10,39128.4,23609.29,15519.11,South,Telangana,Hyderabad
1552,2023-08-29,240,Customer 0240,Laptop,Electronics,12,46424,10,501379.2,442971.94,58407.26,South,Karnataka,Bengaluru
1553,2025-06-20,298,Customer 0298,Monitor,Electronics,16,11654,10,167817.6,108975.74,58841.86,North,Delhi,New Delhi
1554,2025-03-12,456,Customer 0456,Chair,Furniture,15,3609,5,51428.25,34089.38,17338.87,West,Gujarat,Ahmedabad
1555,2024-01-01,257,Customer 0257,Desk,Furniture,17,7397,10,113174.1,85958.79,27215.31,South,Tamil Nadu,Chennai
1556,2024-07-27,298,Customer 0298,Pen,Stationery,11,22,15,205.7,135.77,69.93,North,Uttar Pradesh,Lucknow
1557,2025-09-16,108,Customer 0108,Desk,Furniture,2,6681,5,12693.9,9200.5,3493.4,North,Rajasthan,Jaipur
1558,2024-08-24,256,Customer 0256,Desk,Furniture,11,7315,15,68395.25,44642.8,23752.45,Central,Madhya Pradesh,Bhopal
1559,2025-02-23,197,Customer 0197,Phone,Electronics,13,23852,0,310076,244991.36,65084.64,North,Rajasthan,Jaipur
1560,2024-11-24,243,Customer 0243,Chair,Furniture,12,3635,0,43620,36212.34,7407.66,West,Gujarat,Ahmedabad
1561,2023-08-01,365,Customer 0365,Notebook,Stationery,19,81,5,1462.05,908.9,553.15,East,West Bengal,Kolkata
1562,2023-03-27,416,Customer 0416,Keyboard,Electronics,6,1141,5,6503.7,5415.99,1087.71,North,Delhi,New Delhi
1563,2024-01-07,365,Customer 0365,Notebook,Stationery,14,87,0,1218,988.89,229.11,North,Delhi,New Delhi
1564,2024-11-24,271,Customer 0271,Printer,Electronics,8,14965,15,101762,88906.65,12855.35,North,Uttar Pradesh,Lucknow
1565,2023-12-15,479,Customer 0479,Laptop,Electronics,8,47405,0,379240,288640.6,90599.4,South,Karnataka,Bengaluru
1566,2024-11-14,279,Customer 0279,Phone,Electronics,15,24140,10,325890,249030.68,76859.32,South,Telangana,Hyderabad
1567,2023-09-07,237,Customer 0237,Laptop,Electronics,7,52511,0,367577,323565.79,44011.21,South,Tamil Nadu,Chennai
1568,2023-05-02,367,Customer 0367,Chair,Furniture,9,3830,0,34470,23216.53,11253.47,North,Rajasthan,Jaipur
1569,2023-10-13,364,Customer 0364,Chair,Furniture,8,3511,10,25279.2,20560.45,4718.75,North,Delhi,New Delhi
1570,2024-04-17,71,Customer 0071,Desk,Furniture,10,7589,15,64506.5,46692.06,17814.44,North,Rajasthan,Jaipur
1571,2023-09-13,451,Customer 0451,Pen,Stationery,20,18,5,342,278.51,63.49,South,Tamil Nadu,Chennai
1572,2024-08-01,295,Customer 0295,Pen,Stationery,6,22,5,125.4,108.66,16.74,South,Telangana,Hyderabad
1573,2023-09-21,313,Customer 0313,Pen,Stationery,18,22,15,336.6,240.05,96.55,South,Telangana,Hyderabad
1574,2025-03-13,46,Customer 0046,Pen,Stationery,18,20,10,324,288.48,35.52,Central,Madhya Pradesh,Bhopal
1575,2023-11-25,74,Customer 0074,Notebook,Stationery,1,82,0,82,71.38,10.62,West,Gujarat,Ahmedabad
1576,2025-11-24,280,Customer 0280,Notebook,Stationery,11,73,15,682.55,570.84,111.71,Central,Madhya Pradesh,Bhopal
1577,2025-07-05,176,Customer 0176,Monitor,Electronics,2,12662,15,21525.4,15547.67,5977.73,East,West Bengal,Kolkata
1578,2023-12-29,273,Customer 0273,Monitor,Electronics,18,12537,10,203099.4,143028.76,60070.64,North,Rajasthan,Jaipur
1579,2023-07-23,335,Customer 0335,Keyboard,Electronics,1,1195,10,1075.5,719.32,-356.18,North,Delhi,New Delhi
1580,2023-07-13,436,Customer 0436,Printer,Electronics,18,15072,10,244166.4,163007.32,81159.08,South,Telangana,Hyderabad
1581,2025-03-30,37,Customer 0037,Desk,Furniture,3,6360,0,19080,13533.41,5546.59,North,Uttar Pradesh,Lucknow
1582,2023-12-01,93,Customer 0093,Printer,Electronics,16,15823,15,215192.8,159873.43,55319.37,South,Telangana,Hyderabad
1583,2023-01-12,447,Customer 0447,Printer,Electronics,16,15898,15,216212.8,149038.47,67174.33,South,Karnataka,Bengaluru
1584,2023-07-03,352,Customer 0352,Notebook,Stationery,12,78,0,936,763.68,172.32,West,Gujarat,Ahmedabad
1585,2025-01-27,283,Customer 0283,Phone,Electronics,14,24441,5,325065.3,197884.92,127180.38,East,West Bengal,Kolkata
1586,2025-12-02,245,Customer 0245,Desk,Furniture,7,6984,10,43999.2,34874.5,9124.7,South,Tamil Nadu,Chennai
1587,2025-10-18,475,Customer 0475,Notebook,Stationery,12,84,5,957.6,721.49,236.11,South,Tamil Nadu,Chennai
1588,2025-06-17,316,Customer 0316,Monitor,Electronics,19,12313,5,222249.65,184627.73,37621.92,North,Rajasthan,Jaipur
1589,2024-10-31,249,Customer 0249,Laptop,Electronics,18,50787,5,868457.7,629826.85,238630.85,West,Gujarat,Ahmedabad
1590,2023-05-30,212,Customer 0212,Monitor,Electronics,7,11678,15,69484.1,61557.2,7926.9,North,Rajasthan,Jaipur
1591,2023-03-13,343,Customer 0343,Pen,Stationery,4,21,10,75.6,49.89,25.71,North,Rajasthan,Jaipur
1592,2025-01-03,21,Customer 0021,Chair,Furniture,6,3684,10,19893.6,15799.05,4094.55,South,Telangana,Hyderabad
1593,2024-12-01,374,Customer 0374,Monitor,Electronics,2,11998,0,23996,20806.5,3189.5,Central,Madhya Pradesh,Bhopal
1594,2025-05-22,284,Customer 0284,Notebook,Stationery,18,77,0,1386,1060.2,325.8,North,Rajasthan,Jaipur
1595,2023-05-29,350,Customer 0350,Notebook,Stationery,1,80,5,76,50.08,25.92,West,Gujarat,Ahmedabad
1596,2024-11-14,82,Customer 0082,Chair,Furniture,17,3641,0,61897,39649.41,22247.59,South,Telangana,Hyderabad
1597,2024-03-31,15,Customer 0015,Pen,Stationery,4,21,0,84,64.57,19.43,West,Gujarat,Ahmedabad
1598,2024-05-09,470,Customer 0470,Phone,Electronics,9,24903,0,224127,187792.85,36334.15,North,Rajasthan,Jaipur
1599,2023-04-19,462,Customer 0462,Chair,Furniture,6,3684,15,18788.4,15925.06,2863.34,South,Tamil Nadu,Chennai
1600,2025-01-24,429,Customer 0429,Printer,Electronics,2,16452,5,31258.8,24503.81,6754.99,South,Karnataka,Bengaluru
1601,2025-09-16,328,Customer 0328,Laptop,Electronics,1,53174,5,50515.3,41973.14,8542.16,West,Gujarat,Ahmedabad
1602,2024-04-15,471,,Pen,Stationery,13,19,15,209.95,126.83,83.12,South,Karnataka,Bengaluru
1603,2024-06-03,361,Customer 0361,Pen,Stationery,16,18,10,259.2,196.52,62.68,Central,Madhya Pradesh,Bhopal
1604,2025-12-18,384,Customer 0384,Laptop,Electronics,19,54646,0,1038274,793675.75,244598.25,West,Gujarat,Ahmedabad
1605,2023-10-06,61,Customer 0061,Laptop,Electronics,17,48271,15,697515.95,436841.25,260674.7,South,Karnataka,Bengaluru
1606,2023-08-23,19,Customer 0019,Laptop,Electronics,9,50431,0,453879,351420.12,102458.88,South,Karnataka,Bengaluru
1607,2025-05-17,391,Customer 0391,Phone,Electronics,11,22705,5,237267.25,152984.37,84282.88,North,Delhi,New Delhi
1608,2023-07-03,128,Customer 0128,Desk,Furniture,20,7400,0,148000,118247.86,29752.14,North,Rajasthan,Jaipur
1609,2024-04-15,412,Customer 0412,Notebook,Stationery,5,81,10,364.5,276.25,88.25,South,Telangana,Hyderabad
1610,2025-05-28,464,Customer 0464,Phone,Electronics,1,24978,5,23729.1,19099.58,4629.52,North,Delhi,New Delhi
1611,2025-07-16,380,Customer 0380,Printer,Electronics,13,15564,0,202332,175572.69,26759.31,West,Gujarat,Ahmedabad
1612,2025-02-22,419,Customer 0419,Keyboard,Electronics,15,1308,10,17658,12017.32,5640.68,South,Tamil Nadu,Chennai
1613,2024-08-24,473,Customer 0473,Keyboard,Electronics,18,1276,15,19522.8,15719.53,3803.27,South,Karnataka,Bengaluru
1614,2025-04-29,318,Customer 0318,Phone,Electronics,3,26681,0,80043,54807.99,25235.01,South,Telangana,Hyderabad
1615,2023-10-30,477,Customer 0477,Laptop,Electronics,6,45514,5,259429.8,194731.54,64698.26,West,Gujarat,Ahmedabad
1616,2024-12-07,257,Customer 0257,Chair,Furniture,12,3231,5,36833.4,25100.89,11732.51,North,Delhi,New Delhi
1617,2025-07-12,220,Customer 0220,Desk,Furniture,14,7603,0,106442,88176.58,18265.42,West,Maharashtra,Mumbai
1618,2024-12-25,177,Customer 0177,Printer,Electronics,13,15738,5,194364.3,169987.91,24376.39,South,Karnataka,Bengaluru
1619,2024-09-14,289,Customer 0289,Laptop,Electronics,10,50277,15,427354.5,381057.41,46297.09,East,West Bengal,Kolkata
1620,2024-09-14,430,Customer 0430,Monitor,Electronics,8,11212,5,85211.2,62407.72,22803.48,North,Rajasthan,Jaipur
1621,2023-12-22,70,Customer 0070,Phone,Electronics,13,24985,10,292324.5,215254.96,77069.54,North,Uttar Pradesh,Lucknow
1622,2025-01-13,351,Customer 0351,Monitor,Electronics,1,12585,10,11326.5,7905.38,3421.12,South,Tamil Nadu,Chennai
1623,2023-01-12,360,Customer 0360,Printer,Electronics,16,16125,15,219300,138695.21,80604.79,South,Karnataka,Bengaluru
1624,2025-05-09,416,Customer 0416,Desk,Furniture,12,6404,0,76848,64697.49,12150.51,North,Uttar Pradesh,Lucknow
1625,2025-08-18,211,Customer 0211,Phone,Electronics,18,23998,15,367169.4,290527.4,76642,Central,Madhya Pradesh,Bhopal
1626,2025-12-10,33,Customer 0033,Chair,Furniture,16,3668,0,58688,42082.93,16605.07,North,Uttar Pradesh,Lucknow
1627,2024-07-24,388,Customer 0388,Laptop,Electronics,12,54220,0,650640,577551.28,73088.72,North,Rajasthan,Jaipur
1628,2025-06-10,4,Customer 0004,Laptop,Electronics,8,49449,5,375812.4,331489.42,44322.98,South,Tamil Nadu,Chennai
1629,2025-07-18,486,Customer 0486,Chair,Furniture,20,3716,5,70604,46230.05,24373.95,North,Rajasthan,Jaipur
1630,2025-04-13,85,Customer 0085,Pen,Stationery,4,21,10,75.6,65.37,10.23,West,Maharashtra,Mumbai
1631,2024-07-06,233,Customer 0233,Laptop,Electronics,11,53226,15,497663.1,345491.84,152171.26,North,Rajasthan,Jaipur
1632,2023-11-03,144,Customer 0144,Desk,Furniture,13,7520,5,92872,79397.11,-13474.89,West,Gujarat,Ahmedabad
1633,2024-07-03,132,,Monitor,Electronics,13,12133,15,134069.65,107313.79,26755.86,South,Karnataka,Bengaluru
1634,2024-12-25,184,Customer 0184,Pen,Stationery,10,19,10,171,149.95,21.05,South,Tamil Nadu,Chennai
1635,2023-11-03,157,Customer 0157,Keyboard,Electronics,10,1251,0,12510,10812.46,1697.54,North,Delhi,New Delhi
1636,2025-08-01,487,Customer 0487,Notebook,Stationery,16,87,15,1183.2,919.73,263.47,West,Gujarat,Ahmedabad
1637,2023-02-01,6,Customer 0006,Monitor,Electronics,4,11188,15,38039.2,26130.34,11908.86,North,Rajasthan,Jaipur
1638,2025-03-31,170,Customer 0170,Chair,Furniture,20,3636,0,72720,63864.85,8855.15,East,West Bengal,Kolkata
1639,2024-03-15,5,Customer 0005,Keyboard,Electronics,9,1263,5,10798.65,7295.74,3502.91,South,Karnataka,Bengaluru
1640,2023-05-31,262,Customer 0262,Mouse,Electronics,9,543,15,4153.95,3534.84,-619.11,West,Maharashtra,Mumbai
1641,2023-08-04,376,Customer 0376,Desk,Furniture,6,6447,0,38682,32097.78,6584.22,North,Uttar Pradesh,Lucknow
1642,2024-05-16,234,Customer 0234,Chair,Furniture,17,3323,10,50841.9,31175.33,19666.57,North,Rajasthan,Jaipur
1643,2024-09-26,36,Customer 0036,Notebook,Stationery,11,86,0,946,762.88,183.12,North,Rajasthan,Jaipur
1644,2025-04-08,345,Customer 0345,Monitor,Electronics,14,11173,15,132958.7,117994.44,14964.26,North,Rajasthan,Jaipur
1645,2023-12-20,94,Customer 0094,Keyboard,Electronics,17,1320,0,22440,17678.09,4761.91,North,Uttar Pradesh,Lucknow
1646,2025-01-27,269,Customer 0269,Laptop,Electronics,3,54040,10,145908,88020.48,57887.52,South,Telangana,Hyderabad
1647,2023-02-16,162,Customer 0162,Pen,Stationery,4,19,10,68.4,58.65,9.75,North,Delhi,New Delhi
1648,2023-05-21,246,Customer 0246,Desk,Furniture,11,7292,15,68180.2,52401.95,15778.25,West,Gujarat,Ahmedabad
1649,2023-03-16,120,Customer 0120,Chair,Furniture,7,3761,5,25010.65,16899.48,8111.17,South,Tamil Nadu,Chennai
1650,2023-10-02,287,Customer 0287,Mouse,Electronics,12,587,5,6691.8,4926.59,1765.21,North,Rajasthan,Jaipur
1651,2024-03-19,82,Customer 0082,Mouse,Electronics,2,632,5,1200.8,1072.11,128.69,West,Maharashtra,Mumbai
1652,2023-10-25,346,Customer 0346,Mouse,Electronics,12,654,0,7848,4934.52,-2913.48,South,Telangana,Hyderabad
1653,2024-09-28,293,Customer 0293,Pen,Stationery,15,18,10,243,189.92,53.08,South,Telangana,Hyderabad
1654,2025-08-07,318,Customer 0318,Mouse,Electronics,16,631,15,8581.6,6522.01,2059.59,Central,Madhya Pradesh,Bhopal
1655,2024-12-28,247,Customer 0247,Mouse,Electronics,2,649,10,1168.2,713.86,454.34,North,Uttar Pradesh,Lucknow
1656,2024-11-29,288,Customer 0288,Notebook,Stationery,17,80,0,1360,917.22,442.78,South,Telangana,Hyderabad
1657,2023-08-31,431,Customer 0431,Printer,Electronics,1,16488,5,15663.6,13060.19,2603.41,West,Gujarat,Ahmedabad
1658,2025-10-23,39,Customer 0039,Chair,Furniture,13,3687,0,47931,29638.93,18292.07,South,Telangana,Hyderabad
1659,2025-01-12,122,Customer 0122,Phone,Electronics,10,26587,5,252576.5,156228.81,96347.69,North,Uttar Pradesh,Lucknow
1660,2023-05-17,344,Customer 0344,Mouse,Electronics,18,587,10,9509.4,7245.01,2264.39,East,West Bengal,Kolkata
1661,2025-07-15,443,Customer 0443,Desk,Furniture,15,6468,0,97020,76432.56,20587.44,Central,Madhya Pradesh,Bhopal
1662,2023-11-09,419,Customer 0419,Mouse,Electronics,8,556,10,4003.2,3094.97,908.23,North,Delhi,New Delhi
1663,2025-06-03,225,Customer 0225,Desk,Furniture,20,6576,15,111792,70633.38,41158.62,Central,Madhya Pradesh,Bhopal
1664,2025-02-08,287,Customer 0287,Desk,Furniture,13,7069,15,78112.45,65351.7,12760.75,South,Karnataka,Bengaluru
1665,2023-03-01,141,Customer 0141,Chair,Furniture,8,3801,10,27367.2,24478.67,2888.53,South,Karnataka,Bengaluru
1666,2023-02-08,286,Customer 0286,Notebook,Stationery,20,82,0,1640,1465.48,174.52,South,Telangana,Hyderabad
1667,2024-04-22,202,Customer 0202,Mouse,Electronics,19,548,5,9891.4,6538.44,3352.96,North,Delhi,New Delhi
1668,2024-03-30,411,Customer 0411,Laptop,Electronics,10,49060,5,466070,309900.38,156169.62,South,Karnataka,Bengaluru
1669,2023-07-26,244,Customer 0244,Monitor,Electronics,6,12899,10,69654.6,46287.72,23366.88,West,Gujarat,Ahmedabad
1670,2023-11-16,22,Customer 0022,Notebook,Stationery,16,81,15,1101.6,737.11,364.49,West,Maharashtra,Mumbai
1671,2024-08-05,495,Customer 0495,Chair,Furniture,17,3240,5,52326,33813.51,18512.49,South,Karnataka,Bengaluru
1672,2025-11-15,262,Customer 0262,Printer,Electronics,12,16354,0,196248,171556.94,-24691.06,Central,Madhya Pradesh,Bhopal
1673,2024-12-30,441,Customer 0441,Desk,Furniture,7,6374,0,44618,38856.14,5761.86,South,Telangana,Hyderabad
1674,2023-11-04,8,Customer 0008,Pen,Stationery,5,21,15,89.25,74.27,14.98,North,Rajasthan,Jaipur
1675,2025-08-02,47,Customer 0047,Pen,Stationery,8,18,0,144,118.57,25.43,South,Karnataka,Bengaluru
1676,2023-04-23,361,Customer 0361,Phone,Electronics,9,23568,10,190900.8,124481.65,66419.15,North,Delhi,New Delhi
1677,2024-01-30,400,Customer 0400,Desk,Furniture,17,6628,0,112676,68767.42,43908.58,North,Uttar Pradesh,Lucknow
1678,2023-05-21,61,Customer 0061,Phone,Electronics,14,23809,10,299993.4,197243.09,102750.31,South,Tamil Nadu,Chennai
1679,2025-07-24,479,Customer 0479,Monitor,Electronics,14,11848,5,157578.4,125705.15,31873.25,South,Tamil Nadu,Chennai
1680,2023-07-16,64,Customer 0064,Monitor,Electronics,6,11751,5,66980.7,53454.7,13526,North,Uttar Pradesh,Lucknow
1681,2023-08-09,276,Customer 0276,Chair,Furniture,8,3582,5,27223.2,21402.37,5820.83,East,West Bengal,Kolkata
1682,2023-12-25,407,Customer 0407,Monitor,Electronics,8,11333,10,81597.6,65301.71,16295.89,North,Rajasthan,Jaipur
1683,2025-06-16,354,Customer 0354,Chair,Furniture,11,3291,15,30770.85,22977.34,7793.51,South,Karnataka,Bengaluru
1684,2023-11-30,197,Customer 0197,Desk,Furniture,18,7140,0,128520,111882.06,16637.94,Central,Madhya Pradesh,Bhopal
1685,2023-05-26,54,Customer 0054,Keyboard,Electronics,15,1274,10,17199,13027.78,4171.22,South,Telangana,Hyderabad
1686,2025-08-16,355,Customer 0355,Pen,Stationery,16,18,5,273.6,206.86,66.74,East,West Bengal,Kolkata
1687,2023-12-29,160,Customer 0160,Phone,Electronics,20,24742,15,420614,358623.77,61990.23,North,Rajasthan,Jaipur
1688,2024-01-20,353,Customer 0353,Phone,Electronics,8,26138,10,188193.6,158443.36,29750.24,North,Delhi,New Delhi
1689,2025-07-30,126,Customer 0126,Pen,Stationery,16,20,10,288,220.35,67.65,North,Delhi,New Delhi
1690,2025-03-13,220,Customer 0220,Pen,Stationery,3,21,15,53.55,45.95,7.6,North,Rajasthan,Jaipur
1691,2024-10-27,406,Customer 0406,Keyboard,Electronics,2,1299,5,2468.1,1774.67,693.43,West,Maharashtra,Mumbai
1692,2023-03-18,388,Customer 0388,Mouse,Electronics,20,590,10,10620,6597.34,4022.66,Central,Madhya Pradesh,Bhopal
1693,2023-03-21,169,Customer 0169,Phone,Electronics,18,26966,5,461118.6,380459.43,80659.17,West,Maharashtra,Mumbai
1694,2023-02-04,25,Customer 0025,Keyboard,Electronics,18,1205,10,19521,14905.14,4615.86,South,Karnataka,Bengaluru
1695,2023-04-10,191,Customer 0191,Phone,Electronics,7,23413,5,155696.45,102333.58,53362.87,West,Maharashtra,Mumbai
1696,2025-04-18,323,Customer 0323,Printer,Electronics,6,14824,10,80049.6,69979.46,10070.14,East,West Bengal,Kolkata
1697,2023-10-12,407,Customer 0407,Laptop,Electronics,3,53448,0,160344,142600.91,17743.09,North,Uttar Pradesh,Lucknow
1698,2025-11-27,491,Customer 0491,Notebook,Stationery,12,73,5,832.2,615.67,216.53,South,Tamil Nadu,Chennai
1699,2025-04-30,35,Customer 0035,Monitor,Electronics,13,12446,15,137528.3,106023.08,31505.22,South,Karnataka,Bengaluru
1700,2023-07-28,63,Customer 0063,Pen,Stationery,16,19,0,304,187.03,116.97,Central,Madhya Pradesh,Bhopal
1701,2023-02-05,240,Customer 0240,Mouse,Electronics,12,573,0,6876,4801.46,2074.54,East,West Bengal,Kolkata
1702,2023-05-21,282,Customer 0282,Phone,Electronics,20,26300,10,473400,364634.19,108765.81,North,Uttar Pradesh,Lucknow
1703,2023-05-08,104,Customer 0104,Notebook,Stationery,17,80,15,1156,988.5,167.5,North,Rajasthan,Jaipur
1704,2024-06-06,428,Customer 0428,Pen,Stationery,16,22,10,316.8,191.51,125.29,East,West Bengal,Kolkata
1705,2024-05-16,38,Customer 0038,Phone,Electronics,18,27066,15,414109.8,276106.46,138003.34,East,West Bengal,Kolkata
1706,2024-04-14,200,Customer 0200,Phone,Electronics,8,22967,15,156175.6,131573.39,-24602.21,North,Delhi,New Delhi
1707,2024-12-16,178,Customer 0178,Monitor,Electronics,4,10860,5,41268,28450.9,12817.1,North,Uttar Pradesh,Lucknow
1708,2023-04-15,44,Customer 0044,Pen,Stationery,3,18,15,45.9,39.61,6.29,West,Gujarat,Ahmedabad
1709,2023-03-04,363,Customer 0363,Keyboard,Electronics,2,1158,5,2200.2,1468.86,731.34,North,Rajasthan,Jaipur
1710,2023-06-07,456,Customer 0456,Pen,Stationery,20,19,10,342,209.89,132.11,South,Karnataka,Bengaluru
1711,2025-08-26,337,Customer 0337,Monitor,Electronics,7,12719,10,80129.7,69080.21,11049.49,West,Maharashtra,Mumbai
1712,2023-12-27,334,Customer 0334,Mouse,Electronics,12,588,10,6350.4,4818.23,1532.17,South,Telangana,Hyderabad
1713,2023-09-03,80,Customer 0080,Printer,Electronics,18,14900,5,254790,156546.9,98243.1,East,West Bengal,Kolkata
1714,2024-11-27,373,Customer 0373,Pen,Stationery,12,22,5,250.8,162.04,88.76,Central,Madhya Pradesh,Bhopal
1715,2023-03-15,217,Customer 0217,Desk,Furniture,4,7327,0,29308,22405.1,6902.9,Central,Madhya Pradesh,Bhopal
1716,2023-02-19,27,Customer 0027,Printer,Electronics,11,15671,5,163761.95,118293.06,45468.89,North,Rajasthan,Jaipur
1717,2024-09-13,458,Customer 0458,Mouse,Electronics,9,567,5,4847.85,3976.8,871.05,South,Karnataka,Bengaluru
1718,2024-11-08,72,Customer 0072,Notebook,Stationery,8,76,15,516.8,343.61,173.19,North,Uttar Pradesh,Lucknow
1719,2025-03-27,162,Customer 0162,Printer,Electronics,10,15370,0,153700,129994.91,23705.09,North,Uttar Pradesh,Lucknow
1720,2023-11-15,197,Customer 0197,Mouse,Electronics,16,594,0,9504,8044.95,1459.05,West,Gujarat,Ahmedabad
1721,2024-08-01,338,Customer 0338,Monitor,Electronics,17,12617,0,214489,177845.15,36643.85,West,Maharashtra,Mumbai
1722,2024-04-05,292,Customer 0292,Notebook,Stationery,5,86,10,387,289.36,97.64,South,Telangana,Hyderabad
1723,2023-01-23,222,Customer 0222,Phone,Electronics,13,23787,15,262846.35,192354.61,70491.74,North,Rajasthan,Jaipur
1724,2025-11-18,188,Customer 0188,Keyboard,Electronics,20,1139,0,22780,15539.3,7240.7,North,Uttar Pradesh,Lucknow
1725,2025-05-25,349,Customer 0349,Desk,Furniture,1,7505,5,7129.75,4320.64,2809.11,West,Maharashtra,Mumbai
1726,2025-12-28,421,Customer 0421,Chair,Furniture,4,3210,5,12198,7496.21,4701.79,North,Delhi,New Delhi
1727,2023-01-16,262,Customer 0262,Mouse,Electronics,3,639,10,1725.3,1347.26,378.04,North,Uttar Pradesh,Lucknow
1728,2025-06-17,453,Customer 0453,Monitor,Electronics,12,10850,15,110670,82405.66,28264.34,West,Maharashtra,Mumbai
1729,2024-08-28,19,Customer 0019,Desk,Furniture,3,7566,15,19293.3,16220.13,3073.17,Central,Madhya Pradesh,Bhopal
1730,2025-09-11,237,Customer 0237,Pen,Stationery,12,19,15,193.8,138.11,55.69,Central,Madhya Pradesh,Bhopal
1731,2023-03-20,371,Customer 0371,Phone,Electronics,8,25951,0,207608,137256,70352,West,Gujarat,Ahmedabad
1732,2024-07-22,445,Customer 0445,Mouse,Electronics,1,652,15,554.2,393.32,160.88,North,Delhi,New Delhi
1733,2023-03-28,66,Customer 0066,Laptop,Electronics,15,51919,5,739845.75,553578.34,186267.41,North,Rajasthan,Jaipur
1734,2024-11-15,208,Customer 0208,Monitor,Electronics,2,13186,15,22416.2,15318.83,7097.37,South,Karnataka,Bengaluru
1735,2025-01-16,276,Customer 0276,Laptop,Electronics,1,45668,15,38817.8,26483.72,12334.08,Central,Madhya Pradesh,Bhopal
1736,2023-03-18,388,Customer 0388,Notebook,Stationery,10,88,10,792,680.71,111.29,North,Rajasthan,Jaipur
1737,2023-07-01,399,Customer 0399,Keyboard,Electronics,19,1190,10,20349,17562.38,2786.62,West,Maharashtra,Mumbai
1738,2023-01-21,418,Customer 0418,Laptop,Electronics,2,54988,10,98978.4,81296.61,17681.79,South,Tamil Nadu,Chennai
1739,2024-03-24,70,Customer 0070,Keyboard,Electronics,14,1185,0,16590,10508.82,6081.18,West,Gujarat,Ahmedabad
1740,2024-12-24,368,Customer 0368,Mouse,Electronics,14,581,10,7320.6,5395.74,1924.86,South,Tamil Nadu,Chennai
1741,2025-03-21,429,Customer 0429,Monitor,Electronics,6,12492,15,63709.2,42973.23,20735.97,West,Gujarat,Ahmedabad
1742,2025-04-14,193,Customer 0193,Desk,Furniture,15,6907,10,93244.5,77442.21,15802.29,West,Gujarat,Ahmedabad
1743,2024-03-22,22,Customer 0022,Chair,Furniture,12,3208,10,34646.4,27303.83,7342.57,North,Rajasthan,Jaipur
1744,2025-10-13,478,Customer 0478,Notebook,Stationery,5,74,10,333,200.64,132.36,North,Rajasthan,Jaipur
1745,2023-10-01,284,Customer 0284,Laptop,Electronics,19,51619,10,882684.9,550846.17,331838.73,North,Uttar Pradesh,Lucknow
1746,2024-12-22,28,,Notebook,Stationery,9,72,15,550.8,439.21,111.59,North,Uttar Pradesh,Lucknow
1747,2025-06-08,194,Customer 0194,Monitor,Electronics,2,11463,0,22926,16125.03,6800.97,East,West Bengal,Kolkata
1748,2023-11-09,357,Customer 0357,Keyboard,Electronics,11,1123,15,10500.05,7129.92,3370.13,North,Rajasthan,Jaipur
1749,2024-07-17,18,Customer 0018,Chair,Furniture,2,3701,10,6661.8,5370.81,1290.99,South,Tamil Nadu,Chennai
1750,2024-12-10,461,Customer 0461,Notebook,Stationery,15,72,10,972,793.22,178.78,South,Tamil Nadu,Chennai
1751,2023-05-22,73,Customer 0073,Keyboard,Electronics,4,1145,10,4122,3420.2,701.8,South,Tamil Nadu,Chennai
1752,2025-02-11,462,Customer 0462,Printer,Electronics,7,16449,0,115143,88059.62,27083.38,West,Gujarat,Ahmedabad
1753,2024-07-15,237,Customer 0237,Monitor,Electronics,19,12758,5,230281.9,170120.38,60161.52,Central,Madhya Pradesh,Bhopal
1754,2024-03-20,119,Customer 0119,Desk,Furniture,12,6811,0,81732,52529.93,29202.07,South,Telangana,Hyderabad
1755,2025-05-02,29,Customer 0029,Mouse,Electronics,2,635,5,1206.5,926.59,279.91,North,Uttar Pradesh,Lucknow
1756,2025-11-17,466,Customer 0466,Notebook,Stationery,10,81,0,810,658.05,151.95,North,Uttar Pradesh,Lucknow
1757,2024-03-17,482,Customer 0482,Monitor,Electronics,1,11524,5,10947.8,7593.75,3354.05,Central,Madhya Pradesh,Bhopal
1758,2025-11-24,456,Customer 0456,Printer,Electronics,2,13809,10,24856.2,17460.26,7395.94,West,Maharashtra,Mumbai
1759,2025-01-09,342,Customer 0342,Desk,Furniture,12,6746,0,80952,62279.22,18672.78,South,Karnataka,Bengaluru
1760,2025-06-17,490,Customer 0490,Phone,Electronics,3,23318,0,69954,60423.34,9530.66,North,Delhi,New Delhi
1761,2024-07-13,478,Customer 0478,Monitor,Electronics,1,13010,5,12359.5,9325.93,3033.57,North,Delhi,New Delhi
1762,2025-08-20,8,Customer 0008,Laptop,Electronics,8,49852,10,358934.4,296477.81,62456.59,West,Maharashtra,Mumbai
1763,2025-07-22,495,Customer 0495,Pen,Stationery,11,20,5,209,149.71,59.29,North,Delhi,New Delhi
1764,2024-08-02,82,Customer 0082,Printer,Electronics,2,14677,5,27886.3,17333.15,10553.15,South,Telangana,Hyderabad
1765,2025-11-06,334,Customer 0334,Monitor,Electronics,1,11810,15,10038.5,7727.83,2310.67,South,Telangana,Hyderabad
1766,2024-03-20,160,Customer 0160,Desk,Furniture,11,7035,0,77385,62767.41,14617.59,South,Telangana,Hyderabad
1767,2025-07-27,3,Customer 0003,Notebook,Stationery,5,74,10,333,213.15,119.85,South,Karnataka,Bengaluru
1768,2023-07-16,421,Customer 0421,Monitor,Electronics,5,13088,10,58896,49682.82,9213.18,North,Rajasthan,Jaipur
1769,2023-01-24,297,Customer 0297,Monitor,Electronics,10,12823,15,108995.5,74829.95,34165.55,West,Gujarat,Ahmedabad
1770,2024-02-17,324,Customer 0324,Printer,Electronics,13,15801,15,174601.05,129576.98,45024.07,South,Telangana,Hyderabad
1771,2024-09-09,81,Customer 0081,Mouse,Electronics,6,630,10,3402,3034.71,367.29,North,Delhi,New Delhi
1772,2023-08-02,11,Customer 0011,Monitor,Electronics,6,12084,15,61628.4,49177.14,12451.26,West,Maharashtra,Mumbai
1773,2023-11-29,39,Customer 0039,Chair,Furniture,13,3627,0,47151,41993.65,5157.35,East,West Bengal,Kolkata
1774,2024-09-25,490,Customer 0490,Phone,Electronics,19,27431,0,521189,331918.88,189270.12,North,Delhi,New Delhi
1775,2025-07-19,157,Customer 0157,Phone,Electronics,14,27221,10,342984.6,231853.38,111131.22,South,Tamil Nadu,Chennai
1776,2025-09-30,264,Customer 0264,Notebook,Stationery,12,80,5,912,727.45,184.55,South,Karnataka,Bengaluru
1777,2023-04-25,299,Customer 0299,Keyboard,Electronics,15,1311,15,16715.25,11982.64,4732.61,South,Tamil Nadu,Chennai
1778,2025-12-29,291,Customer 0291,Keyboard,Electronics,2,1184,15,2012.8,1466.29,546.51,South,Tamil Nadu,Chennai
1779,2025-12-06,266,Customer 0266,Printer,Electronics,3,14559,15,37125.45,26695.52,10429.93,North,Rajasthan,Jaipur
1780,2025-03-17,247,Customer 0247,Mouse,Electronics,15,633,15,8070.75,6704.56,1366.19,Central,Madhya Pradesh,Bhopal
1781,2025-10-23,411,Customer 0411,Desk,Furniture,12,7071,0,84852,73136.9,11715.1,West,Maharashtra,Mumbai
1782,2024-07-09,437,Customer 0437,Pen,Stationery,17,19,10,290.7,228.78,61.92,North,Uttar Pradesh,Lucknow
1783,2025-03-23,50,Customer 0050,Printer,Electronics,12,15000,0,180000,158086.66,-21913.34,West,Maharashtra,Mumbai
1784,2025-08-12,203,Customer 0203,Chair,Furniture,8,3526,15,23976.8,21364.89,2611.91,Central,Madhya Pradesh,Bhopal
1785,2023-12-03,101,Customer 0101,Pen,Stationery,12,19,10,205.2,179.87,25.33,Central,Madhya Pradesh,Bhopal
1786,2023-07-30,390,Customer 0390,Chair,Furniture,9,3441,5,29420.55,23720.12,5700.43,Central,Madhya Pradesh,Bhopal
1787,2023-10-06,420,Customer 0420,Printer,Electronics,12,15053,10,162572.4,115057.11,47515.29,West,Gujarat,Ahmedabad
1788,2025-03-26,380,Customer 0380,Monitor,Electronics,7,12379,10,77987.7,67360.05,10627.65,South,Telangana,Hyderabad
1789,2024-10-30,377,Customer 0377,Phone,Electronics,18,22673,15,346896.9,291529.03,55367.87,North,Rajasthan,Jaipur
1790,2023-08-07,66,Customer 0066,Printer,Electronics,7,16497,15,98157.15,61473.64,36683.51,South,Tamil Nadu,Chennai
1791,2025-10-15,306,Customer 0306,Notebook,Stationery,1,83,10,74.7,63.2,11.5,West,Gujarat,Ahmedabad
1792,2024-01-04,376,Customer 0376,Chair,Furniture,11,3586,5,37473.7,27149.1,10324.6,South,Telangana,Hyderabad
1793,2023-01-08,17,Customer 0017,Phone,Electronics,6,24905,5,141958.5,120812.57,21145.93,South,Telangana,Hyderabad
1794,2025-01-06,172,Customer 0172,Mouse,Electronics,11,654,0,7194,6079.5,1114.5,South,Telangana,Hyderabad
1795,2023-02-17,131,Customer 0131,Mouse,Electronics,14,624,0,8736,6695.01,2040.99,Central,Madhya Pradesh,Bhopal
1796,2024-01-12,57,Customer 0057,Keyboard,Electronics,19,1271,10,21734.1,16839.11,4894.99,West,Maharashtra,Mumbai
1797,2025-04-13,34,Customer 0034,Desk,Furniture,3,6787,5,19342.95,13933.03,5409.92,North,Uttar Pradesh,Lucknow
1798,2025-09-14,36,Customer 0036,Phone,Electronics,13,26459,0,343967,219282.45,124684.55,North,Uttar Pradesh,Lucknow
1799,2023-01-08,467,Customer 0467,Notebook,Stationery,8,78,0,624,546.88,77.12,West,Maharashtra,Mumbai
1800,2023-04-10,50,Customer 0050,Phone,Electronics,11,24194,15,226213.9,186393.29,39820.61,East,West Bengal,Kolkata
1801,2024-02-21,217,Customer 0217,Keyboard,Electronics,4,1103,15,3750.2,2758.35,991.85,North,Delhi,New Delhi
1802,2024-08-20,360,Customer 0360,Chair,Furniture,16,3294,5,50068.8,35526.21,14542.59,North,Uttar Pradesh,Lucknow
1803,2023-06-04,30,Customer 0030,Desk,Furniture,11,7246,0,79706,68305.05,11400.95,South,Karnataka,Bengaluru
1804,2024-03-12,419,Customer 0419,Phone,Electronics,9,25094,15,191969.1,122813,69156.1,West,Gujarat,Ahmedabad
1805,2025-04-17,154,Customer 0154,Desk,Furniture,10,7468,15,63478,56117.83,7360.17,East,West Bengal,Kolkata
1806,2024-11-02,382,Customer 0382,Monitor,Electronics,8,11992,15,81545.6,71029.79,10515.81,South,Karnataka,Bengaluru
1807,2025-03-01,24,Customer 0024,Laptop,Electronics,19,52144,0,990736,837654.3,153081.7,West,Gujarat,Ahmedabad
1808,2025-03-04,237,Customer 0237,Pen,Stationery,20,22,10,396,281.12,114.88,South,Karnataka,Bengaluru
1809,2023-04-17,374,Customer 0374,Phone,Electronics,7,25033,0,175231,150815.97,24415.03,North,Delhi,New Delhi
1810,2025-11-11,131,Customer 0131,Desk,Furniture,11,6569,10,65033.1,49815.82,15217.28,East,West Bengal,Kolkata
1811,2025-03-01,71,Customer 0071,Desk,Furniture,11,7008,0,77088,62711.05,14376.95,North,Delhi,New Delhi
1812,2024-07-01,135,Customer 0135,Mouse,Electronics,3,628,5,1789.8,1607.19,182.61,West,Maharashtra,Mumbai
1813,2023-03-04,295,Customer 0295,Laptop,Electronics,3,52141,10,140780.7,86566.51,54214.19,West,Gujarat,Ahmedabad
1814,2024-02-27,232,Customer 0232,Pen,Stationery,14,20,5,266,168.99,97.01,South,Tamil Nadu,Chennai
1815,2023-10-24,16,Customer 0016,Pen,Stationery,16,20,15,272,238.74,33.26,West,Gujarat,Ahmedabad
1816,2025-05-14,130,Customer 0130,Monitor,Electronics,14,12530,15,149107,91754.72,57352.28,East,West Bengal,Kolkata
1817,2023-11-19,189,Customer 0189,Monitor,Electronics,8,10828,15,73630.4,64305.11,9325.29,West,Gujarat,Ahmedabad
1818,2025-10-21,239,,Laptop,Electronics,2,48839,10,87910.2,72977.53,14932.67,West,Maharashtra,Mumbai
1819,2025-04-13,295,Customer 0295,Desk,Furniture,18,7134,15,109150.2,95208.83,13941.37,North,Uttar Pradesh,Lucknow
1820,2024-02-07,12,Customer 0012,Phone,Electronics,1,26055,15,22146.75,19915.69,2231.06,South,Tamil Nadu,Chennai
1821,2023-11-24,271,Customer 0271,Mouse,Electronics,20,659,15,11203,9126.68,2076.32,North,Delhi,New Delhi
1822,2023-07-22,344,Customer 0344,Mouse,Electronics,9,581,0,5229,4091.65,1137.35,North,Delhi,New Delhi
1823,2023-04-28,293,Customer 0293,Mouse,Electronics,4,551,10,1983.6,1431.88,551.72,East,West Bengal,Kolkata
1824,2023-07-22,240,Customer 0240,Printer,Electronics,17,14350,5,231752.5,175376.69,56375.81,West,Maharashtra,Mumbai
1825,2024-08-09,435,Customer 0435,Chair,Furniture,7,3532,15,21015.4,18804.51,2210.89,Central,Madhya Pradesh,Bhopal
1826,2023-06-22,406,Customer 0406,Mouse,Electronics,10,635,15,5397.5,3789.08,1608.42,Central,Madhya Pradesh,Bhopal
1827,2024-10-24,53,Customer 0053,Printer,Electronics,10,15777,10,141993,106719.67,35273.33,West,Gujarat,Ahmedabad
1828,2023-08-30,470,Customer 0470,Laptop,Electronics,6,50610,10,273294,205168.78,68125.22,Central,Madhya Pradesh,Bhopal
1829,2023-02-23,24,Customer 0024,Notebook,Stationery,13,78,5,963.3,778.46,184.84,East,West Bengal,Kolkata
1830,2025-08-24,99,Customer 0099,Laptop,Electronics,3,45912,15,117075.6,71530.67,45544.93,West,Maharashtra,Mumbai
1831,2025-01-17,76,Customer 0076,Monitor,Electronics,19,13131,15,212065.65,149838.98,62226.67,North,Delhi,New Delhi
1832,2025-07-18,375,Customer 0375,Printer,Electronics,7,14569,0,101983,84998.45,16984.55,North,Uttar Pradesh,Lucknow
1833,2023-12-22,350,Customer 0350,Printer,Electronics,8,15901,15,108126.8,92553.43,15573.37,East,West Bengal,Kolkata
1834,2024-11-30,350,Customer 0350,Desk,Furniture,10,7342,10,66078,47532.01,18545.99,South,Telangana,Hyderabad
1835,2025-09-14,66,Customer 0066,Pen,Stationery,12,19,0,228,145.6,82.4,West,Maharashtra,Mumbai
1836,2023-02-24,112,Customer 0112,Desk,Furniture,11,6897,0,75867,55958.37,19908.63,North,Delhi,New Delhi
1837,2023-04-04,219,Customer 0219,Printer,Electronics,14,14850,15,176715,128022.92,48692.08,South,Tamil Nadu,Chennai
1838,2025-09-19,92,Customer 0092,Chair,Furniture,13,3597,0,46761,40092.11,6668.89,South,Tamil Nadu,Chennai
1839,2024-07-22,388,Customer 0388,Desk,Furniture,15,7431,5,105891.75,88700.14,17191.61,North,Uttar Pradesh,Lucknow
1840,2025-11-06,192,Customer 0192,Phone,Electronics,19,26889,10,459801.9,411206.6,48595.3,North,Uttar Pradesh,Lucknow
1841,2023-08-03,199,Customer 0199,Mouse,Electronics,17,559,5,9027.85,5723.25,3304.6,South,Telangana,Hyderabad
1842,2025-01-07,316,Customer 0316,Laptop,Electronics,14,49569,0,693966,489131.48,204834.52,South,Tamil Nadu,Chennai
1843,2023-01-12,271,Customer 0271,Mouse,Electronics,4,564,15,1917.6,1557.14,360.46,West,Maharashtra,Mumbai
1844,2025-09-25,68,Customer 0068,Mouse,Electronics,12,543,10,5864.4,3821.52,2042.88,North,Rajasthan,Jaipur
1845,2024-04-15,434,Customer 0434,Chair,Furniture,15,3411,10,46048.5,38641.07,7407.43,East,West Bengal,Kolkata
1846,2023-12-31,216,Customer 0216,Mouse,Electronics,14,619,10,7799.4,5898.17,1901.23,North,Rajasthan,Jaipur
1847,2025-04-22,423,Customer 0423,Printer,Electronics,10,15214,0,152140,107487.96,44652.04,West,Gujarat,Ahmedabad
1848,2024-07-10,430,Customer 0430,Chair,Furniture,12,3764,5,42909.6,33689.66,9219.94,West,Gujarat,Ahmedabad
1849,2025-10-11,134,Customer 0134,Desk,Furniture,14,7194,0,100716,70216.21,30499.79,West,Maharashtra,Mumbai
1850,2024-05-04,130,Customer 0130,Chair,Furniture,20,3597,5,68343,41270.71,27072.29,South,Karnataka,Bengaluru
1851,2025-06-11,469,Customer 0469,Notebook,Stationery,17,84,0,1428,1124.18,303.82,West,Gujarat,Ahmedabad
1852,2024-12-06,47,Customer 0047,Chair,Furniture,4,3640,15,12376,9286.43,3089.57,West,Maharashtra,Mumbai
1853,2024-10-28,237,Customer 0237,Mouse,Electronics,9,604,5,5164.2,4342.21,821.99,West,Maharashtra,Mumbai
1854,2024-10-28,144,Customer 0144,Mouse,Electronics,10,584,15,4964,4298.57,665.43,Central,Madhya Pradesh,Bhopal
1855,2023-09-29,324,Customer 0324,Mouse,Electronics,9,632,5,5403.6,3439.49,1964.11,North,Rajasthan,Jaipur
1856,2025-01-24,492,Customer 0492,Keyboard,Electronics,1,1232,15,1047.2,744.19,303.01,North,Rajasthan,Jaipur
1857,2025-10-14,60,Customer 0060,Phone,Electronics,11,25147,15,235124.45,200569.05,34555.4,West,Gujarat,Ahmedabad
1858,2023-01-11,70,Customer 0070,Printer,Electronics,16,15629,15,212554.4,148902.16,63652.24,South,Tamil Nadu,Chennai
1859,2024-02-15,362,Customer 0362,Notebook,Stationery,3,83,5,236.55,192.06,44.49,East,West Bengal,Kolkata
1860,2023-01-09,104,Customer 0104,Notebook,Stationery,4,87,15,295.8,192.82,102.98,West,Maharashtra,Mumbai
1861,2025-05-26,448,Customer 0448,Desk,Furniture,12,6483,5,73906.2,51270.67,22635.53,West,Gujarat,Ahmedabad
1862,2025-02-28,290,Customer 0290,Mouse,Electronics,17,617,5,9964.55,8440.99,1523.56,North,Delhi,New Delhi
1863,2024-03-23,372,Customer 0372,Pen,Stationery,19,18,10,307.8,257.4,50.4,North,Uttar Pradesh,Lucknow
1864,2025-07-20,424,Customer 0424,Monitor,Electronics,2,10878,0,21756,15931.25,5824.75,South,Telangana,Hyderabad
1865,2024-01-08,388,Customer 0388,Notebook,Stationery,9,86,0,774,627.38,146.62,South,Telangana,Hyderabad
1866,2023-08-14,483,Customer 0483,Mouse,Electronics,1,619,0,619,549.57,69.43,North,Delhi,New Delhi
1867,2024-10-30,239,Customer 0239,Printer,Electronics,9,15390,0,138510,105850.05,32659.95,South,Tamil Nadu,Chennai
1868,2024-12-26,322,Customer 0322,Laptop,Electronics,15,50502,10,681777,543923.12,137853.88,North,Rajasthan,Jaipur
1869,2024-10-19,4,Customer 0004,Phone,Electronics,1,24193,10,21773.7,16683.43,5090.27,North,Delhi,New Delhi
1870,2023-03-22,54,Customer 0054,Desk,Furniture,11,7498,10,74230.2,58429.9,15800.3,South,Tamil Nadu,Chennai
1871,2024-04-09,257,Customer 0257,Mouse,Electronics,11,619,0,6809,4941.33,1867.67,East,West Bengal,Kolkata
1872,2024-05-16,172,Customer 0172,Pen,Stationery,17,22,15,317.9,256.24,61.66,Central,Madhya Pradesh,Bhopal
1873,2024-12-20,255,Customer 0255,Phone,Electronics,19,24875,0,472625,301724.34,170900.66,North,Delhi,New Delhi
1874,2023-11-26,163,Customer 0163,Pen,Stationery,18,20,5,342,209.67,132.33,West,Maharashtra,Mumbai
1875,2023-06-12,98,Customer 0098,Monitor,Electronics,20,11648,10,209664,136652.79,73011.21,West,Maharashtra,Mumbai
1876,2023-10-19,365,Customer 0365,Phone,Electronics,20,27139,15,461363,285115.88,176247.12,South,Tamil Nadu,Chennai
1877,2025-06-28,404,Customer 0404,Laptop,Electronics,8,51028,15,346990.4,259759.95,87230.45,South,Tamil Nadu,Chennai
1878,2023-03-05,222,Customer 0222,Monitor,Electronics,6,12256,15,62505.6,40465.1,22040.5,North,Rajasthan,Jaipur
1879,2023-09-01,284,Customer 0284,Printer,Electronics,18,13580,15,207774,172636.26,35137.74,North,Uttar Pradesh,Lucknow
1880,2024-05-01,427,Customer 0427,Notebook,Stationery,14,85,15,1011.5,897.4,114.1,West,Gujarat,Ahmedabad
1881,2025-02-08,454,Customer 0454,Printer,Electronics,6,14483,5,82553.1,61659.76,20893.34,North,Rajasthan,Jaipur
1882,2023-11-17,302,Customer 0302,Laptop,Electronics,10,53134,10,478206,376919.79,101286.21,North,Rajasthan,Jaipur
1883,2023-09-07,160,Customer 0160,Printer,Electronics,12,14015,0,168180,123777.8,44402.2,North,Uttar Pradesh,Lucknow
1884,2023-01-20,51,Customer 0051,Pen,Stationery,12,18,0,216,156.35,59.65,North,Rajasthan,Jaipur
1885,2024-01-01,209,Customer 0209,Printer,Electronics,18,15285,0,275130,184963.61,90166.39,North,Uttar Pradesh,Lucknow
1886,2024-09-30,43,Customer 0043,Monitor,Electronics,17,12429,10,190163.7,121176.76,68986.94,Central,Madhya Pradesh,Bhopal
1887,2024-05-24,147,Customer 0147,Pen,Stationery,12,21,0,252,226.63,25.37,East,West Bengal,Kolkata
1888,2023-04-09,471,Customer 0471,Laptop,Electronics,14,50368,0,705152,586022.14,119129.86,West,Gujarat,Ahmedabad
1889,2024-04-17,192,Customer 0192,Chair,Furniture,18,3469,5,59319.9,50338.91,8980.99,North,Uttar Pradesh,Lucknow
1890,2024-04-03,169,Customer 0169,Keyboard,Electronics,10,1179,15,10021.5,8142.56,1878.94,South,Telangana,Hyderabad
1891,2023-02-05,432,Customer 0432,Pen,Stationery,7,21,10,132.3,103.78,28.52,North,Delhi,New Delhi
1892,2024-05-03,89,Customer 0089,Desk,Furniture,11,7077,5,73954.65,65675.53,8279.12,South,Telangana,Hyderabad
1893,2023-03-29,313,Customer 0313,Keyboard,Electronics,20,1163,0,23260,14352.85,8907.15,South,Tamil Nadu,Chennai
1894,2024-06-27,309,Customer 0309,Notebook,Stationery,7,75,10,472.5,314.52,157.98,North,Delhi,New Delhi
1895,2023-05-26,323,Customer 0323,Notebook,Stationery,20,76,10,1368,968.53,399.47,North,Uttar Pradesh,Lucknow
1896,2023-01-16,71,Customer 0071,Keyboard,Electronics,19,1317,15,21269.55,14362.92,6906.63,South,Telangana,Hyderabad
1897,2025-04-14,225,Customer 0225,Chair,Furniture,2,3576,5,6794.4,5576.63,-1217.77,West,Gujarat,Ahmedabad
1898,2025-10-17,430,Customer 0430,Monitor,Electronics,3,11243,0,33729,22632.85,11096.15,East,West Bengal,Kolkata
1899,2023-09-01,9,Customer 0009,Pen,Stationery,16,19,0,304,204.32,99.68,West,Gujarat,Ahmedabad
1900,2025-04-27,355,Customer 0355,Laptop,Electronics,14,50073,10,630919.8,508307.68,122612.12,North,Uttar Pradesh,Lucknow
1901,2023-12-18,454,Customer 0454,Phone,Electronics,8,23466,5,178341.6,155125.33,23216.27,South,Tamil Nadu,Chennai
1902,2024-03-05,6,Customer 0006,Desk,Furniture,13,6550,5,80892.5,51231.3,29661.2,North,Delhi,New Delhi
1903,2023-02-14,450,Customer 0450,Notebook,Stationery,18,72,10,1166.4,785.3,381.1,North,Rajasthan,Jaipur
1904,2025-11-12,265,Customer 0265,Printer,Electronics,12,13605,5,155097,123338.8,31758.2,South,Tamil Nadu,Chennai
1905,2024-03-10,181,Customer 0181,Laptop,Electronics,7,50714,0,354998,316852.73,38145.27,East,West Bengal,Kolkata
1906,2025-07-28,316,Customer 0316,Desk,Furniture,3,7166,10,19348.2,13190.74,6157.46,East,West Bengal,Kolkata
1907,2025-01-24,428,Customer 0428,Chair,Furniture,15,3740,5,53295,46233.3,7061.7,South,Tamil Nadu,Chennai
1908,2023-08-25,46,Customer 0046,Mouse,Electronics,9,624,0,5616,4756.36,859.64,South,Tamil Nadu,Chennai
1909,2024-05-12,105,Customer 0105,Phone,Electronics,8,25802,15,175453.6,141105.81,34347.79,North,Uttar Pradesh,Lucknow
1910,2025-04-18,87,Customer 0087,Phone,Electronics,2,23418,15,39810.6,29033.22,10777.38,South,Tamil Nadu,Chennai
1911,2024-11-14,211,Customer 0211,Printer,Electronics,7,14644,10,92257.2,79329.46,12927.74,North,Rajasthan,
1912,2023-10-17,397,Customer 0397,Desk,Furniture,2,6971,10,12547.8,8638.99,3908.81,North,Delhi,New Delhi
1913,2023-03-11,399,Customer 0399,Notebook,Stationery,19,73,0,1387,1068.46,318.54,South,Telangana,Hyderabad
1914,2025-06-16,134,Customer 0134,Keyboard,Electronics,8,1300,15,8840,6085.99,2754.01,North,Delhi,New Delhi
1915,2025-11-20,137,Customer 0137,Monitor,Electronics,7,13104,0,91728,58768.19,32959.81,North,Uttar Pradesh,Lucknow
1916,2024-06-03,40,Customer 0040,Chair,Furniture,3,3558,0,10674,7017.66,3656.34,South,Telangana,Hyderabad
1917,2025-02-27,105,,Mouse,Electronics,7,604,15,3593.8,2242.09,1351.71,North,Delhi,New Delhi
1918,2023-07-26,295,Customer 0295,Monitor,Electronics,20,11733,0,234660,169463.24,65196.76,North,Uttar Pradesh,Lucknow
1919,2024-08-19,14,Customer 0014,Desk,Furniture,4,6609,5,25114.2,17980.4,7133.8,South,Karnataka,Bengaluru
1920,2023-08-02,479,Customer 0479,Mouse,Electronics,17,604,5,9754.6,7434.67,2319.93,South,Telangana,Hyderabad
1921,2025-10-21,131,Customer 0131,Mouse,Electronics,17,586,0,9962,6524.08,3437.92,North,Delhi,New Delhi
1922,2023-07-04,292,Customer 0292,Pen,Stationery,17,20,15,289,196.05,92.95,Central,Madhya Pradesh,Bhopal
1923,2023-02-26,291,Customer 0291,Keyboard,Electronics,17,1302,10,19920.6,15754.62,4165.98,North,Rajasthan,Jaipur
1924,2025-11-12,164,Customer 0164,Chair,Furniture,6,3601,0,21606,18698.72,2907.28,North,Uttar Pradesh,Lucknow
1925,2024-08-28,110,Customer 0110,Monitor,Electronics,12,10842,10,117093.6,76213.15,40880.45,Central,Madhya Pradesh,Bhopal
1926,2023-12-30,222,Customer 0222,Pen,Stationery,10,19,15,161.5,103.85,57.65,South,Karnataka,Bengaluru
1927,2023-02-10,345,Customer 0345,Phone,Electronics,2,25643,0,51286,45338.94,5947.06,North,Delhi,New Delhi
1928,2023-08-09,72,Customer 0072,Mouse,Electronics,14,655,10,8253,6425.23,1827.77,South,Tamil Nadu,Chennai
1929,2025-11-13,20,Customer 0020,Monitor,Electronics,6,10847,15,55319.7,37430.01,17889.69,West,Maharashtra,Mumbai
1930,2023-07-21,433,Customer 0433,Phone,Electronics,19,26281,10,449405.1,292870.38,156534.72,West,Gujarat,Ahmedabad
1931,2024-05-10,414,Customer 0414,Mouse,Electronics,8,540,0,4320,3495.78,824.22,South,Tamil Nadu,
1932,2024-06-05,296,Customer 0296,Desk,Furniture,13,6607,15,73007.35,58737.2,14270.15,West,Gujarat,Ahmedabad
1933,2025-11-01,197,Customer 0197,Laptop,Electronics,15,45558,15,580864.5,393315.86,187548.64,West,Gujarat,Ahmedabad
1934,2024-01-11,7,Customer 0007,Desk,Furniture,16,7258,15,98708.8,65772.73,32936.07,Central,Madhya Pradesh,Bhopal
1935,2025-01-12,187,Customer 0187,Chair,Furniture,15,3398,5,48421.5,34841.28,13580.22,West,Maharashtra,Mumbai
1936,2023-08-14,479,Customer 0479,Laptop,Electronics,15,52647,5,750219.75,494962.5,255257.25,South,Karnataka,Bengaluru
1937,2023-10-13,62,Customer 0062,Desk,Furniture,5,6480,15,27540,19189.03,8350.97,West,Maharashtra,Mumbai
1938,2023-04-09,347,Customer 0347,Notebook,Stationery,17,80,10,1224,832.48,391.52,South,Telangana,Hyderabad
1939,2024-03-06,122,Customer 0122,Phone,Electronics,4,22629,0,90516,74801.61,15714.39,South,Tamil Nadu,Chennai
1940,2024-01-10,281,Customer 0281,Keyboard,Electronics,10,1188,5,11286,8159.21,3126.79,West,Maharashtra,Mumbai
1941,2023-09-27,456,Customer 0456,Chair,Furniture,8,3227,15,21943.6,16399.52,5544.08,Central,Madhya Pradesh,Bhopal
1942,2024-05-24,368,Customer 0368,Chair,Furniture,19,3225,5,58211.25,47198.13,11013.12,West,Maharashtra,Mumbai
1943,2023-10-05,288,Customer 0288,Laptop,Electronics,2,49403,0,98806,75104.32,23701.68,Central,Madhya Pradesh,Bhopal
1944,2024-09-18,282,Customer 0282,Pen,Stationery,6,21,10,113.4,94.01,19.39,Central,Madhya Pradesh,Bhopal
1945,2023-12-02,24,Customer 0024,Mouse,Electronics,19,574,5,10360.7,6691.55,3669.15,Central,Madhya Pradesh,Bhopal
1946,2025-02-07,150,Customer 0150,Pen,Stationery,18,22,15,336.6,273.4,63.2,South,Karnataka,Bengaluru
1947,2024-02-21,402,Customer 0402,Desk,Furniture,15,7360,10,99360,80826.33,18533.67,West,Gujarat,Ahmedabad
1948,2025-09-24,76,Customer 0076,Pen,Stationery,19,21,15,339.15,281.59,57.56,East,West Bengal,Kolkata
1949,2023-06-18,454,Customer 0454,Printer,Electronics,10,13658,0,136580,116049.56,20530.44,Central,Madhya Pradesh,Bhopal
1950,2025-08-13,431,Customer 0431,Notebook,Stationery,10,79,5,750.5,552.26,198.24,West,Gujarat,Ahmedabad
1951,2024-09-30,121,Customer 0121,Mouse,Electronics,16,594,15,8078.4,6138.32,1940.08,North,Uttar Pradesh,Lucknow
1952,2025-01-28,355,Customer 0355,Desk,Furniture,11,6917,15,64673.95,57294.65,7379.3,South,Telangana,Hyderabad
1953,2023-12-22,361,Customer 0361,Printer,Electronics,1,15994,15,13594.9,12169.68,1425.22,South,Karnataka,Bengaluru
1954,2024-01-15,98,Customer 0098,Desk,Furniture,3,6986,0,20958,14733.37,6224.63,Central,Madhya Pradesh,Bhopal
1955,2025-12-13,145,Customer 0145,Pen,Stationery,11,19,15,177.65,129.08,48.57,East,West Bengal,Kolkata
1956,2023-11-28,174,Customer 0174,Desk,Furniture,19,6957,15,112355.55,71435.35,40920.2,West,Maharashtra,Mumbai
1957,2023-02-20,76,Customer 0076,Notebook,Stationery,18,82,10,1328.4,1133.52,194.88,South,Tamil Nadu,Chennai
1958,2023-08-03,6,Customer 0006,Desk,Furniture,19,6614,15,106816.1,70389.46,36426.64,West,Gujarat,Ahmedabad
1959,2024-02-19,352,Customer 0352,Mouse,Electronics,7,577,10,3635.1,2522.35,1112.75,North,Rajasthan,Jaipur
1960,2024-08-21,461,Customer 0461,Keyboard,Electronics,10,1221,10,10989,8987.95,2001.05,West,Gujarat,Ahmedabad
1961,2023-04-19,53,Customer 0053,Printer,Electronics,19,15265,10,261031.5,198012.32,63019.18,West,Gujarat,Ahmedabad
1962,2024-10-07,390,Customer 0390,Phone,Electronics,18,27284,10,442000.8,297021.56,144979.24,North,Delhi,New Delhi
1963,2024-09-14,244,Customer 0244,Mouse,Electronics,14,572,0,8008,6249.81,1758.19,Central,Madhya Pradesh,Bhopal
1964,2023-06-28,150,Customer 0150,Keyboard,Electronics,1,1187,0,1187,767.79,419.21,West,Gujarat,Ahmedabad
1965,2024-10-27,208,Customer 0208,Desk,Furniture,12,7292,5,83128.8,61206.09,21922.71,South,Karnataka,Bengaluru
1966,2023-03-10,392,Customer 0392,Printer,Electronics,10,15808,15,134368,88791.77,45576.23,North,Rajasthan,Jaipur
1967,2025-10-07,210,Customer 0210,Printer,Electronics,8,16143,0,129144,111596.84,17547.16,North,Rajasthan,Jaipur
1968,2023-01-21,346,Customer 0346,Notebook,Stationery,6,79,15,402.9,245.96,156.94,East,West Bengal,Kolkata
1969,2024-09-30,55,Customer 0055,Pen,Stationery,19,22,10,376.2,262.03,114.17,South,Karnataka,Bengaluru
1970,2023-08-30,99,Customer 0099,Monitor,Electronics,11,12522,15,117080.7,85496.59,31584.11,South,Karnataka,Bengaluru
1971,2023-01-20,16,Customer 0016,Monitor,Electronics,14,12097,10,152422.2,130488.23,21933.97,West,Gujarat,Ahmedabad
1972,2023-10-03,398,Customer 0398,Pen,Stationery,7,18,0,126,108.92,17.08,South,Karnataka,Bengaluru
1973,2023-11-11,254,Customer 0254,Keyboard,Electronics,7,1316,10,8290.8,6304.86,1985.94,West,Maharashtra,Mumbai
1974,2025-10-09,53,Customer 0053,Printer,Electronics,8,16067,10,115682.4,76394.71,39287.69,South,Karnataka,Bengaluru
1975,2025-04-16,358,Customer 0358,Laptop,Electronics,8,52680,5,400368,318078.34,82289.66,South,Telangana,Hyderabad
1976,2024-06-27,437,Customer 0437,Phone,Electronics,12,24604,5,280485.6,207481.26,73004.34,Central,Madhya Pradesh,Bhopal
1977,2023-02-23,215,Customer 0215,Chair,Furniture,6,3223,0,19338,12770.15,6567.85,West,Maharashtra,Mumbai
1978,2024-08-20,204,Customer 0204,Phone,Electronics,19,27356,0,519764,330692.87,189071.13,Central,Madhya Pradesh,Bhopal
1979,2023-07-04,99,Customer 0099,Pen,Stationery,20,19,15,323,253.29,69.71,North,Delhi,New Delhi
1980,2024-07-19,483,Customer 0483,Keyboard,Electronics,12,1130,15,11526,8546.14,2979.86,North,Delhi,New Delhi
1981,2024-04-04,426,Customer 0426,Mouse,Electronics,7,545,5,3624.25,3180.4,443.85,South,Telangana,Hyderabad
1982,2024-09-19,127,Customer 0127,Printer,Electronics,11,16297,5,170303.65,115771.26,54532.39,South,Karnataka,Bengaluru
1983,2023-09-01,5,Customer 0005,Chair,Furniture,18,3758,0,67644,60865.99,6778.01,South,Tamil Nadu,Chennai
1984,2024-10-20,492,Customer 0492,Mouse,Electronics,17,624,10,9547.2,8120.12,1427.08,East,West Bengal,Kolkata
1985,2023-01-30,46,Customer 0046,Notebook,Stationery,14,75,5,997.5,782.64,214.86,East,West Bengal,Kolkata
1986,2025-08-04,154,Customer 0154,Laptop,Electronics,20,54571,0,1091420,791702.32,299717.68,Central,Madhya Pradesh,Bhopal
1987,2023-06-21,269,Customer 0269,Pen,Stationery,6,22,10,118.8,104.97,-13.83,North,Rajasthan,Jaipur
1988,2024-10-31,190,Customer 0190,Phone,Electronics,20,23463,15,398871,338852.21,60018.79,North,Uttar Pradesh,Lucknow
1989,2025-06-27,269,Customer 0269,Chair,Furniture,7,3390,15,20170.5,17397.98,2772.52,North,Delhi,New Delhi
1990,2023-07-21,394,Customer 0394,Desk,Furniture,13,7303,5,90192.05,72650.85,17541.2,West,Maharashtra,Mumbai
1991,2023-03-18,26,Customer 0026,Phone,Electronics,17,25919,0,440623,294260.91,146362.09,North,Delhi,New Delhi
1992,2024-09-30,106,Customer 0106,Desk,Furniture,20,6401,5,121619,105942.8,15676.2,South,Tamil Nadu,Chennai
1993,2023-01-22,465,Customer 0465,Keyboard,Electronics,10,1315,10,11835,8991.93,2843.07,Central,Madhya Pradesh,Bhopal
1994,2025-07-30,268,Customer 0268,Laptop,Electronics,19,46896,10,801921.6,615279.25,186642.35,North,Delhi,New Delhi
1995,2025-11-03,328,Customer 0328,Mouse,Electronics,5,594,5,2821.5,2151.14,670.36,North,Delhi,New Delhi
1996,2025-06-25,237,Customer 0237,Notebook,Stationery,4,78,15,265.2,214.81,50.39,South,Tamil Nadu,Chennai
1997,2025-12-25,442,Customer 0442,Printer,Electronics,20,13738,5,261022,163323.81,97698.19,West,Maharashtra,Mumbai
1998,2024-03-09,132,Customer 0132,Keyboard,Electronics,5,1195,5,5676.25,4370.03,1306.22,North,Rajasthan,Jaipur
1999,2024-01-26,44,Customer 0044,Chair,Furniture,14,3543,15,42161.7,36999.49,5162.21,West,Gujarat,Ahmedabad
2000,2024-05-08,340,Customer 0340,Mouse,Electronics,15,620,10,8370,5388.87,2981.13,North,Uttar Pradesh,Lucknow
2001,2024-03-31,177,Customer 0177,Chair,Furniture,10,3814,15,32419,27869.42,4549.58,South,Karnataka,Bengaluru
2002,2024-08-28,399,Customer 0399,Phone,Electronics,5,27075,10,121837.5,101029.79,20807.71,West,Maharashtra,Mumbai
2003,2023-01-18,152,Customer 0152,Mouse,Electronics,13,606,10,7090.2,5398.06,1692.14,North,Delhi,New Delhi
2004,2025-04-23,65,Customer 0065,Mouse,Electronics,1,646,10,581.4,411.74,169.66,Central,Madhya Pradesh,Bhopal
2005,2024-12-06,358,Customer 0358,Desk,Furniture,9,6386,5,54600.3,45152.77,9447.53,North,Delhi,New Delhi
2006,2024-11-21,493,Customer 0493,Mouse,Electronics,2,540,10,972,833.1,138.9,South,Karnataka,Bengaluru
2007,2024-05-13,207,Customer 0207,Phone,Electronics,19,26067,5,470509.35,392239.07,78270.28,Central,Madhya Pradesh,Bhopal
2008,2025-01-04,196,Customer 0196,Chair,Furniture,9,3764,0,33876,23211.63,10664.37,South,Tamil Nadu,Chennai
2009,2023-10-31,13,Customer 0013,Notebook,Stationery,18,75,5,1282.5,957.6,324.9,Central,Madhya Pradesh,Bhopal
2010,2024-10-13,150,Customer 0150,Printer,Electronics,8,14458,5,109880.8,98482.04,11398.76,East,West Bengal,Kolkata
2011,2024-11-19,120,Customer 0120,Chair,Furniture,19,3172,0,60268,47866.79,12401.21,South,Karnataka,Bengaluru
2012,2025-11-19,308,Customer 0308,Desk,Furniture,16,7308,15,99388.8,74044.95,25343.85,South,Karnataka,Bengaluru
2013,2024-11-14,254,Customer 0254,Keyboard,Electronics,14,1274,15,15160.6,10127.71,5032.89,North,Rajasthan,Jaipur
2014,2025-04-14,125,Customer 0125,Phone,Electronics,8,23731,10,170863.2,117306.56,53556.64,West,Maharashtra,Mumbai
2015,2024-05-22,462,Customer 0462,Laptop,Electronics,2,54929,0,109858,75052.51,34805.49,North,Delhi,New Delhi
2016,2025-08-04,127,Customer 0127,Keyboard,Electronics,13,1188,5,14671.8,9609.29,5062.51,East,West Bengal,Kolkata
2017,2024-02-12,315,Customer 0315,Printer,Electronics,13,15223,15,168214.15,146432.83,21781.32,West,Gujarat,Ahmedabad
2018,2023-05-21,352,Customer 0352,Mouse,Electronics,8,554,15,3767.2,2981.44,785.76,West,Gujarat,Ahmedabad
2019,2024-01-01,355,Customer 0355,Pen,Stationery,1,20,0,20,14.13,5.87,West,Gujarat,Ahmedabad
2020,2025-01-29,355,Customer 0355,Printer,Electronics,11,13751,15,128571.85,90012.94,38558.91,South,Telangana,Hyderabad
2021,2025-12-12,88,Customer 0088,Keyboard,Electronics,8,1176,15,7996.8,6891.01,1105.79,West,Maharashtra,Mumbai
2022,2024-08-11,151,Customer 0151,Pen,Stationery,2,19,15,32.3,23.26,9.04,North,Uttar Pradesh,Lucknow
2023,2023-10-27,358,Customer 0358,Laptop,Electronics,9,50051,10,405413.1,278474.36,126938.74,South,Karnataka,Bengaluru
2024,2024-03-10,430,Customer 0430,Desk,Furniture,3,6743,10,18206.1,12785.12,5420.98,Central,Madhya Pradesh,Bhopal
2025,2024-10-28,123,Customer 0123,Printer,Electronics,1,14306,5,13590.7,10674.67,2916.03,South,Telangana,Hyderabad
2026,2023-03-25,326,Customer 0326,Printer,Electronics,20,13961,15,237337,145439.04,91897.96,North,Rajasthan,Jaipur
2027,2024-07-30,194,Customer 0194,Phone,Electronics,10,22617,0,226170,164757.49,61412.51,South,Telangana,Hyderabad
2028,2023-03-25,244,Customer 0244,Chair,Furniture,16,3385,10,48744,33222.96,15521.04,North,Uttar Pradesh,Lucknow
2029,2024-09-16,118,Customer 0118,Chair,Furniture,2,3727,5,7081.3,4655.5,2425.8,South,Karnataka,Bengaluru
2030,2025-09-09,378,Customer 0378,Pen,Stationery,4,19,15,64.6,44.54,20.06,West,Gujarat,Ahmedabad
2031,2025-04-19,376,Customer 0376,Keyboard,Electronics,2,1096,0,2192,1571.81,620.19,South,Telangana,Hyderabad
2032,2024-03-19,132,Customer 0132,Printer,Electronics,8,14641,10,105415.2,92675.75,-12739.45,Central,Madhya Pradesh,Bhopal
2033,2023-02-20,287,Customer 0287,Pen,Stationery,3,19,10,51.3,43.38,7.92,North,Rajasthan,Jaipur
2034,2024-01-02,147,,Chair,Furniture,18,3771,0,67878,55208.51,12669.49,West,Maharashtra,Mumbai
2035,2023-11-23,282,Customer 0282,Mouse,Electronics,11,656,0,7216,5091.99,2124.01,Central,Madhya Pradesh,Bhopal
2036,2025-07-12,228,Customer 0228,Monitor,Electronics,12,11206,5,127748.4,112901.75,14846.65,North,Rajasthan,Jaipur
2037,2023-11-25,137,Customer 0137,Keyboard,Electronics,4,1220,15,4148,3011.1,1136.9,South,Tamil Nadu,Chennai
2038,2025-11-13,338,Customer 0338,Monitor,Electronics,6,11358,15,57925.8,38169.66,19756.14,South,Telangana,Hyderabad
2039,2023-03-23,44,Customer 0044,Keyboard,Electronics,13,1197,10,14004.9,11979.24,2025.66,South,Karnataka,Bengaluru
2040,2024-10-09,69,Customer 0069,Chair,Furniture,15,3728,10,50328,45198.19,5129.81,West,Gujarat,Ahmedabad
2041,2024-12-30,435,Customer 0435,Monitor,Electronics,16,11557,5,175666.4,109993.19,65673.21,West,Maharashtra,Mumbai
2042,2024-11-18,173,Customer 0173,Keyboard,Electronics,3,1103,5,3143.55,2355.04,788.51,South,Telangana,Hyderabad
2043,2025-01-02,447,Customer 0447,Pen,Stationery,8,22,5,167.2,138.57,28.63,North,Rajasthan,Jaipur
2044,2024-06-06,427,Customer 0427,Notebook,Stationery,15,81,15,1032.75,788.73,244.02,East,West Bengal,Kolkata
2045,2025-06-19,413,Customer 0413,Printer,Electronics,6,13631,15,69518.1,51946.73,17571.37,West,Gujarat,Ahmedabad
2046,2025-08-29,281,Customer 0281,Printer,Electronics,16,13684,15,186102.4,157695.87,28406.53,South,Telangana,Hyderabad
2047,2023-06-20,82,Customer 0082,Laptop,Electronics,15,48698,10,657423,449634.11,207788.89,West,Gujarat,Ahmedabad
2048,2024-04-27,143,Customer 0143,Printer,Electronics,3,16413,10,44315.1,37934.3,6380.8,West,Gujarat,Ahmedabad
2049,2023-05-18,36,Customer 0036,Monitor,Electronics,18,11426,10,185101.2,123048.78,62052.42,East,West Bengal,Kolkata
2050,2023-08-17,323,Customer 0323,Printer,Electronics,8,15903,0,127224,84136.52,43087.48,South,Karnataka,Bengaluru
2051,2024-06-20,273,Customer 0273,Laptop,Electronics,11,50390,0,554290,391466.54,162823.46,East,West Bengal,Kolkata
2052,2023-08-07,53,Customer 0053,Printer,Electronics,7,14614,10,92068.2,59743.07,32325.13,Central,Madhya Pradesh,Bhopal
2053,2024-05-23,354,Customer 0354,Phone,Electronics,20,26964,15,458388,278001.83,180386.17,South,Karnataka,Bengaluru
2054,2023-01-22,455,Customer 0455,Laptop,Electronics,12,46650,10,503820,381541.33,122278.67,South,Karnataka,Bengaluru
2055,2024-06-08,371,Customer 0371,Phone,Electronics,15,26568,5,378594,322835.4,55758.6,North,Uttar Pradesh,Lucknow
2056,2025-03-23,78,Customer 0078,Monitor,Electronics,2,11344,5,21553.6,15474.15,6079.45,South,Karnataka,Bengaluru
2057,2025-02-12,152,Customer 0152,Monitor,Electronics,12,12719,0,152628,134697.75,17930.25,North,Rajasthan,Jaipur
2058,2023-04-28,483,Customer 0483,Printer,Electronics,8,14492,10,104342.4,73254.9,31087.5,North,Delhi,New Delhi
2059,2025-04-24,145,Customer 0145,Phone,Electronics,12,24626,5,280736.4,194856.25,85880.15,West,Gujarat,Ahmedabad
2060,2023-08-28,452,Customer 0452,Desk,Furniture,17,6539,15,94488.55,66674.24,27814.31,North,Uttar Pradesh,Lucknow
2061,2024-09-20,162,Customer 0162,Mouse,Electronics,20,595,0,11900,7393.95,4506.05,South,Telangana,Hyderabad
2062,2024-02-27,136,Customer 0136,Notebook,Stationery,13,81,10,947.7,835.1,112.6,Central,Madhya Pradesh,Bhopal
2063,2025-09-10,175,Customer 0175,Laptop,Electronics,13,48489,10,567321.3,444295.16,123026.14,North,Delhi,New Delhi
2064,2025-11-21,112,Customer 0112,Desk,Furniture,14,7342,15,87369.8,68048.74,19321.06,South,Telangana,Hyderabad
2065,2024-10-01,214,Customer 0214,Monitor,Electronics,13,11013,5,136010.55,104050.03,31960.52,South,Tamil Nadu,Chennai
2066,2025-11-04,278,Customer 0278,Desk,Furniture,2,6812,0,13624,11487.77,2136.23,West,Gujarat,Ahmedabad
2067,2024-09-18,439,Customer 0439,Monitor,Electronics,14,12365,15,147143.5,114215.23,32928.27,South,Tamil Nadu,Chennai
2068,2023-08-23,342,Customer 0342,Chair,Furniture,17,3460,0,58820,38988.19,19831.81,South,Tamil Nadu,Chennai
2069,2024-10-07,355,Customer 0355,Notebook,Stationery,1,80,10,72,58,14,North,Rajasthan,Jaipur
2070,2023-12-13,198,Customer 0198,Printer,Electronics,20,15963,15,271371,225562.16,45808.84,West,Maharashtra,Mumbai
2071,2023-09-16,127,Customer 0127,Laptop,Electronics,13,50552,0,657176,483013.19,174162.81,North,Uttar Pradesh,Lucknow
2072,2023-11-23,103,Customer 0103,Pen,Stationery,15,19,15,242.25,210.16,32.09,West,Gujarat,Ahmedabad
2073,2025-07-12,465,Customer 0465,Phone,Electronics,19,24465,0,464835,369415.16,95419.84,South,Karnataka,Bengaluru
2074,2025-09-12,10,Customer 0010,Laptop,Electronics,1,49721,10,44748.9,32405.03,12343.87,North,Rajasthan,Jaipur
2075,2025-02-07,404,Customer 0404,Printer,Electronics,20,15745,10,283410,216024.33,67385.67,South,Karnataka,Bengaluru
2076,2025-05-12,64,Customer 0064,Desk,Furniture,20,6730,0,134600,82115.03,52484.97,West,Maharashtra,Mumbai
2077,2024-11-14,275,Customer 0275,Pen,Stationery,2,20,15,34,24.89,9.11,East,West Bengal,Kolkata
2078,2024-04-18,462,Customer 0462,Laptop,Electronics,8,54982,0,439856,333230.8,106625.2,North,Uttar Pradesh,Lucknow
2079,2023-08-22,200,Customer 0200,Printer,Electronics,10,14202,5,134919,120389.89,14529.11,West,Gujarat,Ahmedabad
2080,2024-03-16,71,Customer 0071,Monitor,Electronics,13,11274,5,139233.9,100144.72,39089.18,South,Tamil Nadu,Chennai
2081,2023-08-31,180,Customer 0180,Laptop,Electronics,10,46055,10,414495,323417.34,91077.66,West,Maharashtra,Mumbai
2082,2025-11-05,363,Customer 0363,Chair,Furniture,2,3388,10,6098.4,4385.5,1712.9,Central,Madhya Pradesh,Bhopal
2083,2023-04-17,82,Customer 0082,Monitor,Electronics,2,12836,10,23104.8,16120.41,6984.39,East,West Bengal,Kolkata
2084,2023-03-24,174,Customer 0174,Chair,Furniture,10,3849,0,38490,25902.68,12587.32,West,Gujarat,Ahmedabad
2085,2024-06-28,186,Customer 0186,Phone,Electronics,17,23925,5,386388.75,312284.66,74104.09,West,Maharashtra,Mumbai
2086,2023-12-22,29,Customer 0029,Laptop,Electronics,16,46198,15,628292.8,484240.25,144052.55,North,Rajasthan,Jaipur
2087,2023-08-06,221,Customer 0221,Notebook,Stationery,16,76,10,1094.4,845.96,248.44,North,Delhi,New Delhi
2088,2024-04-12,458,Customer 0458,Mouse,Electronics,7,542,15,3224.9,2465.16,759.74,North,Uttar Pradesh,Lucknow
2089,2025-10-11,415,Customer 0415,Phone,Electronics,20,25932,5,492708,379457.45,113250.55,South,Karnataka,Bengaluru
2090,2024-08-06,195,Customer 0195,Chair,Furniture,12,3489,15,35587.8,31457.35,4130.45,Central,Madhya Pradesh,Bhopal
2091,2024-12-24,202,Customer 0202,Mouse,Electronics,3,610,5,1738.5,1104.48,634.02,East,West Bengal,Kolkata
2092,2023-07-07,300,Customer 0300,Pen,Stationery,14,21,5,279.3,250.16,29.14,North,Delhi,New Delhi
2093,2023-03-31,128,Customer 0128,Laptop,Electronics,1,50056,5,47553.2,38359.1,9194.1,Central,Madhya Pradesh,Bhopal
2094,2023-06-08,342,Customer 0342,Desk,Furniture,13,7247,10,84789.9,67037.75,17752.15,West,Gujarat,Ahmedabad
2095,2025-02-20,211,Customer 0211,Chair,Furniture,20,3294,5,62586,49516.5,13069.5,North,Rajasthan,Jaipur
2096,2023-03-26,453,Customer 0453,Notebook,Stationery,12,73,0,876,548.79,327.21,South,Karnataka,Bengaluru
2097,2025-12-10,279,Customer 0279,Keyboard,Electronics,19,1317,0,25023,21159.34,3863.66,Central,Madhya Pradesh,Bhopal
2098,2025-11-16,29,Customer 0029,Printer,Electronics,5,15232,10,68544,47014.23,21529.77,North,Delhi,New Delhi
2099,2025-01-17,175,Customer 0175,Chair,Furniture,12,3603,5,41074.2,26812.23,14261.97,South,Karnataka,Bengaluru
2100,2025-07-04,177,Customer 0177,Pen,Stationery,4,22,10,79.2,67.31,11.89,West,Gujarat,Ahmedabad
2101,2023-06-19,125,Customer 0125,Laptop,Electronics,7,53175,10,335002.5,204553.19,130449.31,Central,Madhya Pradesh,Bhopal
2102,2025-04-13,116,Customer 0116,Desk,Furniture,7,7596,10,47854.8,29649.41,18205.39,South,Tamil Nadu,Chennai
2103,2025-05-04,308,Customer 0308,Pen,Stationery,7,22,5,146.3,99.38,46.92,North,Uttar Pradesh,Lucknow
2104,2025-01-11,40,Customer 0040,Notebook,Stationery,13,78,15,861.9,517.97,343.93,North,Delhi,New Delhi
2105,2023-12-31,218,Customer 0218,Chair,Furniture,16,3321,5,50479.2,32290.82,18188.38,East,West Bengal,Kolkata
2106,2023-11-22,3,Customer 0003,Chair,Furniture,6,3318,5,18912.6,11898.53,7014.07,North,Delhi,New Delhi
2107,2025-03-26,470,Customer 0470,Chair,Furniture,14,3661,0,51254,44037.36,7216.64,North,Delhi,New Delhi
2108,2023-10-19,109,Customer 0109,Phone,Electronics,7,25490,0,178430,116137.77,62292.23,South,Tamil Nadu,Chennai
2109,2025-11-17,421,Customer 0421,Laptop,Electronics,6,50400,0,302400,216579.7,85820.3,North,Rajasthan,Jaipur
2110,2024-11-05,250,Customer 0250,Notebook,Stationery,3,75,5,213.75,170.69,43.06,Central,Madhya Pradesh,Bhopal
2111,2023-11-01,265,Customer 0265,Desk,Furniture,5,6703,15,28487.75,21228.28,7259.47,East,West Bengal,Kolkata
2112,2024-03-13,131,Customer 0131,Printer,Electronics,4,14407,15,48983.8,38406.19,10577.61,West,Maharashtra,Mumbai
2113,2024-06-04,52,Customer 0052,Printer,Electronics,1,15656,15,13307.6,11967.02,1340.58,North,Delhi,New Delhi
2114,2023-08-26,444,Customer 0444,Chair,Furniture,1,3298,0,3298,2326.84,971.16,South,Karnataka,Bengaluru
2115,2023-06-03,212,Customer 0212,Desk,Furniture,11,6315,10,62518.5,48355.25,14163.25,South,Karnataka,Bengaluru
2116,2024-03-12,483,Customer 0483,Laptop,Electronics,11,49604,0,545644,354089.95,191554.05,East,West Bengal,Kolkata
2117,2024-04-14,93,Customer 0093,Laptop,Electronics,5,46723,10,210253.5,158277.93,51975.57,North,Delhi,New Delhi
2118,2025-04-16,111,Customer 0111,Keyboard,Electronics,14,1295,10,16317,11098.79,5218.21,West,Gujarat,Ahmedabad
2119,2023-03-23,26,Customer 0026,Monitor,Electronics,18,12106,0,217908,155686.75,62221.25,Central,Madhya Pradesh,Bhopal
2120,2024-02-10,479,Customer 0479,Keyboard,Electronics,7,1277,15,7598.15,6371.81,1226.34,East,West Bengal,Kolkata
2121,2023-12-28,269,Customer 0269,Laptop,Electronics,10,45143,15,383715.5,258087.62,125627.88,South,Karnataka,Bengaluru
2122,2025-04-13,153,Customer 0153,Notebook,Stationery,6,72,5,410.4,358.86,51.54,North,Delhi,New Delhi
2123,2025-01-26,352,Customer 0352,Laptop,Electronics,14,45203,15,537915.7,353826.03,184089.67,East,West Bengal,Kolkata
2124,2025-06-21,101,Customer 0101,Notebook,Stationery,3,76,5,216.6,137.55,79.05,South,Tamil Nadu,Chennai
2125,2025-05-07,269,Customer 0269,Desk,Furniture,20,7561,5,143659,92106.32,51552.68,South,Karnataka,Bengaluru
2126,2024-03-17,134,Customer 0134,Mouse,Electronics,13,635,10,7429.5,6203.77,1225.73,South,Telangana,Hyderabad
2127,2025-11-12,458,Customer 0458,Mouse,Electronics,10,577,15,4904.5,3944.28,960.22,South,Tamil Nadu,Chennai
2128,2023-01-29,214,Customer 0214,Monitor,Electronics,17,11658,0,198186,161733.03,36452.97,South,Telangana,Hyderabad
2129,2025-02-09,100,Customer 0100,Notebook,Stationery,17,74,15,1069.3,678.62,390.68,Central,Madhya Pradesh,Bhopal
2130,2024-02-05,149,Customer 0149,Phone,Electronics,16,22958,10,330595.2,272936.67,57658.53,East,West Bengal,Kolkata
2131,2024-07-19,233,Customer 0233,Monitor,Electronics,1,12390,5,11770.5,10481.17,1289.33,North,Rajasthan,Jaipur
2132,2024-05-28,308,Customer 0308,Laptop,Electronics,11,49374,5,515958.3,386844.17,129114.13,West,Gujarat,Ahmedabad
2133,2025-10-13,45,Customer 0045,Phone,Electronics,20,24596,5,467324,283991.38,183332.62,West,Gujarat,Ahmedabad
2134,2024-08-22,306,Customer 0306,Chair,Furniture,11,3565,0,39215,33327.5,5887.5,South,Telangana,Hyderabad
2135,2023-12-14,223,Customer 0223,Phone,Electronics,16,22912,5,348262.4,268357.69,79904.71,West,Maharashtra,Mumbai
2136,2024-12-11,213,Customer 0213,Notebook,Stationery,3,85,5,242.25,195.65,46.6,West,Maharashtra,Mumbai
2137,2023-02-14,95,Customer 0095,Keyboard,Electronics,17,1080,0,18360,12258.13,6101.87,East,West Bengal,Kolkata
2138,2024-11-01,43,Customer 0043,Laptop,Electronics,9,51873,10,420171.3,309599.99,110571.31,South,Tamil Nadu,Chennai
2139,2024-10-22,178,Customer 0178,Desk,Furniture,16,6398,0,102368,90861.57,11506.43,South,Tamil Nadu,Chennai
2140,2025-02-07,372,Customer 0372,Phone,Electronics,19,23986,0,455734,276429.94,179304.06,East,West Bengal,Kolkata
2141,2023-03-04,194,Customer 0194,Phone,Electronics,7,26991,0,188937,124474.73,64462.27,South,Telangana,Hyderabad
2142,2023-08-16,105,Customer 0105,Monitor,Electronics,17,11979,10,183278.7,127878.35,55400.35,West,Gujarat,Ahmedabad
2143,2024-10-23,221,Customer 0221,Chair,Furniture,8,3225,15,21930,16924.88,-5005.12,East,West Bengal,Kolkata
2144,2025-07-20,168,Customer 0168,Laptop,Electronics,4,51484,15,175045.6,124504.05,50541.55,North,Uttar Pradesh,Lucknow
2145,2023-06-01,230,Customer 0230,Mouse,Electronics,12,607,10,6555.6,5604.48,951.12,North,Rajasthan,Jaipur
2146,2025-08-12,5,Customer 0005,Laptop,Electronics,12,46767,5,533143.8,389292.15,143851.65,South,Telangana,Hyderabad
2147,2023-11-04,182,Customer 0182,Phone,Electronics,2,23085,5,43861.5,35214.26,8647.24,East,West Bengal,Kolkata
2148,2025-01-26,257,Customer 0257,Printer,Electronics,4,13823,5,52527.4,38501.16,14026.24,South,Tamil Nadu,Chennai
2149,2024-07-18,128,Customer 0128,Laptop,Electronics,19,48810,5,881020.5,629580.03,251440.47,South,Karnataka,
2150,2024-04-22,49,Customer 0049,Desk,Furniture,9,6589,0,59301,45677.82,13623.18,South,Tamil Nadu,Chennai
2151,2025-11-04,41,Customer 0041,Chair,Furniture,5,3259,10,14665.5,12468.96,2196.54,South,Telangana,Hyderabad
2152,2025-05-05,54,Customer 0054,Notebook,Stationery,3,72,5,205.2,175.44,29.76,North,Uttar Pradesh,Lucknow
2153,2023-02-21,380,Customer 0380,Notebook,Stationery,17,78,5,1259.7,876.76,382.94,North,Delhi,New Delhi
2154,2025-01-05,69,Customer 0069,Laptop,Electronics,17,52527,10,803663.1,508499.29,295163.81,West,Gujarat,Ahmedabad
2155,2023-06-18,43,Customer 0043,Desk,Furniture,11,6840,10,67716,40946.84,26769.16,West,Gujarat,Ahmedabad
2156,2024-02-26,54,Customer 0054,Phone,Electronics,17,23933,0,406861,300144.98,106716.02,West,Maharashtra,Mumbai
2157,2024-03-16,1,Customer 0001,Chair,Furniture,3,3378,0,10134,6457.88,3676.12,West,Gujarat,Ahmedabad
2158,2024-07-16,329,Customer 0329,Desk,Furniture,4,6983,10,25138.8,17764.76,7374.04,South,Karnataka,Bengaluru
2159,2025-01-31,328,Customer 0328,Pen,Stationery,6,19,15,96.9,64.4,32.5,North,Rajasthan,Jaipur
2160,2025-11-08,426,Customer 0426,Keyboard,Electronics,10,1204,15,10234,7035.33,3198.67,South,Tamil Nadu,Chennai
2161,2023-03-11,437,Customer 0437,Chair,Furniture,1,3536,0,3536,3113.03,422.97,West,Maharashtra,Mumbai
2162,2025-03-01,383,Customer 0383,Mouse,Electronics,17,587,0,9979,8632.25,1346.75,South,Karnataka,Bengaluru
2163,2025-07-07,91,Customer 0091,Laptop,Electronics,4,52649,15,179006.6,118460.67,60545.93,South,Tamil Nadu,Chennai
2164,2025-05-12,189,Customer 0189,Notebook,Stationery,20,78,15,1326,962.23,363.77,East,West Bengal,Kolkata
2165,2024-10-01,447,Customer 0447,Laptop,Electronics,17,53152,15,768046.4,502819.32,265227.08,Central,Madhya Pradesh,Bhopal
2166,2025-11-18,177,Customer 0177,Phone,Electronics,5,23844,5,113259,69198.69,44060.31,North,Delhi,New Delhi
2167,2024-07-27,306,,Laptop,Electronics,16,50608,15,688268.8,464243.61,224025.19,West,Gujarat,Ahmedabad
2168,2024-01-07,457,Customer 0457,Pen,Stationery,19,20,5,361,249.91,111.09,North,Rajasthan,Jaipur
2169,2024-09-17,230,Customer 0230,Laptop,Electronics,18,46364,10,751096.8,631758.98,119337.82,South,Telangana,Hyderabad
2170,2025-03-05,465,Customer 0465,Phone,Electronics,20,25541,5,485279,374360.18,110918.82,North,Delhi,New Delhi
2171,2025-10-17,386,Customer 0386,Monitor,Electronics,7,12641,0,88487,53892.09,34594.91,North,Delhi,New Delhi
2172,2025-12-29,360,Customer 0360,Pen,Stationery,3,18,0,54,38.45,15.55,West,Gujarat,Ahmedabad
2173,2025-11-08,468,Customer 0468,Notebook,Stationery,20,82,0,1640,1050.46,589.54,South,Telangana,Hyderabad
2174,2025-08-17,428,Customer 0428,Laptop,Electronics,17,46291,10,708252.3,527071.2,181181.1,North,Rajasthan,Jaipur
2175,2023-04-25,370,Customer 0370,Chair,Furniture,17,3808,15,55025.6,38746.32,16279.28,South,Telangana,Hyderabad
2176,2023-03-18,78,Customer 0078,Chair,Furniture,20,3517,10,63306,55506.55,7799.45,Central,Madhya Pradesh,Bhopal
2177,2025-10-27,276,Customer 0276,Monitor,Electronics,5,12389,5,58847.75,52820.89,6026.86,South,Karnataka,Bengaluru
2178,2023-06-30,259,Customer 0259,Laptop,Electronics,1,50838,5,48296.1,40067.92,8228.18,South,Telangana,Hyderabad
2179,2023-02-20,195,Customer 0195,Desk,Furniture,17,6834,5,110369.1,74250.85,36118.25,North,Rajasthan,Jaipur
2180,2025-04-21,286,Customer 0286,Phone,Electronics,14,22897,15,272474.3,178595.03,93879.27,West,Gujarat,Ahmedabad
2181,2025-07-02,402,Customer 0402,Laptop,Electronics,3,49774,0,149322,123627.38,25694.62,North,Uttar Pradesh,Lucknow
2182,2023-12-05,348,Customer 0348,Printer,Electronics,15,14468,5,206169,129175.25,76993.75,South,Telangana,Hyderabad
2183,2023-12-15,154,Customer 0154,Printer,Electronics,13,13505,0,175565,128435.22,47129.78,West,Maharashtra,Mumbai
2184,2023-01-24,112,Customer 0112,Desk,Furniture,1,7242,0,7242,6053.37,1188.63,East,West Bengal,Kolkata
2185,2023-08-17,124,Customer 0124,Pen,Stationery,4,19,0,76,49.68,26.32,Central,Madhya Pradesh,Bhopal
2186,2024-04-02,482,Customer 0482,Printer,Electronics,18,13800,15,211140,132511.77,78628.23,Central,Madhya Pradesh,Bhopal
2187,2025-09-13,208,Customer 0208,Pen,Stationery,4,20,0,80,53.32,26.68,North,Rajasthan,Jaipur
2188,2025-07-27,358,Customer 0358,Printer,Electronics,16,14619,15,198818.4,157649.57,41168.83,West,Maharashtra,Mumbai
2189,2025-07-01,319,Customer 0319,Printer,Electronics,6,13834,0,83004,52735.5,30268.5,North,Delhi,New Delhi
2190,2024-06-23,391,Customer 0391,Chair,Furniture,19,3689,0,70091,54190.27,15900.73,West,Maharashtra,Mumbai
2191,2023-06-04,439,Customer 0439,Monitor,Electronics,7,11142,5,74094.3,60946.64,13147.66,West,Maharashtra,Mumbai
2192,2023-10-26,154,,Laptop,Electronics,15,53190,15,678172.5,478406.49,199766.01,West,Gujarat,Ahmedabad
2193,2025-03-06,161,Customer 0161,Phone,Electronics,8,24699,5,187712.4,134937.72,52774.68,Central,Madhya Pradesh,Bhopal
2194,2024-12-20,380,Customer 0380,Keyboard,Electronics,8,1270,15,8636,6426.83,2209.17,South,Tamil Nadu,Chennai
2195,2023-01-27,257,Customer 0257,Desk,Furniture,3,6811,0,20433,15323.64,5109.36,South,Karnataka,Bengaluru
2196,2023-07-25,424,Customer 0424,Chair,Furniture,6,3660,5,20862,17768.94,3093.06,North,Uttar Pradesh,Lucknow
2197,2025-12-05,331,Customer 0331,Notebook,Stationery,2,75,10,135,89.77,45.23,West,Gujarat,Ahmedabad
2198,2023-08-03,168,Customer 0168,Keyboard,Electronics,13,1210,0,15730,14126.09,1603.91,Central,Madhya Pradesh,Bhopal
2199,2023-03-15,375,Customer 0375,Chair,Furniture,5,3651,5,17342.25,12340.2,5002.05,North,Delhi,New Delhi
2200,2025-12-06,488,Customer 0488,Keyboard,Electronics,14,1276,0,17864,13605.57,4258.43,North,Delhi,New Delhi
2201,2025-01-28,439,Customer 0439,Phone,Electronics,15,27064,0,405960,320129.65,85830.35,North,Rajasthan,Jaipur
2202,2023-05-28,368,Customer 0368,Pen,Stationery,8,20,10,144,128.96,15.04,South,Telangana,Hyderabad
2203,2023-06-05,467,Customer 0467,Monitor,Electronics,4,12834,10,46202.4,41456.87,4745.53,Central,Madhya Pradesh,Bhopal
2204,2025-07-11,405,Customer 0405,Desk,Furniture,12,6497,5,74065.8,57382.06,16683.74,North,Uttar Pradesh,Lucknow
2205,2024-09-17,478,Customer 0478,Desk,Furniture,4,7307,5,27766.6,19905.37,7861.23,West,Maharashtra,Mumbai
2206,2025-06-21,167,Customer 0167,Laptop,Electronics,10,45478,0,454780,273261.79,181518.21,West,Gujarat,Ahmedabad
2207,2024-03-14,387,Customer 0387,Keyboard,Electronics,20,1104,5,20976,16157.43,4818.57,East,West Bengal,Kolkata
2208,2024-04-17,118,Customer 0118,Desk,Furniture,11,7478,0,82258,54289.25,27968.75,North,Delhi,New Delhi
2209,2025-02-18,497,Customer 0497,Phone,Electronics,11,26661,15,249280.35,211045.45,38234.9,South,Telangana,Hyderabad
2210,2024-02-24,282,Customer 0282,Phone,Electronics,4,26903,10,96850.8,82221.69,14629.11,North,Uttar Pradesh,Lucknow
2211,2023-09-18,55,Customer 0055,Laptop,Electronics,14,53827,0,753578,469044.81,284533.19,South,Telangana,Hyderabad
2212,2025-06-14,295,Customer 0295,Monitor,Electronics,9,12457,10,100901.7,67463.68,33438.02,South,Telangana,Hyderabad
2213,2023-05-07,21,Customer 0021,Phone,Electronics,20,24132,10,434376,283563.56,150812.44,West,Maharashtra,Mumbai
2214,2024-09-24,87,Customer 0087,Notebook,Stationery,13,87,5,1074.45,667.54,406.91,Central,Madhya Pradesh,Bhopal
2215,2025-12-01,96,Customer 0096,Printer,Electronics,11,15171,5,158536.95,105285.78,53251.17,Central,Madhya Pradesh,Bhopal
2216,2023-04-03,18,Customer 0018,Pen,Stationery,4,18,15,61.2,43.33,17.87,East,West Bengal,Kolkata
2217,2023-10-10,7,Customer 0007,Phone,Electronics,17,25456,10,389476.8,272772.27,116704.53,North,Uttar Pradesh,Lucknow
2218,2023-11-22,257,Customer 0257,Laptop,Electronics,3,45400,0,136200,85330.19,50869.81,South,Telangana,Hyderabad
2219,2024-02-01,238,Customer 0238,Monitor,Electronics,20,12747,5,242193,211238.81,30954.19,South,Karnataka,Bengaluru
2220,2023-01-20,114,Customer 0114,Phone,Electronics,6,25011,0,150066,129281.84,20784.16,North,Delhi,New Delhi
2221,2025-09-24,246,Customer 0246,Monitor,Electronics,19,11790,10,201609,152559.26,49049.74,West,Maharashtra,Mumbai
2222,2024-11-16,118,Customer 0118,Chair,Furniture,3,3236,10,8737.2,7595.35,1141.85,North,Rajasthan,Jaipur
2223,2024-06-22,263,Customer 0263,Phone,Electronics,20,22587,10,406566,247685.82,158880.18,South,Tamil Nadu,Chennai
2224,2024-08-04,269,Customer 0269,Keyboard,Electronics,3,1141,10,3080.7,2465.07,615.63,North,Uttar Pradesh,Lucknow
2225,2024-07-05,402,Customer 0402,Chair,Furniture,18,3595,15,55003.5,46470.6,8532.9,South,Karnataka,Bengaluru
2226,2023-08-20,265,Customer 0265,Keyboard,Electronics,18,1312,10,21254.4,16852.62,4401.78,North,Uttar Pradesh,Lucknow
2227,2024-01-12,496,Customer 0496,Pen,Stationery,2,20,15,34,22.39,11.61,East,West Bengal,Kolkata
2228,2024-08-12,251,Customer 0251,Keyboard,Electronics,16,1122,5,17054.4,10846.67,6207.73,North,Uttar Pradesh,Lucknow
2229,2023-06-04,305,Customer 0305,Notebook,Stationery,9,79,5,675.45,512.17,163.28,North,Delhi,New Delhi
2230,2025-02-25,23,Customer 0023,Desk,Furniture,11,6576,15,61485.6,45054.58,16431.02,North,Delhi,New Delhi
2231,2024-08-22,469,Customer 0469,Printer,Electronics,6,16038,0,96228,58606.33,37621.67,North,Rajasthan,Jaipur
2232,2023-05-29,329,Customer 0329,Chair,Furniture,20,3323,5,63137,50181.29,12955.71,Central,Madhya Pradesh,Bhopal
2233,2025-07-24,301,Customer 0301,Keyboard,Electronics,13,1186,5,14647.1,11478.12,3168.98,South,Karnataka,Bengaluru
2234,2024-03-01,274,Customer 0274,Keyboard,Electronics,5,1276,5,6061,3792.33,2268.67,North,Delhi,New Delhi
2235,2024-03-04,174,Customer 0174,Notebook,Stationery,10,75,0,750,546.53,203.47,South,Karnataka,Bengaluru
2236,2025-06-16,219,Customer 0219,Monitor,Electronics,13,12390,0,161070,120630.64,40439.36,West,Gujarat,Ahmedabad
2237,2024-05-08,470,Customer 0470,Chair,Furniture,15,3294,5,46939.5,39315.87,7623.63,South,Tamil Nadu,Chennai
2238,2023-02-09,237,Customer 0237,Notebook,Stationery,6,74,0,444,284.49,159.51,North,Delhi,New Delhi
2239,2023-07-21,371,Customer 0371,Phone,Electronics,3,26569,10,71736.3,60843.73,10892.57,South,Telangana,
2240,2023-03-19,449,Customer 0449,Phone,Electronics,7,23189,10,146090.7,112426.9,33663.8,West,Gujarat,Ahmedabad
2241,2024-07-15,125,Customer 0125,Desk,Furniture,19,6502,15,105007.3,84641.68,20365.62,South,Tamil Nadu,Chennai
2242,2023-08-31,1,Customer 0001,Keyboard,Electronics,7,1086,5,7221.9,4533.67,2688.23,South,Karnataka,Bengaluru
2243,2024-08-07,78,Customer 0078,Pen,Stationery,5,19,5,90.25,74.14,16.11,Central,Madhya Pradesh,Bhopal
2244,2023-04-28,179,Customer 0179,Keyboard,Electronics,9,1187,15,9080.55,5905.84,3174.71,West,Maharashtra,Mumbai
2245,2024-09-17,246,Customer 0246,Pen,Stationery,15,22,10,297,196.7,100.3,North,Delhi,New Delhi
2246,2025-08-30,300,Customer 0300,Monitor,Electronics,15,12300,0,184500,112581.16,71918.84,West,Gujarat,Ahmedabad
2247,2024-06-09,401,Customer 0401,Printer,Electronics,7,14297,5,95075.05,62883.54,32191.51,Central,Madhya Pradesh,Bhopal
2248,2023-08-06,499,Customer 0499,Phone,Electronics,1,25459,5,24186.05,16631.13,7554.92,South,Telangana,Hyderabad
2249,2025-02-13,286,Customer 0286,Phone,Electronics,2,26923,0,53846,33536.58,20309.42,Central,Madhya Pradesh,Bhopal
2250,2023-01-16,54,Customer 0054,Keyboard,Electronics,4,1142,5,4339.6,3176.59,1163.01,South,Tamil Nadu,Chennai
2251,2024-10-26,178,Customer 0178,Printer,Electronics,2,14903,5,28315.7,17419.49,10896.21,North,Rajasthan,Jaipur
2252,2025-08-02,120,Customer 0120,Pen,Stationery,7,20,0,140,93.15,46.85,North,Uttar Pradesh,Lucknow
2253,2023-11-01,419,Customer 0419,Keyboard,Electronics,3,1138,0,3414,2629.39,784.61,South,Telangana,Hyderabad
2254,2023-11-06,136,Customer 0136,Phone,Electronics,8,25051,0,200408,154933.52,45474.48,East,West Bengal,Kolkata
2255,2024-12-26,344,Customer 0344,Printer,Electronics,9,14833,10,120147.3,97084.87,23062.43,South,Telangana,Hyderabad
2256,2025-10-09,206,Customer 0206,Printer,Electronics,16,15361,0,245776,220347.04,25428.96,North,Delhi,New Delhi
2257,2025-01-15,52,Customer 0052,Desk,Furniture,5,6504,5,30894,27558.27,3335.73,North,Rajasthan,Jaipur
2258,2025-04-09,396,Customer 0396,Desk,Furniture,15,6991,10,94378.5,71708.07,22670.43,North,Uttar Pradesh,Lucknow
2259,2024-06-27,36,Customer 0036,Monitor,Electronics,1,12940,15,10999,6840.77,4158.23,North,Delhi,New Delhi
2260,2023-03-12,209,Customer 0209,Keyboard,Electronics,15,1293,0,19395,15242.64,4152.36,West,Gujarat,Ahmedabad
2261,2025-03-26,292,Customer 0292,Printer,Electronics,2,15121,5,28729.9,19068.17,9661.73,West,Gujarat,Ahmedabad
2262,2023-09-15,204,Customer 0204,Monitor,Electronics,3,12380,5,35283,27096.34,8186.66,West,Gujarat,Ahmedabad
2263,2023-09-02,259,Customer 0259,Notebook,Stationery,7,74,0,518,434.66,83.34,Central,Madhya Pradesh,Bhopal
2264,2024-12-09,410,Customer 0410,Chair,Furniture,12,3808,5,43411.2,34926.42,8484.78,West,Gujarat,Ahmedabad
2265,2024-06-24,239,Customer 0239,Phone,Electronics,15,23795,5,339078.75,225131.75,113947,South,Telangana,Hyderabad
2266,2024-12-16,331,Customer 0331,Monitor,Electronics,9,11361,5,97136.55,70868.54,-26268.01,South,Telangana,Hyderabad
2267,2024-03-18,219,Customer 0219,Notebook,Stationery,1,72,5,68.4,41.99,26.41,Central,Madhya Pradesh,Bhopal
2268,2025-02-03,277,Customer 0277,Notebook,Stationery,8,74,0,592,519.62,72.38,South,Karnataka,Bengaluru
2269,2024-04-10,136,Customer 0136,Pen,Stationery,15,22,10,297,229.47,67.53,West,Gujarat,Ahmedabad
2270,2024-07-02,44,Customer 0044,Pen,Stationery,8,22,15,149.6,101.18,48.42,South,Tamil Nadu,Chennai
2271,2023-04-24,296,Customer 0296,Notebook,Stationery,1,84,15,71.4,63.48,7.92,South,Tamil Nadu,Chennai
2272,2024-11-04,495,Customer 0495,Notebook,Stationery,8,77,10,554.4,425.45,128.95,North,Uttar Pradesh,Lucknow
2273,2025-06-15,171,Customer 0171,Monitor,Electronics,15,12869,15,164079.75,108998.11,55081.64,South,Tamil Nadu,Chennai
2274,2025-06-11,472,Customer 0472,Phone,Electronics,1,22560,15,19176,17229.03,1946.97,North,Uttar Pradesh,Lucknow
2275,2023-11-20,210,,Keyboard,Electronics,8,1160,5,8816,6757.13,2058.87,South,Telangana,Hyderabad
2276,2023-09-21,56,Customer 0056,Notebook,Stationery,11,87,0,957,627.92,329.08,West,Gujarat,Ahmedabad
2277,2023-06-21,489,Customer 0489,Keyboard,Electronics,15,1096,15,13974,11901.05,2072.95,East,West Bengal,Kolkata
2278,2024-01-09,59,Customer 0059,Laptop,Electronics,12,53740,15,548148,359652.44,188495.56,North,Delhi,New Delhi
2279,2025-03-20,413,Customer 0413,Notebook,Stationery,19,81,0,1539,1051.09,487.91,South,Tamil Nadu,Chennai
2280,2025-10-31,136,Customer 0136,Desk,Furniture,11,6959,0,76549,51475.62,25073.38,North,Rajasthan,Jaipur
2281,2024-03-20,142,Customer 0142,Keyboard,Electronics,7,1273,15,7574.35,6708.76,865.59,West,Gujarat,Ahmedabad
2282,2025-09-12,178,Customer 0178,Keyboard,Electronics,19,1290,0,24510,16952.65,7557.35,Central,Madhya Pradesh,Bhopal
2283,2025-04-02,96,Customer 0096,Keyboard,Electronics,13,1080,15,11934,9927.8,2006.2,South,Karnataka,Bengaluru
2284,2023-06-09,459,Customer 0459,Pen,Stationery,9,19,0,171,141.15,29.85,North,Delhi,New Delhi
2285,2023-11-05,375,Customer 0375,Phone,Electronics,16,27275,15,370940,325547.6,45392.4,South,Tamil Nadu,Chennai
2286,2025-02-13,130,Customer 0130,Phone,Electronics,12,27267,15,278123.4,187091.94,91031.46,North,Rajasthan,Jaipur
2287,2023-10-19,239,Customer 0239,Printer,Electronics,7,14548,10,91652.4,56268.25,35384.15,West,Gujarat,Ahmedabad
2288,2025-06-21,485,Customer 0485,Keyboard,Electronics,6,1267,10,6841.8,5569.26,1272.54,South,Tamil Nadu,Chennai
2289,2024-05-07,295,Customer 0295,Desk,Furniture,7,7086,0,49602,38298.19,11303.81,South,Karnataka,Bengaluru
2290,2025-09-24,428,Customer 0428,Phone,Electronics,4,24832,15,84428.8,70819.4,13609.4,North,Rajasthan,Jaipur
2291,2023-07-15,32,Customer 0032,Printer,Electronics,11,14479,5,151305.55,119561.37,31744.18,South,Karnataka,Bengaluru
2292,2023-10-05,331,Customer 0331,Notebook,Stationery,3,80,15,204,125.37,78.63,West,Maharashtra,Mumbai
2293,2025-12-06,54,Customer 0054,Mouse,Electronics,17,602,10,9210.6,6336.31,2874.29,South,Telangana,Hyderabad
2294,2025-01-09,500,Customer 0500,Printer,Electronics,3,14371,15,36646.05,29045.64,7600.41,South,Telangana,Hyderabad
2295,2025-07-09,196,Customer 0196,Mouse,Electronics,12,589,5,6714.6,5194.27,1520.33,North,Delhi,New Delhi
2296,2024-03-25,286,Customer 0286,Notebook,Stationery,12,82,15,836.4,518.12,318.28,North,Uttar Pradesh,Lucknow
2297,2023-08-27,390,Customer 0390,Keyboard,Electronics,2,1116,10,2008.8,1624.17,384.63,South,Tamil Nadu,Chennai
2298,2025-10-04,317,Customer 0317,Notebook,Stationery,5,84,15,357,245.16,111.84,North,Rajasthan,Jaipur
2299,2025-03-19,46,Customer 0046,Mouse,Electronics,7,654,0,4578,3704.13,873.87,South,Karnataka,Bengaluru
2300,2023-02-14,276,Customer 0276,Phone,Electronics,6,23681,10,127877.4,85387.14,42490.26,South,Tamil Nadu,Chennai
2301,2024-09-27,490,Customer 0490,Pen,Stationery,5,20,15,85,58.62,26.38,East,West Bengal,Kolkata
2302,2023-05-30,19,Customer 0019,Keyboard,Electronics,4,1139,0,4556,4069.43,486.57,West,Maharashtra,Mumbai
2303,2023-01-08,102,Customer 0102,Notebook,Stationery,16,83,0,1328,1140.28,187.72,South,Karnataka,Bengaluru
2304,2025-10-17,344,Customer 0344,Laptop,Electronics,6,48775,15,248752.5,223431.48,25321.02,North,Delhi,New Delhi
2305,2024-02-06,362,Customer 0362,Keyboard,Electronics,17,1206,0,20502,16288.97,4213.03,East,West Bengal,Kolkata
2306,2023-11-11,214,Customer 0214,Chair,Furniture,1,3540,10,3186,2371.16,814.84,North,Delhi,New Delhi
2307,2023-05-08,3,Customer 0003,Keyboard,Electronics,11,1276,15,11930.6,8042,3888.6,West,Gujarat,Ahmedabad
2308,2025-11-20,45,Customer 0045,Chair,Furniture,2,3331,10,5995.8,3643.44,2352.36,North,Delhi,New Delhi
2309,2024-06-08,260,Customer 0260,Phone,Electronics,16,26727,5,406250.4,288280.22,117970.18,North,Rajasthan,Jaipur
2310,2024-06-20,355,Customer 0355,Phone,Electronics,18,23668,0,426024,294754.28,131269.72,North,Delhi,New Delhi
2311,2023-10-12,500,Customer 0500,Desk,Furniture,1,7341,5,6973.95,5373.51,1600.44,South,Karnataka,Bengaluru
2312,2023-12-20,108,Customer 0108,Laptop,Electronics,12,54902,5,625882.8,545732.49,80150.31,Central,Madhya Pradesh,Bhopal
2313,2025-01-21,417,Customer 0417,Monitor,Electronics,3,11402,0,34206,22052.27,12153.73,Central,Madhya Pradesh,
2314,2023-01-01,271,Customer 0271,Printer,Electronics,10,13746,5,130587,85674.38,44912.62,South,Karnataka,Bengaluru
2315,2023-07-01,471,Customer 0471,Phone,Electronics,13,23028,10,269427.6,207841.06,61586.54,South,Tamil Nadu,Chennai
2316,2023-08-11,272,Customer 0272,Monitor,Electronics,2,12803,10,23045.4,17358.68,5686.72,South,Tamil Nadu,Chennai
2317,2024-02-09,171,Customer 0171,Keyboard,Electronics,18,1255,5,21460.5,15441.28,6019.22,South,Karnataka,Bengaluru
2318,2023-01-18,289,Customer 0289,Notebook,Stationery,1,88,5,83.6,63.7,19.9,North,Delhi,New Delhi
2319,2023-09-24,457,Customer 0457,Monitor,Electronics,10,11511,0,115110,87894.35,27215.65,North,Delhi,New Delhi
2320,2023-05-29,296,Customer 0296,Mouse,Electronics,16,656,15,8921.6,6862.97,2058.63,East,West Bengal,Kolkata
2321,2024-03-16,400,Customer 0400,Phone,Electronics,1,26307,15,22360.95,13810.02,8550.93,Central,Madhya Pradesh,Bhopal
2322,2024-02-02,456,Customer 0456,Pen,Stationery,8,22,10,158.4,102.9,55.5,West,Maharashtra,Mumbai
2323,2023-04-09,385,Customer 0385,Notebook,Stationery,11,79,0,869,731.82,137.18,Central,Madhya Pradesh,Bhopal
2324,2025-08-11,345,Customer 0345,Mouse,Electronics,1,547,5,519.65,346.93,172.72,West,Maharashtra,Mumbai
2325,2023-05-25,255,Customer 0255,Laptop,Electronics,18,53607,15,820187.1,657096.94,163090.16,North,Uttar Pradesh,Lucknow
2326,2024-01-15,25,Customer 0025,Keyboard,Electronics,8,1169,5,8884.4,7659.05,1225.35,North,Uttar Pradesh,Lucknow
2327,2024-12-28,201,Customer 0201,Laptop,Electronics,9,46118,0,415062,328082.73,86979.27,North,Rajasthan,Jaipur
2328,2023-07-08,178,Customer 0178,Printer,Electronics,2,15555,15,26443.5,18510.3,7933.2,South,Telangana,Hyderabad
2329,2024-04-02,330,Customer 0330,Printer,Electronics,6,15770,10,85158,58993.25,26164.75,South,Tamil Nadu,Chennai
2330,2024-01-04,488,Customer 0488,Monitor,Electronics,15,12742,10,172017,126259.79,45757.21,South,Karnataka,Bengaluru
2331,2023-02-09,270,Customer 0270,Phone,Electronics,12,25964,5,295989.6,235436.43,60553.17,South,Telangana,Hyderabad
2332,2025-03-21,146,Customer 0146,Keyboard,Electronics,18,1180,15,18054,13707.74,4346.26,South,Telangana,Hyderabad
2333,2025-12-05,416,Customer 0416,Phone,Electronics,3,23020,0,69060,43008.64,26051.36,South,Karnataka,Bengaluru
2334,2023-01-01,132,Customer 0132,Pen,Stationery,14,22,10,277.2,244.01,33.19,West,Maharashtra,Mumbai
2335,2025-04-08,86,Customer 0086,Printer,Electronics,12,15703,5,179014.2,109645.07,69369.13,North,Uttar Pradesh,Lucknow
2336,2023-07-27,94,Customer 0094,Mouse,Electronics,9,612,5,5232.6,4695.87,536.73,West,Maharashtra,Mumbai
2337,2025-11-16,423,Customer 0423,Monitor,Electronics,13,11117,10,130068.9,91346.3,38722.6,South,Karnataka,Bengaluru
2338,2025-05-22,253,Customer 0253,Keyboard,Electronics,14,1142,0,15988,14287.75,1700.25,South,Tamil Nadu,Chennai
2339,2024-02-16,246,Customer 0246,Laptop,Electronics,10,54209,10,487881,313055.6,174825.4,South,Telangana,Hyderabad
2340,2025-04-03,457,Customer 0457,Notebook,Stationery,4,78,5,296.4,229.29,67.11,North,Rajasthan,Jaipur
2341,2025-02-07,359,Customer 0359,Phone,Electronics,7,24681,10,155490.3,136332.98,19157.32,Central,Madhya Pradesh,Bhopal
2342,2024-02-05,158,Customer 0158,Laptop,Electronics,19,48317,0,918023,658544.72,259478.28,South,Tamil Nadu,Chennai
2343,2023-11-02,372,Customer 0372,Laptop,Electronics,17,51716,15,747296.2,534738.99,212557.21,North,Uttar Pradesh,Lucknow
2344,2024-11-09,22,Customer 0022,Pen,Stationery,8,21,0,168,148.35,19.65,West,Maharashtra,Mumbai
2345,2024-10-15,307,Customer 0307,Desk,Furniture,12,7117,5,81133.8,53824.63,27309.17,West,Maharashtra,Mumbai
2346,2025-08-09,24,Customer 0024,Keyboard,Electronics,5,1291,5,6132.25,3852.89,2279.36,North,Uttar Pradesh,Lucknow
2347,2024-12-12,463,Customer 0463,Keyboard,Electronics,1,1174,0,1174,718.63,455.37,South,Karnataka,Bengaluru
2348,2024-11-27,71,Customer 0071,Keyboard,Electronics,20,1145,5,21755,19576.77,2178.23,North,Uttar Pradesh,Lucknow
2349,2024-02-04,60,Customer 0060,Notebook,Stationery,3,75,15,191.25,171.13,20.12,North,Delhi,New Delhi
2350,2025-01-17,267,Customer 0267,Pen,Stationery,11,20,5,209,179.8,-29.2,Central,Madhya Pradesh,Bhopal
2351,2024-01-02,121,Customer 0121,Printer,Electronics,2,15945,5,30295.5,19910.04,10385.46,South,Karnataka,Bengaluru
2352,2024-03-20,287,Customer 0287,Chair,Furniture,18,3308,0,59544,51660.6,7883.4,South,Tamil Nadu,Chennai
2353,2023-09-21,449,Customer 0449,Printer,Electronics,14,14261,10,179688.6,108280.47,71408.13,Central,Madhya Pradesh,Bhopal
2354,2023-05-28,391,Customer 0391,Notebook,Stationery,2,86,15,146.2,90.26,55.94,South,Tamil Nadu,Chennai
2355,2025-03-23,209,Customer 0209,Mouse,Electronics,9,644,5,5506.2,3431.9,2074.3,West,Maharashtra,Mumbai
2356,2023-05-13,426,Customer 0426,Notebook,Stationery,15,81,5,1154.25,981.7,172.55,North,Delhi,New Delhi
2357,2024-05-29,104,Customer 0104,Mouse,Electronics,1,561,10,504.9,419.42,85.48,South,Telangana,Hyderabad
2358,2025-11-14,282,Customer 0282,Monitor,Electronics,17,10930,10,167229,106075.86,61153.14,North,Rajasthan,Jaipur
2359,2025-09-27,40,Customer 0040,Keyboard,Electronics,1,1294,10,1164.6,940.28,224.32,West,Maharashtra,Mumbai
2360,2025-05-01,76,Customer 0076,Laptop,Electronics,1,48038,0,48038,32854.21,15183.79,West,Maharashtra,
2361,2023-05-01,262,Customer 0262,Notebook,Stationery,20,81,10,1458,1168.59,289.41,Central,Madhya Pradesh,Bhopal
2362,2025-03-18,472,Customer 0472,Desk,Furniture,5,7431,10,33439.5,25945.79,7493.71,South,Telangana,Hyderabad
2363,2023-12-03,70,Customer 0070,Mouse,Electronics,5,545,5,2588.75,2060.87,527.88,North,Rajasthan,Jaipur
2364,2024-07-07,60,Customer 0060,Chair,Furniture,19,3486,15,56298.9,35264.67,21034.23,South,Tamil Nadu,Chennai
2365,2024-10-02,290,Customer 0290,Laptop,Electronics,4,45887,0,183548,129770.14,53777.86,West,Maharashtra,Mumbai
2366,2023-08-10,399,Customer 0399,Mouse,Electronics,2,600,15,1020,678.27,341.73,South,Karnataka,Bengaluru
2367,2023-08-04,290,Customer 0290,Keyboard,Electronics,16,1154,5,17540.8,15432.58,2108.22,West,Gujarat,Ahmedabad
2368,2025-09-15,246,Customer 0246,Phone,Electronics,14,25022,10,315277.2,282018.12,33259.08,West,Gujarat,Ahmedabad
2369,2025-04-23,169,Customer 0169,Phone,Electronics,9,24469,15,187187.85,131723.32,55464.53,Central,Madhya Pradesh,Bhopal
2370,2025-03-17,298,Customer 0298,Desk,Furniture,3,6393,10,17261.1,14609.34,2651.76,South,Tamil Nadu,Chennai
2371,2025-09-24,305,Customer 0305,Chair,Furniture,19,3620,10,61902,40400.48,21501.52,South,Tamil Nadu,Chennai
2372,2025-08-31,225,Customer 0225,Laptop,Electronics,18,48588,10,787125.6,478786.15,308339.45,South,Tamil Nadu,Chennai
2373,2023-01-25,410,Customer 0410,Keyboard,Electronics,7,1187,5,7893.55,5836.39,2057.16,East,West Bengal,Kolkata
2374,2024-11-03,393,Customer 0393,Laptop,Electronics,13,53872,0,700336,505863.66,194472.34,South,Tamil Nadu,Chennai
2375,2024-07-06,360,Customer 0360,Desk,Furniture,9,6611,15,50574.15,43900.86,6673.29,South,Telangana,Hyderabad
2376,2023-04-10,90,Customer 0090,Notebook,Stationery,5,80,15,340,213.32,126.68,Central,Madhya Pradesh,Bhopal
2377,2025-02-26,37,Customer 0037,Phone,Electronics,11,25614,0,281754,231732.7,50021.3,West,Gujarat,Ahmedabad
2378,2025-09-08,62,Customer 0062,Chair,Furniture,14,3524,0,49336,34860.56,14475.44,Central,Madhya Pradesh,Bhopal
2379,2023-09-03,36,Customer 0036,Printer,Electronics,5,15281,5,72584.75,47667.05,24917.7,West,Gujarat,Ahmedabad
2380,2024-07-16,178,Customer 0178,Notebook,Stationery,9,84,5,718.2,529.97,188.23,West,Maharashtra,Mumbai
2381,2025-10-13,447,Customer 0447,Notebook,Stationery,10,80,15,680,583.47,96.53,East,West Bengal,Kolkata
2382,2024-10-19,138,Customer 0138,Pen,Stationery,17,19,0,323,241.83,81.17,South,Telangana,Hyderabad
2383,2023-05-09,456,Customer 0456,Monitor,Electronics,8,11476,0,91808,67194.42,24613.58,North,Delhi,New Delhi
2384,2023-07-20,33,Customer 0033,Notebook,Stationery,3,73,5,208.05,133.24,74.81,West,Maharashtra,Mumbai
2385,2023-03-30,86,Customer 0086,Pen,Stationery,13,18,10,210.6,138.23,72.37,West,Gujarat,Ahmedabad
2386,2023-08-14,342,Customer 0342,Monitor,Electronics,17,11797,0,200549,158864.15,41684.85,North,Delhi,New Delhi
2387,2023-01-06,380,Customer 0380,Chair,Furniture,15,3786,10,51111,32074.02,19036.98,North,Delhi,New Delhi
2388,2025-06-10,465,Customer 0465,Keyboard,Electronics,13,1096,15,12110.8,7700.89,-4409.91,West,Maharashtra,Mumbai
2389,2024-12-12,361,Customer 0361,Notebook,Stationery,14,74,5,984.2,727.36,256.84,West,Gujarat,Ahmedabad
2390,2025-01-06,123,Customer 0123,Phone,Electronics,1,24449,15,20781.65,16691.4,4090.25,North,Delhi,New Delhi
2391,2025-06-02,396,Customer 0396,Mouse,Electronics,16,560,0,8960,6453.59,2506.41,Central,Madhya Pradesh,Bhopal
2392,2024-05-15,173,Customer 0173,Laptop,Electronics,16,54507,5,828506.4,664758.91,163747.49,West,Gujarat,Ahmedabad
2393,2024-12-13,352,Customer 0352,Desk,Furniture,1,7206,15,6125.1,4344.91,1780.19,South,Karnataka,Bengaluru
2394,2023-09-18,125,Customer 0125,Notebook,Stationery,13,86,10,1006.2,833.92,172.28,West,Maharashtra,Mumbai
2395,2025-03-04,316,Customer 0316,Notebook,Stationery,12,83,0,996,729.53,266.47,Central,Madhya Pradesh,Bhopal
2396,2024-05-04,311,Customer 0311,Mouse,Electronics,18,632,15,9669.6,7129.68,2539.92,North,Uttar Pradesh,Lucknow
2397,2023-09-03,269,Customer 0269,Mouse,Electronics,7,571,15,3397.45,2076.03,1321.42,West,Maharashtra,Mumbai
2398,2023-06-07,500,Customer 0500,Mouse,Electronics,16,546,15,7425.6,5468.44,1957.16,North,Rajasthan,Jaipur
2399,2023-09-10,453,Customer 0453,Pen,Stationery,8,18,0,144,88.25,55.75,South,Tamil Nadu,Chennai
2400,2023-06-08,207,Customer 0207,Pen,Stationery,12,21,10,226.8,173.02,53.78,North,Delhi,New Delhi
2401,2023-06-26,480,Customer 0480,Keyboard,Electronics,17,1226,0,20842,16529,4313,South,Tamil Nadu,Chennai
2402,2023-02-02,240,Customer 0240,Printer,Electronics,2,16147,15,27449.9,23710.35,3739.55,South,Telangana,Hyderabad
2403,2025-06-16,378,Customer 0378,Laptop,Electronics,19,49148,0,933812,804623.18,129188.82,South,Karnataka,Bengaluru
2404,2025-02-12,113,Customer 0113,Pen,Stationery,16,22,10,316.8,219.64,97.16,North,Uttar Pradesh,Lucknow
2405,2023-01-06,395,Customer 0395,Chair,Furniture,20,3491,5,66329,47296.46,19032.54,North,Rajasthan,Jaipur
2406,2025-06-26,217,Customer 0217,Mouse,Electronics,4,640,10,2304,1526.82,777.18,South,Karnataka,Bengaluru
2407,2024-02-18,230,Customer 0230,Desk,Furniture,3,7541,0,22623,17540,5083,South,Tamil Nadu,Chennai
2408,2024-05-31,47,Customer 0047,Notebook,Stationery,11,79,0,869,527.63,341.37,North,Delhi,New Delhi
2409,2025-09-18,301,Customer 0301,Laptop,Electronics,20,52902,10,952236,834849.17,117386.83,North,Delhi,New Delhi
2410,2024-09-23,331,Customer 0331,Desk,Furniture,13,6840,10,80028,57740.78,22287.22,North,Rajasthan,Jaipur
2411,2024-11-22,208,Customer 0208,Desk,Furniture,6,6972,15,35557.2,26798.62,8758.58,South,Karnataka,Bengaluru
2412,2025-07-04,369,Customer 0369,Pen,Stationery,1,20,15,17,14.49,2.51,West,Maharashtra,Mumbai
2413,2024-08-17,454,Customer 0454,Chair,Furniture,4,3386,5,12866.8,8834.91,4031.89,Central,Madhya Pradesh,Bhopal
2414,2024-09-03,169,Customer 0169,Keyboard,Electronics,19,1232,10,21067.2,12695.11,8372.09,South,Karnataka,Bengaluru
2415,2024-05-31,22,Customer 0022,Desk,Furniture,16,7195,10,103608,74690.22,28917.78,South,Karnataka,Bengaluru
2416,2023-12-03,498,Customer 0498,Laptop,Electronics,8,53828,10,387561.6,264478.79,123082.81,West,Gujarat,Ahmedabad
2417,2023-01-17,154,Customer 0154,Desk,Furniture,3,6615,5,18852.75,14349.81,4502.94,South,Tamil Nadu,Chennai
2418,2023-11-17,199,Customer 0199,Phone,Electronics,14,26653,0,373142,322082.69,51059.31,West,Maharashtra,Mumbai
2419,2023-08-19,348,Customer 0348,Chair,Furniture,1,3719,5,3533.05,3089.39,443.66,North,Uttar Pradesh,Lucknow
2420,2025-08-09,82,Customer 0082,Printer,Electronics,16,13831,5,210231.2,141253.77,68977.43,South,Tamil Nadu,Chennai
2421,2023-06-05,232,Customer 0232,Notebook,Stationery,10,84,10,756,659.67,96.33,North,Rajasthan,Jaipur
2422,2024-02-03,386,Customer 0386,Monitor,Electronics,6,11256,0,67536,53087.57,14448.43,West,Gujarat,Ahmedabad
2423,2024-02-03,418,Customer 0418,Keyboard,Electronics,3,1269,15,3235.95,2377.91,858.04,North,Uttar Pradesh,Lucknow
2424,2024-06-01,320,Customer 0320,Printer,Electronics,19,13707,15,221368.05,163893.1,57474.95,South,Karnataka,Bengaluru
2425,2024-08-16,421,Customer 0421,Desk,Furniture,8,7462,15,50741.6,43496.42,7245.18,East,West Bengal,Kolkata
2426,2025-05-10,278,Customer 0278,Desk,Furniture,13,7359,15,81316.95,50983.24,30333.71,West,Gujarat,Ahmedabad
2427,2024-04-13,200,Customer 0200,Mouse,Electronics,3,630,5,1795.5,1491.97,303.53,North,Rajasthan,Jaipur
2428,2023-07-13,203,Customer 0203,Keyboard,Electronics,18,1201,10,19456.2,16372.69,3083.51,North,Uttar Pradesh,Lucknow
2429,2023-12-02,269,Customer 0269,Pen,Stationery,7,19,0,133,116.28,16.72,North,Delhi,New Delhi
2430,2024-04-30,42,Customer 0042,Desk,Furniture,6,7240,5,41268,35128.02,6139.98,Central,Madhya Pradesh,Bhopal
2431,2023-09-01,257,Customer 0257,Printer,Electronics,19,14209,10,242973.9,201859.42,41114.48,West,Maharashtra,Mumbai
2432,2025-05-10,21,Customer 0021,Monitor,Electronics,16,12395,0,198320,157860.28,40459.72,North,Uttar Pradesh,Lucknow
2433,2025-04-28,377,Customer 0377,Monitor,Electronics,4,11916,15,40514.4,30755.97,9758.43,North,Rajasthan,Jaipur
2434,2025-10-09,4,Customer 0004,Printer,Electronics,5,14645,10,65902.5,53006.09,12896.41,West,Maharashtra,Mumbai
2435,2023-03-05,314,Customer 0314,Monitor,Electronics,11,13009,0,143099,119139.86,23959.14,South,Karnataka,Bengaluru
2436,2023-07-17,450,Customer 0450,Chair,Furniture,17,3415,5,55152.25,47503.1,7649.15,West,Maharashtra,Mumbai
2437,2025-04-09,147,Customer 0147,Pen,Stationery,13,20,0,260,176.59,83.41,West,Gujarat,Ahmedabad
2438,2023-04-26,258,Customer 0258,Keyboard,Electronics,20,1130,5,21470,12977.02,8492.98,South,Karnataka,Bengaluru
2439,2023-11-20,451,Customer 0451,Printer,Electronics,12,13771,15,140464.2,99880.31,40583.89,Central,Madhya Pradesh,Bhopal
2440,2024-02-02,269,Customer 0269,Notebook,Stationery,14,88,5,1170.4,1046.91,123.49,West,Maharashtra,Mumbai
2441,2025-12-26,254,Customer 0254,Pen,Stationery,3,18,0,54,37.27,16.73,North,Delhi,New Delhi
2442,2023-03-19,428,Customer 0428,Printer,Electronics,14,15557,5,206908.1,147037.72,59870.38,South,Karnataka,Bengaluru
2443,2024-12-26,300,Customer 0300,Monitor,Electronics,1,11046,0,11046,7802.82,3243.18,North,Delhi,New Delhi
2444,2023-08-11,127,Customer 0127,Monitor,Electronics,8,12222,5,92887.2,80374.97,12512.23,South,Tamil Nadu,Chennai
2445,2023-11-13,350,Customer 0350,Printer,Electronics,13,13765,15,152103.25,91492.09,60611.16,East,West Bengal,Kolkata
2446,2023-11-17,184,Customer 0184,Laptop,Electronics,8,54333,10,391197.6,272142.91,119054.69,West,Gujarat,Ahmedabad
2447,2024-04-09,246,Customer 0246,Printer,Electronics,7,15588,15,92748.6,70512.57,22236.03,North,Uttar Pradesh,Lucknow
2448,2025-12-12,298,Customer 0298,Keyboard,Electronics,5,1303,0,6515,5031.2,1483.8,South,Tamil Nadu,Chennai
2449,2024-03-13,45,Customer 0045,Chair,Furniture,5,3762,10,16929,13496.99,3432.01,West,Maharashtra,Mumbai
2450,2024-04-09,157,Customer 0157,Pen,Stationery,11,20,0,220,140.74,79.26,South,Karnataka,Bengaluru
2451,2024-07-07,185,Customer 0185,Pen,Stationery,19,19,10,324.9,203.52,121.38,East,West Bengal,Kolkata
2452,2025-03-23,333,Customer 0333,Phone,Electronics,11,23290,15,217761.5,179367.74,38393.76,North,Rajasthan,Jaipur
2453,2023-01-08,392,Customer 0392,Keyboard,Electronics,19,1165,0,22135,14852.01,7282.99,North,Uttar Pradesh,Lucknow
2454,2025-03-06,106,Customer 0106,Mouse,Electronics,18,625,5,10687.5,7138.88,3548.62,South,Telangana,Hyderabad
2455,2025-08-19,464,Customer 0464,Monitor,Electronics,2,11082,5,21055.8,13167.36,7888.44,West,Maharashtra,Mumbai
2456,2025-05-31,303,Customer 0303,Desk,Furniture,2,6597,5,12534.3,7726.65,4807.65,East,West Bengal,Kolkata
2457,2024-02-25,382,Customer 0382,Chair,Furniture,17,3484,0,59228,40486.91,18741.09,South,Tamil Nadu,Chennai
2458,2024-07-05,26,Customer 0026,Phone,Electronics,20,26396,0,527920,337839,190081,North,Uttar Pradesh,Lucknow
2459,2025-07-17,164,Customer 0164,Desk,Furniture,16,6730,5,102296,80650.11,21645.89,West,Gujarat,Ahmedabad
2460,2025-12-28,472,Customer 0472,Chair,Furniture,15,3236,5,46113,37214.02,8898.98,North,Delhi,New Delhi
2461,2025-11-19,115,Customer 0115,Pen,Stationery,6,18,15,91.8,60.22,31.58,West,Gujarat,Ahmedabad
2462,2025-12-06,482,Customer 0482,Laptop,Electronics,10,47537,5,451601.5,293940.84,157660.66,South,Telangana,Hyderabad
2463,2023-12-10,436,Customer 0436,Laptop,Electronics,2,53987,0,107974,94024.41,13949.59,North,Delhi,
2464,2025-07-02,279,Customer 0279,Desk,Furniture,10,7214,15,61319,52858.02,8460.98,North,Delhi,New Delhi
2465,2024-03-12,286,Customer 0286,Printer,Electronics,18,14417,10,233555.4,184272.22,49283.18,South,Tamil Nadu,Chennai
2466,2023-01-21,307,Customer 0307,Printer,Electronics,4,15930,10,57348,41567.37,15780.63,West,Maharashtra,Mumbai
2467,2024-10-23,123,Customer 0123,Notebook,Stationery,11,79,5,825.55,631.88,193.67,North,Delhi,New Delhi
2468,2025-07-26,426,Customer 0426,Phone,Electronics,19,23754,10,406193.4,283027.65,123165.75,North,Delhi,New Delhi
2469,2023-01-23,1,Customer 0001,Notebook,Stationery,12,80,0,960,622.46,337.54,North,Rajasthan,Jaipur
2470,2024-04-01,215,Customer 0215,Printer,Electronics,3,15817,5,45078.45,35673.96,9404.49,North,Uttar Pradesh,Lucknow
2471,2023-04-12,425,Customer 0425,Chair,Furniture,3,3507,10,9468.9,6728.84,2740.06,South,Karnataka,Bengaluru
2472,2024-03-09,391,Customer 0391,Pen,Stationery,9,18,15,137.7,108.39,29.31,West,Gujarat,Ahmedabad
2473,2024-02-18,189,Customer 0189,Chair,Furniture,9,3360,10,27216,18210.84,9005.16,North,Delhi,New Delhi
2474,2024-01-24,170,Customer 0170,Desk,Furniture,13,6425,15,70996.25,59558.79,11437.46,West,Maharashtra,Mumbai
2475,2024-11-22,235,Customer 0235,Phone,Electronics,6,23975,15,122272.5,102062.95,20209.55,South,Karnataka,Bengaluru
2476,2024-02-10,271,Customer 0271,Desk,Furniture,3,7005,10,18913.5,13664.64,5248.86,West,Maharashtra,Mumbai
2477,2024-02-09,276,Customer 0276,Pen,Stationery,16,18,15,244.8,152.47,92.33,North,Uttar Pradesh,Lucknow
2478,2023-04-11,123,Customer 0123,Monitor,Electronics,16,11584,15,157542.4,118162.81,39379.59,South,Telangana,Hyderabad
2479,2024-04-06,84,Customer 0084,Monitor,Electronics,6,11495,0,68970,46095,22875,South,Tamil Nadu,Chennai
2480,2024-09-10,71,Customer 0071,Laptop,Electronics,12,54142,0,649704,457772.79,191931.21,East,West Bengal,Kolkata
2481,2025-07-14,58,Customer 0058,Mouse,Electronics,11,606,15,5666.1,3935.77,1730.33,West,Maharashtra,Mumbai
2482,2025-10-11,328,Customer 0328,Chair,Furniture,10,3303,10,29727,20803.94,8923.06,North,Delhi,New Delhi
2483,2023-11-16,75,Customer 0075,Printer,Electronics,4,15593,5,59253.4,50354.01,8899.39,West,Gujarat,Ahmedabad
2484,2025-05-18,235,Customer 0235,Chair,Furniture,14,3424,5,45539.2,29668.18,15871.02,North,Rajasthan,Jaipur
2485,2024-12-25,299,Customer 0299,Chair,Furniture,2,3654,10,6577.2,5602.31,974.89,Central,Madhya Pradesh,Bhopal
2486,2024-12-09,217,Customer 0217,Monitor,Electronics,10,12172,5,115634,94533.07,21100.93,South,Karnataka,Bengaluru
2487,2024-10-12,233,Customer 0233,Mouse,Electronics,2,654,10,1177.2,896.2,281,Central,Madhya Pradesh,Bhopal
2488,2025-05-23,132,Customer 0132,Pen,Stationery,3,18,15,45.9,36.92,8.98,South,Karnataka,Bengaluru
2489,2024-01-22,230,Customer 0230,Desk,Furniture,7,6465,0,45255,40495.84,4759.16,South,Karnataka,Bengaluru
2490,2024-10-28,117,Customer 0117,Chair,Furniture,4,3342,15,11362.8,8023,3339.8,West,Gujarat,Ahmedabad
2491,2023-10-01,69,Customer 0069,Phone,Electronics,10,26304,0,263040,231919.52,31120.48,South,Karnataka,Bengaluru
2492,2023-09-10,394,Customer 0394,Monitor,Electronics,20,12329,15,209593,148715.07,60877.93,North,Delhi,New Delhi
2493,2025-04-26,177,Customer 0177,Notebook,Stationery,17,74,10,1132.2,954.37,177.83,East,West Bengal,Kolkata
2494,2025-09-11,65,Customer 0065,Laptop,Electronics,20,53687,0,1073740,890923.83,182816.17,West,Gujarat,Ahmedabad
2495,2025-04-12,340,Customer 0340,Phone,Electronics,19,23808,0,452352,387840.34,64511.66,South,Karnataka,Bengaluru
2496,2024-07-20,135,Customer 0135,Keyboard,Electronics,19,1302,10,22264.2,14889.33,-7374.87,East,West Bengal,Kolkata
2497,2024-01-20,424,Customer 0424,Mouse,Electronics,6,596,0,3576,2376.61,1199.39,West,Maharashtra,Mumbai
2498,2023-09-12,93,Customer 0093,Printer,Electronics,20,16376,0,327520,263289.05,64230.95,East,West Bengal,Kolkata
2499,2024-05-06,485,Customer 0485,Keyboard,Electronics,3,1112,5,3169.2,2338.84,830.36,Central,Madhya Pradesh,Bhopal
2500,2025-11-18,138,Customer 0138,Printer,Electronics,16,14495,15,197132,119222.18,77909.82,West,Gujarat,Ahmedabad
2501,2024-10-19,493,Customer 0493,Monitor,Electronics,19,12508,0,237652,188455.47,49196.53,West,Gujarat,Ahmedabad
2502,2025-07-20,296,Customer 0296,Pen,Stationery,9,21,0,189,140.37,48.63,West,Maharashtra,Mumbai
2503,2024-12-15,114,Customer 0114,Printer,Electronics,13,13698,5,169170.3,146057,23113.3,South,Telangana,Hyderabad
2504,2023-01-18,276,Customer 0276,Phone,Electronics,10,25596,10,230364,151610.53,78753.47,North,Uttar Pradesh,Lucknow
2505,2024-01-06,4,Customer 0004,Keyboard,Electronics,1,1216,5,1155.2,931.01,224.19,North,Rajasthan,Jaipur
2506,2025-06-16,164,Customer 0164,Phone,Electronics,5,25837,15,109807.25,78878.92,30928.33,South,Telangana,Hyderabad
2507,2024-04-20,375,Customer 0375,Chair,Furniture,2,3838,15,6524.6,4017.87,2506.73,South,Tamil Nadu,Chennai
2508,2024-08-10,92,Customer 0092,Desk,Furniture,14,7528,0,105392,88297.7,17094.3,North,Uttar Pradesh,Lucknow
2509,2023-09-07,126,Customer 0126,Mouse,Electronics,16,624,15,8486.4,5744.59,2741.81,North,Delhi,New Delhi
2510,2024-01-18,264,Customer 0264,Laptop,Electronics,11,51868,10,513493.2,368365.66,145127.54,West,Maharashtra,Mumbai
2511,2023-07-24,193,Customer 0193,Laptop,Electronics,1,46436,5,44114.2,27192.62,16921.58,North,Delhi,New Delhi
2512,2023-07-16,420,Customer 0420,Pen,Stationery,4,18,5,68.4,41.11,27.29,South,Telangana,Hyderabad
2513,2024-11-14,342,Customer 0342,Monitor,Electronics,18,12754,0,229572,141538.22,88033.78,North,Rajasthan,Jaipur
2514,2025-09-06,241,Customer 0241,Printer,Electronics,14,16021,0,224294,184791.43,39502.57,South,Telangana,Hyderabad
2515,2023-12-07,34,Customer 0034,Keyboard,Electronics,8,1159,15,7881.2,5976.22,1904.98,North,Rajasthan,Jaipur
2516,2024-11-07,187,Customer 0187,Notebook,Stationery,6,77,5,438.9,340.28,98.62,South,Tamil Nadu,Chennai
2517,2025-03-14,66,Customer 0066,Desk,Furniture,5,6760,15,28730,20715.3,8014.7,South,Telangana,Hyderabad
2518,2023-04-19,382,Customer 0382,Chair,Furniture,18,3671,10,59470.2,38958.52,20511.68,East,West Bengal,Kolkata
2519,2024-09-05,420,Customer 0420,Printer,Electronics,14,16086,5,213943.8,176602.49,37341.31,North,Delhi,New Delhi
2520,2023-04-28,242,Customer 0242,Notebook,Stationery,18,85,15,1300.5,894.98,405.52,North,Uttar Pradesh,Lucknow
2521,2024-07-24,328,Customer 0328,Keyboard,Electronics,10,1260,15,10710,7555.54,3154.46,North,Delhi,New Delhi
2522,2024-10-12,214,Customer 0214,Notebook,Stationery,10,74,0,740,626.22,113.78,North,Uttar Pradesh,Lucknow
2523,2025-09-10,476,Customer 0476,Notebook,Stationery,19,88,15,1421.2,921.91,499.29,North,Delhi,New Delhi
2524,2023-03-04,46,Customer 0046,Monitor,Electronics,2,11476,10,20656.8,16914.01,3742.79,West,Maharashtra,Mumbai
2525,2023-12-17,8,Customer 0008,Mouse,Electronics,16,635,5,9652,7118.79,2533.21,East,West Bengal,Kolkata
2526,2023-05-10,177,Customer 0177,Phone,Electronics,17,27252,15,393791.4,309828.82,83962.58,Central,Madhya Pradesh,Bhopal
2527,2023-03-17,8,Customer 0008,Keyboard,Electronics,19,1124,15,18152.6,10892.05,7260.55,East,West Bengal,Kolkata
2528,2023-12-23,349,Customer 0349,Keyboard,Electronics,10,1101,0,11010,8473.42,2536.58,North,Uttar Pradesh,Lucknow
2529,2024-10-14,93,Customer 0093,Phone,Electronics,20,23739,5,451041,273687.26,177353.74,North,Rajasthan,Jaipur
2530,2023-08-24,458,Customer 0458,Monitor,Electronics,16,11549,0,184784,160399.52,24384.48,East,West Bengal,Kolkata
2531,2025-03-14,143,Customer 0143,Pen,Stationery,4,22,5,83.6,56.17,27.43,North,Rajasthan,Jaipur
2532,2024-12-28,182,Customer 0182,Printer,Electronics,19,15274,10,261185.4,223198.58,37986.82,South,Tamil Nadu,Chennai
2533,2024-12-05,79,Customer 0079,Notebook,Stationery,14,72,15,856.8,634.44,222.36,South,Karnataka,Bengaluru
2534,2025-08-19,382,Customer 0382,Chair,Furniture,6,3162,0,18972,15725.79,3246.21,East,West Bengal,Kolkata
2535,2025-11-08,444,Customer 0444,Mouse,Electronics,1,541,15,459.85,343.24,116.61,North,Uttar Pradesh,Lucknow
2536,2024-11-23,316,Customer 0316,Pen,Stationery,7,19,15,113.05,76.51,36.54,South,Tamil Nadu,Chennai
2537,2023-07-26,57,Customer 0057,Keyboard,Electronics,18,1108,10,17949.6,12236.82,5712.78,East,West Bengal,Kolkata
2538,2024-12-23,57,Customer 0057,Chair,Furniture,4,3639,10,13100.4,11035.94,2064.46,North,Uttar Pradesh,Lucknow
2539,2024-11-15,124,Customer 0124,Phone,Electronics,6,22931,10,123827.4,106446.57,17380.83,East,West Bengal,Kolkata
2540,2024-01-06,333,Customer 0333,Mouse,Electronics,20,637,15,10829,7195.21,3633.79,North,Rajasthan,Jaipur
2541,2024-08-07,429,Customer 0429,Notebook,Stationery,15,84,10,1134,755.05,378.95,South,Telangana,Hyderabad
2542,2025-09-14,318,Customer 0318,Phone,Electronics,5,24768,15,105264,87694.27,17569.73,North,Uttar Pradesh,Lucknow
2543,2025-07-23,400,Customer 0400,Monitor,Electronics,16,12034,5,182916.8,122199.08,60717.72,South,Tamil Nadu,Chennai
2544,2024-08-17,159,Customer 0159,Monitor,Electronics,5,12784,15,54332,40194.19,14137.81,West,Gujarat,Ahmedabad
2545,2025-11-25,32,Customer 0032,Chair,Furniture,9,3573,5,30549.15,20915.9,9633.25,West,Gujarat,Ahmedabad
2546,2025-12-04,222,Customer 0222,Printer,Electronics,6,14389,10,77700.6,46748.07,30952.53,West,Maharashtra,Mumbai
2547,2023-12-16,463,Customer 0463,Desk,Furniture,20,6910,15,117470,97475.55,19994.45,West,Maharashtra,
2548,2025-03-08,485,Customer 0485,Notebook,Stationery,18,76,10,1231.2,1044.64,186.56,East,West Bengal,Kolkata
2549,2023-11-06,176,Customer 0176,Notebook,Stationery,3,87,5,247.95,160.51,87.44,South,Karnataka,Bengaluru
2550,2025-05-11,129,Customer 0129,Keyboard,Electronics,19,1248,5,22526.4,16110.49,6415.91,South,Karnataka,Bengaluru
2551,2025-11-02,284,Customer 0284,Laptop,Electronics,13,53156,10,621925.2,464107.46,157817.74,Central,Madhya Pradesh,Bhopal
2552,2024-09-24,176,Customer 0176,Pen,Stationery,18,21,15,321.3,243.28,78.02,North,Rajasthan,Jaipur
2553,2025-10-10,53,Customer 0053,Notebook,Stationery,5,85,10,382.5,297.28,85.22,West,Maharashtra,Mumbai
2554,2024-02-06,268,Customer 0268,Desk,Furniture,6,7630,5,43491,29825.93,13665.07,Central,Madhya Pradesh,
2555,2023-09-29,267,Customer 0267,Desk,Furniture,12,6817,10,73623.6,45340.04,28283.56,North,Delhi,New Delhi
2556,2024-02-07,254,Customer 0254,Mouse,Electronics,18,655,15,10021.5,8092.09,1929.41,West,Maharashtra,Mumbai
2557,2024-12-25,350,Customer 0350,Printer,Electronics,12,16247,0,194964,123003.74,71960.26,West,Maharashtra,Mumbai
2558,2024-09-11,370,Customer 0370,Pen,Stationery,14,21,10,264.6,176.46,88.14,South,Telangana,Hyderabad
2559,2024-01-30,300,Customer 0300,Chair,Furniture,5,3606,10,16227,12802.63,3424.37,North,Rajasthan,Jaipur
2560,2024-10-24,360,Customer 0360,Desk,Furniture,7,6488,5,43145.2,32084.82,11060.38,South,Telangana,Hyderabad
2561,2025-08-21,121,Customer 0121,Notebook,Stationery,16,73,15,992.8,871.29,121.51,North,Uttar Pradesh,Lucknow
2562,2023-11-21,278,Customer 0278,Keyboard,Electronics,5,1168,15,4964,3774.92,1189.08,South,Tamil Nadu,Chennai
2563,2025-07-21,407,Customer 0407,Chair,Furniture,3,3154,5,8988.9,6668.97,2319.93,South,Tamil Nadu,Chennai
2564,2024-06-05,128,Customer 0128,Chair,Furniture,4,3227,15,10971.8,8995.89,1975.91,East,West Bengal,Kolkata
2565,2023-03-13,75,Customer 0075,Pen,Stationery,14,18,15,214.2,143.81,70.39,North,Delhi,New Delhi
2566,2025-07-14,436,Customer 0436,Keyboard,Electronics,12,1244,5,14181.6,10464.75,3716.85,South,Telangana,Hyderabad
2567,2025-09-10,12,Customer 0012,Phone,Electronics,10,25020,15,212670,167128.13,45541.87,East,West Bengal,Kolkata
2568,2025-11-18,368,Customer 0368,Keyboard,Electronics,15,1137,0,17055,14419.69,2635.31,North,Uttar Pradesh,Lucknow
2569,2025-12-10,183,Customer 0183,Pen,Stationery,15,18,10,243,209.21,33.79,West,Gujarat,Ahmedabad
2570,2023-02-19,115,Customer 0115,Keyboard,Electronics,20,1184,10,21312,13376.98,7935.02,North,Rajasthan,Jaipur
2571,2025-09-05,15,Customer 0015,Chair,Furniture,9,3335,10,27013.5,19387.32,7626.18,East,West Bengal,Kolkata
2572,2023-03-21,155,Customer 0155,Printer,Electronics,7,15933,5,105954.45,67548.02,38406.43,North,Delhi,New Delhi
2573,2023-05-30,276,Customer 0276,Phone,Electronics,12,25020,5,285228,236422.39,48805.61,North,Rajasthan,Jaipur
2574,2023-11-26,71,Customer 0071,Keyboard,Electronics,9,1312,0,11808,9721.83,2086.17,North,Delhi,New Delhi
2575,2023-12-21,401,Customer 0401,Phone,Electronics,19,25805,0,490295,431541.53,58753.47,North,Delhi,New Delhi
2576,2023-06-21,318,Customer 0318,Phone,Electronics,20,26800,10,482400,365748.89,116651.11,South,Tamil Nadu,Chennai
2577,2024-05-18,48,Customer 0048,Monitor,Electronics,1,11420,15,9707,8211.18,1495.82,North,Delhi,New Delhi
2578,2024-05-25,162,Customer 0162,Chair,Furniture,5,3182,0,15910,12162.09,3747.91,South,Tamil Nadu,Chennai
2579,2025-10-02,235,Customer 0235,Monitor,Electronics,9,12382,5,105866.1,80215.02,25651.08,North,Uttar Pradesh,Lucknow
2580,2025-06-13,295,Customer 0295,Printer,Electronics,5,14399,5,68395.25,57669.4,10725.85,North,Rajasthan,Jaipur
2581,2023-05-05,70,Customer 0070,Laptop,Electronics,19,49593,10,848040.3,611792.12,236248.18,East,West Bengal,Kolkata
2582,2025-01-13,211,Customer 0211,Chair,Furniture,15,3245,10,43807.5,33223.44,10584.06,Central,Madhya Pradesh,Bhopal
2583,2024-03-24,253,Customer 0253,Printer,Electronics,8,16160,10,116352,96854.59,19497.41,West,Maharashtra,Mumbai
2584,2025-07-17,22,Customer 0022,Notebook,Stationery,1,77,5,73.15,61.05,12.1,South,Karnataka,Bengaluru
2585,2025-08-30,255,Customer 0255,Desk,Furniture,5,6622,0,33110,25852.5,7257.5,East,West Bengal,Kolkata
2586,2025-07-13,150,Customer 0150,Monitor,Electronics,10,11957,10,107613,89071.32,18541.68,North,Rajasthan,Jaipur
2587,2025-09-04,259,Customer 0259,Keyboard,Electronics,8,1275,0,10200,6671.91,3528.09,North,Uttar Pradesh,Lucknow
2588,2025-08-27,362,Customer 0362,Keyboard,Electronics,2,1260,15,2142,1610.63,531.37,North,Uttar Pradesh,Lucknow
2589,2023-05-08,5,Customer 0005,Phone,Electronics,13,22534,10,263647.8,187857.12,75790.68,North,Rajasthan,Jaipur
2590,2023-07-08,242,Customer 0242,Desk,Furniture,2,6656,5,12646.4,7644.55,5001.85,South,Karnataka,Bengaluru
2591,2023-11-03,181,Customer 0181,Printer,Electronics,17,13811,15,199568.95,139828.55,59740.4,North,Delhi,New Delhi
2592,2023-12-30,268,Customer 0268,Mouse,Electronics,2,644,5,1223.6,851.82,371.78,South,Karnataka,Bengaluru
2593,2025-04-28,292,Customer 0292,Pen,Stationery,14,20,5,266,162.39,103.61,South,Karnataka,Bengaluru
2594,2024-09-15,40,Customer 0040,Notebook,Stationery,2,75,15,127.5,80.74,46.76,North,Rajasthan,Jaipur
2595,2023-08-23,45,Customer 0045,Notebook,Stationery,10,84,10,756,576.81,179.19,Central,Madhya Pradesh,Bhopal
2596,2024-06-06,292,Customer 0292,Desk,Furniture,20,7661,0,153220,105556.23,47663.77,West,Gujarat,Ahmedabad
2597,2023-04-15,251,Customer 0251,Pen,Stationery,10,22,0,220,185.33,34.67,North,Uttar Pradesh,Lucknow
2598,2025-05-06,86,Customer 0086,Monitor,Electronics,20,10807,0,216140,164555.99,51584.01,South,Karnataka,Bengaluru
2599,2023-11-25,70,Customer 0070,Keyboard,Electronics,12,1209,5,13782.6,10947.8,2834.8,West,Gujarat,Ahmedabad
2600,2023-09-07,211,Customer 0211,Desk,Furniture,6,7077,10,38215.8,24963.55,13252.25,North,Rajasthan,Jaipur
2601,2024-11-29,132,Customer 0132,Keyboard,Electronics,7,1155,15,6872.25,4246.08,2626.17,South,Tamil Nadu,Chennai
2602,2023-11-09,206,Customer 0206,Notebook,Stationery,8,74,0,592,397.63,194.37,West,Gujarat,Ahmedabad
2603,2024-06-22,287,Customer 0287,Notebook,Stationery,10,87,5,826.5,507.75,318.75,North,Delhi,New Delhi
2604,2025-05-05,406,Customer 0406,Phone,Electronics,4,24533,5,93225.4,69739.77,23485.63,North,Uttar Pradesh,Lucknow
2605,2024-07-13,136,Customer 0136,Notebook,Stationery,1,83,10,74.7,59.86,14.84,North,Delhi,New Delhi
2606,2023-01-13,148,Customer 0148,Phone,Electronics,4,24822,15,84394.8,57511.69,26883.11,West,Gujarat,Ahmedabad
2607,2025-07-06,148,Customer 0148,Laptop,Electronics,5,45807,5,217583.25,188097.47,29485.78,Central,Madhya Pradesh,Bhopal
2608,2023-09-13,263,Customer 0263,Keyboard,Electronics,8,1080,10,7776,6181.43,1594.57,South,Telangana,Hyderabad
2609,2023-05-04,397,Customer 0397,Desk,Furniture,10,7368,15,62628,50022.24,12605.76,East,West Bengal,Kolkata
2610,2024-09-11,343,Customer 0343,Laptop,Electronics,18,47447,10,768641.4,641284.29,127357.11,South,Karnataka,Bengaluru
2611,2024-10-04,6,Customer 0006,Desk,Furniture,6,6685,5,38104.5,23844.96,14259.54,South,Telangana,Hyderabad
2612,2025-07-25,498,Customer 0498,Pen,Stationery,19,22,15,355.3,311.52,43.78,North,Delhi,New Delhi
2613,2025-02-15,286,Customer 0286,Keyboard,Electronics,20,1274,0,25480,19128.87,6351.13,South,Tamil Nadu,Chennai
2614,2024-01-22,448,Customer 0448,Mouse,Electronics,1,586,10,527.4,438.98,88.42,North,Rajasthan,Jaipur
2615,2025-08-12,205,Customer 0205,Notebook,Stationery,6,88,15,448.8,359.63,89.17,East,West Bengal,Kolkata
2616,2023-07-21,297,Customer 0297,Phone,Electronics,9,22792,15,174358.8,136502.16,37856.64,West,Maharashtra,Mumbai
2617,2025-10-30,475,Customer 0475,Chair,Furniture,12,3491,0,41892,32615.75,9276.25,Central,Madhya Pradesh,Bhopal
2618,2025-07-17,314,Customer 0314,Printer,Electronics,9,14146,15,108216.9,93349.65,14867.25,West,Gujarat,Ahmedabad
2619,2023-12-22,421,Customer 0421,Notebook,Stationery,2,83,0,166,124.81,41.19,South,Karnataka,Bengaluru
2620,2025-05-18,179,Customer 0179,Printer,Electronics,7,15359,5,102137.35,66070,36067.35,South,Tamil Nadu,Chennai
2621,2025-05-15,150,Customer 0150,Phone,Electronics,6,25044,5,142750.8,115756.31,26994.49,North,Delhi,New Delhi
2622,2024-07-26,171,Customer 0171,Monitor,Electronics,3,13085,15,33366.75,29722.3,3644.45,North,Delhi,New Delhi
2623,2023-03-23,454,Customer 0454,Phone,Electronics,12,24428,15,249165.6,215177.86,33987.74,South,Karnataka,Bengaluru
2624,2024-06-28,371,Customer 0371,Chair,Furniture,9,3385,10,27418.5,21971.54,5446.96,Central,Madhya Pradesh,Bhopal
2625,2023-05-15,465,Customer 0465,Keyboard,Electronics,14,1117,5,14856.1,13105.21,1750.89,Central,Madhya Pradesh,Bhopal
2626,2025-02-14,10,Customer 0010,Desk,Furniture,18,6853,5,117186.3,75891.29,41295.01,West,Gujarat,Ahmedabad
2627,2023-10-08,288,Customer 0288,Phone,Electronics,20,26819,5,509561,418874.81,90686.19,West,Gujarat,Ahmedabad
2628,2025-03-05,227,Customer 0227,Desk,Furniture,7,6871,15,40882.45,26439.75,14442.7,East,West Bengal,Kolkata
2629,2025-08-03,265,Customer 0265,Printer,Electronics,5,14837,10,66766.5,43390.75,23375.75,North,Uttar Pradesh,Lucknow
2630,2023-03-08,324,Customer 0324,Chair,Furniture,18,3507,10,56813.4,51026.52,5786.88,Central,Madhya Pradesh,Bhopal
2631,2024-12-06,159,Customer 0159,Laptop,Electronics,16,48081,5,730831.2,473742.05,257089.15,West,Gujarat,Ahmedabad
2632,2023-09-16,476,Customer 0476,Printer,Electronics,1,16249,10,14624.1,9182.9,5441.2,North,Delhi,New Delhi
2633,2024-08-15,431,Customer 0431,Printer,Electronics,18,15239,15,233156.7,178939.7,54217,North,Delhi,New Delhi
2634,2024-02-25,430,Customer 0430,Mouse,Electronics,11,548,10,5425.2,3383.32,2041.88,South,Karnataka,Bengaluru
2635,2024-07-26,307,Customer 0307,Monitor,Electronics,20,11063,5,210197,163249.95,46947.05,South,Telangana,Hyderabad
2636,2024-02-10,290,Customer 0290,Printer,Electronics,1,16467,15,13996.95,8428.38,5568.57,South,Telangana,Hyderabad
2637,2023-12-31,394,Customer 0394,Phone,Electronics,8,27466,0,219728,192794.77,26933.23,Central,Madhya Pradesh,Bhopal
2638,2025-09-28,227,Customer 0227,Monitor,Electronics,9,10881,0,97929,74190.92,23738.08,West,Maharashtra,Mumbai
2639,2025-09-23,354,Customer 0354,Notebook,Stationery,6,75,0,450,355.19,94.81,Central,Madhya Pradesh,Bhopal
2640,2025-01-07,414,Customer 0414,Printer,Electronics,13,16000,5,197600,154514.24,43085.76,South,Karnataka,Bengaluru
2641,2025-05-21,497,Customer 0497,Keyboard,Electronics,12,1215,10,13122,8109.85,5012.15,South,Telangana,Hyderabad
2642,2025-10-13,251,Customer 0251,Keyboard,Electronics,14,1274,10,16052.4,10681.05,5371.35,West,Maharashtra,Mumbai
2643,2023-08-23,312,Customer 0312,Desk,Furniture,4,7312,0,29248,25263.46,3984.54,South,Karnataka,Bengaluru
2644,2025-05-30,258,Customer 0258,Notebook,Stationery,12,87,0,1044,812.29,231.71,West,Maharashtra,Mumbai
2645,2024-03-20,482,Customer 0482,Desk,Furniture,20,6327,10,113886,75761.9,38124.1,North,Uttar Pradesh,Lucknow
2646,2025-09-10,198,Customer 0198,Printer,Electronics,6,13631,15,69518.1,42072.67,27445.43,Central,Madhya Pradesh,Bhopal
2647,2025-05-03,276,Customer 0276,Keyboard,Electronics,20,1092,0,21840,15207.74,6632.26,South,Telangana,Hyderabad
2648,2023-01-18,251,Customer 0251,Phone,Electronics,12,25720,15,262344,235601.64,26742.36,West,Gujarat,Ahmedabad
2649,2025-11-02,175,Customer 0175,Phone,Electronics,1,27154,15,23080.9,15821.46,7259.44,South,Telangana,Hyderabad
2650,2023-06-18,184,Customer 0184,Mouse,Electronics,20,619,5,11761,9314.21,2446.79,North,Rajasthan,Jaipur
2651,2023-07-30,125,Customer 0125,Notebook,Stationery,8,86,0,688,456.01,231.99,North,Uttar Pradesh,Lucknow
2652,2023-10-19,437,Customer 0437,Monitor,Electronics,19,11828,15,191022.2,133559.64,57462.56,West,Maharashtra,Mumbai
2653,2023-10-15,119,Customer 0119,Monitor,Electronics,3,12956,0,38868,33080.28,5787.72,West,Gujarat,Ahmedabad
2654,2023-03-07,61,Customer 0061,Notebook,Stationery,4,82,5,311.6,252.4,59.2,South,Karnataka,Bengaluru
2655,2025-09-21,345,Customer 0345,Printer,Electronics,19,14786,0,280934,250784.13,30149.87,North,Delhi,New Delhi
2656,2025-05-01,4,Customer 0004,Chair,Furniture,7,3510,0,24570,21761.98,2808.02,East,West Bengal,Kolkata
2657,2024-06-19,223,Customer 0223,Keyboard,Electronics,14,1225,10,15435,13527.38,1907.62,Central,Madhya Pradesh,Bhopal
2658,2025-09-07,112,Customer 0112,Printer,Electronics,14,14791,0,207074,141979.48,65094.52,East,West Bengal,Kolkata
2659,2025-08-25,191,Customer 0191,Notebook,Stationery,15,79,0,1185,1040.94,144.06,Central,Madhya Pradesh,Bhopal
2660,2023-04-27,488,Customer 0488,Printer,Electronics,14,14982,10,188773.2,132747.54,56025.66,South,Tamil Nadu,Chennai
2661,2025-09-04,148,Customer 0148,Notebook,Stationery,9,74,5,632.7,436.87,195.83,South,Tamil Nadu,Chennai
2662,2023-10-04,17,Customer 0017,Printer,Electronics,11,13568,15,126860.8,105215.79,21645.01,West,Maharashtra,Mumbai
2663,2023-09-03,433,Customer 0433,Mouse,Electronics,3,623,15,1588.65,1142.13,446.52,South,Telangana,Hyderabad
2664,2023-03-10,86,Customer 0086,Phone,Electronics,8,24366,0,194928,150053.74,44874.26,North,Rajasthan,Jaipur
2665,2024-02-01,363,Customer 0363,Desk,Furniture,16,6568,15,89324.8,71788.03,17536.77,Central,Madhya Pradesh,Bhopal
2666,2023-03-23,195,,Laptop,Electronics,6,46464,5,264844.8,197722.68,67122.12,West,Gujarat,Ahmedabad
2667,2025-07-03,337,Customer 0337,Keyboard,Electronics,2,1106,10,1990.8,1620.54,370.26,North,Uttar Pradesh,Lucknow
2668,2023-04-27,190,Customer 0190,Pen,Stationery,17,19,15,274.55,193.32,81.23,North,Uttar Pradesh,Lucknow
2669,2023-10-30,225,Customer 0225,Notebook,Stationery,5,81,0,405,328.15,76.85,North,Rajasthan,Jaipur
2670,2025-03-05,219,Customer 0219,Desk,Furniture,10,6333,15,53830.5,42173.01,11657.49,West,Gujarat,Ahmedabad
2671,2025-09-01,130,Customer 0130,Pen,Stationery,10,22,0,220,181.77,38.23,South,Karnataka,Bengaluru
2672,2025-10-21,92,Customer 0092,Monitor,Electronics,8,11359,5,86328.4,68618.33,17710.07,East,West Bengal,Kolkata
2673,2023-05-16,68,Customer 0068,Pen,Stationery,5,22,5,104.5,81.2,23.3,West,Gujarat,
2674,2023-12-20,220,Customer 0220,Monitor,Electronics,17,13050,15,188572.5,147516.82,41055.68,North,Uttar Pradesh,Lucknow
2675,2025-10-07,430,Customer 0430,Pen,Stationery,3,20,5,57,41.05,15.95,North,Uttar Pradesh,Lucknow
2676,2025-04-11,191,Customer 0191,Printer,Electronics,19,16120,10,275652,244787.47,30864.53,South,Tamil Nadu,Chennai
2677,2025-08-07,193,Customer 0193,Monitor,Electronics,1,12491,10,11241.9,9086.17,2155.73,West,Maharashtra,Mumbai
2678,2024-03-22,241,Customer 0241,Laptop,Electronics,15,53672,10,724572,524528.17,200043.83,Central,Madhya Pradesh,Bhopal
2679,2024-05-22,456,Customer 0456,Laptop,Electronics,1,45849,5,43556.55,31009.1,12547.45,South,Karnataka,Bengaluru
2680,2025-11-22,26,Customer 0026,Keyboard,Electronics,3,1253,15,3195.15,2523.16,671.99,North,Rajasthan,Jaipur
2681,2025-11-24,381,Customer 0381,Laptop,Electronics,13,51813,10,606212.1,476961.78,129250.32,North,Uttar Pradesh,Lucknow
2682,2023-09-02,308,Customer 0308,Printer,Electronics,3,14171,5,40387.35,24687.03,15700.32,Central,Madhya Pradesh,Bhopal
2683,2024-09-26,349,Customer 0349,Mouse,Electronics,1,579,5,550.05,415.45,134.6,South,Telangana,Hyderabad
2684,2023-01-10,218,Customer 0218,Phone,Electronics,10,24570,10,221130,148230.18,72899.82,South,Karnataka,Bengaluru
2685,2024-12-28,65,Customer 0065,Notebook,Stationery,16,78,5,1185.6,1010.35,175.25,East,West Bengal,Kolkata
2686,2024-03-08,149,Customer 0149,Laptop,Electronics,17,47299,10,723674.7,552869.46,170805.24,North,Uttar Pradesh,Lucknow
2687,2025-10-10,371,Customer 0371,Desk,Furniture,18,7145,5,122179.5,109242.09,12937.41,East,West Bengal,Kolkata
2688,2025-01-05,27,Customer 0027,Mouse,Electronics,5,636,10,2862,2543.64,318.36,South,Telangana,Hyderabad
2689,2024-11-16,306,Customer 0306,Keyboard,Electronics,19,1239,15,20009.85,12235.48,7774.37,North,Delhi,New Delhi
2690,2023-12-20,20,Customer 0020,Keyboard,Electronics,15,1280,15,16320,12668.72,3651.28,North,Uttar Pradesh,Lucknow
2691,2023-09-21,293,Customer 0293,Printer,Electronics,9,14815,0,133335,109261.44,24073.56,North,Rajasthan,Jaipur
2692,2023-09-05,119,Customer 0119,Desk,Furniture,11,6307,0,69377,56793.54,12583.46,North,Rajasthan,Jaipur
2693,2024-12-23,276,Customer 0276,Keyboard,Electronics,17,1186,10,18145.8,13017.01,-5128.79,South,Telangana,Hyderabad
2694,2025-06-05,388,Customer 0388,Monitor,Electronics,16,12458,0,199328,156284.59,43043.41,North,Rajasthan,Jaipur
2695,2023-09-03,324,Customer 0324,Laptop,Electronics,20,53047,15,901799,592482.62,309316.38,North,Uttar Pradesh,Lucknow
2696,2024-03-22,489,Customer 0489,Desk,Furniture,16,7013,15,95376.8,77375.44,18001.36,North,Uttar Pradesh,Lucknow
2697,2025-03-03,259,Customer 0259,Laptop,Electronics,17,52080,10,796824,671952.02,124871.98,North,Rajasthan,Jaipur
2698,2025-09-28,363,Customer 0363,Notebook,Stationery,9,83,5,709.65,567.69,141.96,South,Tamil Nadu,Chennai
2699,2025-12-31,439,Customer 0439,Mouse,Electronics,12,572,5,6520.8,5180.47,1340.33,South,Tamil Nadu,Chennai
2700,2024-10-28,180,Customer 0180,Printer,Electronics,12,13900,10,150120,114789.41,35330.59,South,Telangana,Hyderabad
2701,2024-12-30,324,Customer 0324,Monitor,Electronics,9,11403,10,92364.3,72201.31,20162.99,West,Maharashtra,Mumbai
2702,2024-05-15,351,Customer 0351,Monitor,Electronics,4,11617,10,41821.2,34351.9,7469.3,South,Telangana,Hyderabad
2703,2024-03-18,328,Customer 0328,Pen,Stationery,5,22,15,93.5,58.07,35.43,North,Delhi,New Delhi
2704,2025-10-03,248,Customer 0248,Monitor,Electronics,2,11403,10,20525.4,18172.02,2353.38,West,Gujarat,Ahmedabad
2705,2023-01-10,461,Customer 0461,Keyboard,Electronics,11,1176,5,12289.2,9291.64,2997.56,South,Tamil Nadu,Chennai
2706,2025-01-28,261,Customer 0261,Desk,Furniture,4,7188,10,25876.8,22900.84,2975.96,Central,Madhya Pradesh,
2707,2023-04-14,417,Customer 0417,Laptop,Electronics,18,52727,5,901631.7,809071.77,92559.93,East,West Bengal,Kolkata
2708,2024-07-23,88,Customer 0088,Chair,Furniture,3,3172,5,9040.2,6352.52,2687.68,South,Telangana,Hyderabad
2709,2023-05-19,459,Customer 0459,Mouse,Electronics,14,635,0,8890,7174.84,1715.16,North,Uttar Pradesh,Lucknow
2710,2024-11-26,199,Customer 0199,Mouse,Electronics,17,614,0,10438,8354.39,2083.61,West,Gujarat,Ahmedabad
2711,2023-06-13,199,Customer 0199,Printer,Electronics,14,15746,5,209421.8,179731.62,29690.18,North,Rajasthan,Jaipur
2712,2023-02-14,356,Customer 0356,Desk,Furniture,2,6329,5,12025.1,7803.01,4222.09,East,West Bengal,Kolkata
2713,2024-01-10,459,Customer 0459,Notebook,Stationery,17,85,5,1372.75,1108.59,264.16,North,Rajasthan,Jaipur
2714,2024-12-15,490,Customer 0490,Phone,Electronics,8,27224,5,206902.4,145605.7,61296.7,East,West Bengal,Kolkata
2715,2025-12-25,336,Customer 0336,Chair,Furniture,12,3280,0,39360,32985.02,6374.98,West,Gujarat,Ahmedabad
2716,2025-01-04,452,Customer 0452,Desk,Furniture,16,6548,10,94291.2,82198.79,12092.41,South,Telangana,Hyderabad
2717,2024-11-30,72,Customer 0072,Chair,Furniture,11,3325,10,32917.5,22733.91,10183.59,East,West Bengal,Kolkata
2718,2025-04-25,444,Customer 0444,Monitor,Electronics,10,12396,0,123960,109205.49,14754.51,South,Tamil Nadu,Chennai
2719,2024-05-24,447,Customer 0447,Pen,Stationery,7,20,15,119,89.57,29.43,North,Uttar Pradesh,Lucknow
2720,2023-04-25,258,Customer 0258,Monitor,Electronics,16,12218,5,185713.6,116348.26,69365.34,North,Delhi,New Delhi
2721,2023-06-08,321,Customer 0321,Chair,Furniture,1,3400,0,3400,2486.64,913.36,South,Telangana,Hyderabad
2722,2024-09-29,239,Customer 0239,Keyboard,Electronics,3,1130,15,2881.5,2149.19,732.31,South,Karnataka,Bengaluru
2723,2023-05-11,147,Customer 0147,Pen,Stationery,17,21,10,321.3,255.6,65.7,West,Gujarat,Ahmedabad
2724,2025-10-03,258,Customer 0258,Printer,Electronics,10,14720,15,125120,90061.97,35058.03,South,Karnataka,Bengaluru
2725,2025-06-24,210,Customer 0210,Monitor,Electronics,20,12258,10,220644,195057.46,25586.54,East,West Bengal,Kolkata
2726,2023-07-25,438,Customer 0438,Chair,Furniture,13,3807,10,44541.9,30676.83,13865.07,South,Telangana,Hyderabad
2727,2023-08-24,128,Customer 0128,Desk,Furniture,14,7462,5,99244.6,79560.62,19683.98,West,Maharashtra,Mumbai
2728,2023-10-11,341,Customer 0341,Pen,Stationery,9,18,10,145.8,119.57,26.23,Central,Madhya Pradesh,Bhopal
2729,2023-01-22,7,Customer 0007,Phone,Electronics,15,25533,10,344695.5,238910.66,105784.84,North,Delhi,New Delhi
2730,2025-06-30,236,Customer 0236,Monitor,Electronics,8,11915,0,95320,59119.58,36200.42,South,Tamil Nadu,Chennai
2731,2024-05-07,430,Customer 0430,Notebook,Stationery,19,75,5,1353.75,1013.91,339.84,North,Uttar Pradesh,Lucknow
2732,2023-06-04,332,Customer 0332,Pen,Stationery,1,18,0,18,11.45,6.55,East,West Bengal,Kolkata
2733,2025-09-04,321,Customer 0321,Desk,Furniture,3,6808,15,17360.4,10517.53,6842.87,West,Gujarat,Ahmedabad
2734,2024-10-13,285,Customer 0285,Notebook,Stationery,18,81,10,1312.2,1062.31,249.89,East,West Bengal,Kolkata
2735,2025-07-19,245,Customer 0245,Keyboard,Electronics,12,1082,10,11685.6,8684.08,3001.52,Central,Madhya Pradesh,Bhopal
2736,2025-08-12,487,Customer 0487,Laptop,Electronics,18,49521,5,846809.1,571733.04,275076.06,North,Delhi,New Delhi
2737,2023-02-03,428,Customer 0428,Printer,Electronics,11,15189,0,167079,148669.09,18409.91,South,Telangana,Hyderabad
2738,2023-06-08,426,Customer 0426,Pen,Stationery,20,21,0,420,324.9,95.1,Central,Madhya Pradesh,Bhopal
2739,2024-07-05,302,Customer 0302,Keyboard,Electronics,2,1286,10,2314.8,1818.41,496.39,North,Rajasthan,Jaipur
2740,2025-11-26,159,Customer 0159,Keyboard,Electronics,12,1215,0,14580,9119.18,5460.82,North,Uttar Pradesh,Lucknow
2741,2024-06-21,199,Customer 0199,Desk,Furniture,18,6590,10,106758,76832.38,29925.62,North,Rajasthan,Jaipur
2742,2025-08-23,347,Customer 0347,Pen,Stationery,13,21,15,232.05,145.76,86.29,West,Maharashtra,Mumbai
2743,2025-10-27,264,Customer 0264,Monitor,Electronics,9,12549,10,101646.9,71345.32,30301.58,South,Karnataka,Bengaluru
2744,2023-02-19,425,Customer 0425,Chair,Furniture,11,3544,5,37034.8,22390.13,14644.67,East,West Bengal,Kolkata
2745,2025-04-13,9,Customer 0009,Printer,Electronics,18,14124,5,241520.4,188915.92,52604.48,Central,Madhya Pradesh,Bhopal
2746,2024-04-27,452,Customer 0452,Monitor,Electronics,15,13141,0,197115,125843.19,71271.81,South,Karnataka,Bengaluru
2747,2024-08-04,339,Customer 0339,Laptop,Electronics,1,45197,5,42937.15,31449.18,11487.97,North,Rajasthan,Jaipur
2748,2024-06-15,351,Customer 0351,Notebook,Stationery,4,77,10,277.2,192.87,84.33,South,Karnataka,Bengaluru
2749,2023-03-28,124,Customer 0124,Keyboard,Electronics,11,1229,10,12167.1,7736.54,4430.56,South,Karnataka,Bengaluru
2750,2024-04-13,89,Customer 0089,Mouse,Electronics,14,555,5,7381.5,5166.28,2215.22,South,Telangana,Hyderabad
2751,2025-06-21,419,Customer 0419,Pen,Stationery,8,18,10,129.6,85.32,44.28,West,Maharashtra,Mumbai
2752,2025-12-25,332,Customer 0332,Laptop,Electronics,7,51721,10,325842.3,257505.81,68336.49,East,West Bengal,Kolkata
2753,2024-05-23,428,Customer 0428,Notebook,Stationery,12,73,10,788.4,611.78,176.62,North,Rajasthan,Jaipur
2754,2023-05-12,122,Customer 0122,Notebook,Stationery,5,78,15,331.5,209.57,121.93,South,Karnataka,Bengaluru
2755,2023-01-04,467,Customer 0467,Monitor,Electronics,15,11866,10,160191,134619.21,25571.79,West,Gujarat,Ahmedabad
2756,2023-10-30,67,Customer 0067,Mouse,Electronics,4,584,15,1985.6,1483.33,502.27,West,Maharashtra,Mumbai
2757,2023-08-26,131,Customer 0131,Printer,Electronics,10,14700,15,124950,79700.63,45249.37,North,Uttar Pradesh,Lucknow
2758,2024-05-29,4,Customer 0004,Mouse,Electronics,13,544,5,6718.4,4901.4,1817,South,Karnataka,Bengaluru
2759,2024-02-08,143,Customer 0143,Printer,Electronics,2,15016,10,27028.8,23740.03,3288.77,South,Telangana,Hyderabad
2760,2023-05-24,341,Customer 0341,Printer,Electronics,6,16401,5,93485.7,81045.58,12440.12,South,Karnataka,Bengaluru
2761,2024-05-11,390,Customer 0390,Mouse,Electronics,14,573,10,7219.8,5600.73,1619.07,East,West Bengal,Kolkata
2762,2023-08-18,379,Customer 0379,Laptop,Electronics,15,49736,5,708738,595040.92,113697.08,North,Uttar Pradesh,Lucknow
2763,2024-03-04,421,Customer 0421,Monitor,Electronics,13,11063,10,129437.1,82901.11,46535.99,North,Rajasthan,Jaipur
2764,2025-04-30,201,Customer 0201,Phone,Electronics,6,25978,0,155868,126140,29728,South,Tamil Nadu,Chennai
2765,2025-08-23,115,Customer 0115,Phone,Electronics,12,24113,10,260420.4,197575.04,62845.36,West,Gujarat,Ahmedabad
2766,2025-10-22,336,Customer 0336,Printer,Electronics,8,14620,10,105264,68922.01,36341.99,South,Tamil Nadu,Chennai
2767,2025-09-05,126,Customer 0126,Monitor,Electronics,20,10940,0,218800,177910.91,40889.09,West,Gujarat,Ahmedabad
2768,2024-08-18,419,Customer 0419,Notebook,Stationery,5,80,10,360,250.63,109.37,East,West Bengal,Kolkata
2769,2023-09-08,104,Customer 0104,Laptop,Electronics,8,46150,15,313820,264749.21,49070.79,West,Gujarat,Ahmedabad
2770,2024-02-10,54,Customer 0054,Monitor,Electronics,5,12389,0,61945,40643.79,21301.21,West,Gujarat,Ahmedabad
2771,2025-10-04,261,Customer 0261,Phone,Electronics,9,26771,15,204798.15,143372.68,61425.47,North,Rajasthan,Jaipur
2772,2025-09-06,17,Customer 0017,Chair,Furniture,12,3798,10,41018.4,31493.91,9524.49,North,Uttar Pradesh,Lucknow
2773,2024-04-17,449,Customer 0449,Monitor,Electronics,6,11563,15,58971.3,50118.08,8853.22,East,West Bengal,Kolkata
2774,2025-11-29,269,Customer 0269,Keyboard,Electronics,13,1148,10,13431.6,11174.49,2257.11,South,Tamil Nadu,Chennai
2775,2025-09-22,290,Customer 0290,Desk,Furniture,2,6563,10,11813.4,7942.81,3870.59,North,Uttar Pradesh,Lucknow
2776,2023-12-08,114,Customer 0114,Keyboard,Electronics,13,1174,10,13735.8,8317.36,5418.44,North,Uttar Pradesh,Lucknow
2777,2024-07-05,407,Customer 0407,Desk,Furniture,4,7569,10,27248.4,23670.66,3577.74,South,Karnataka,Bengaluru
2778,2024-12-31,276,Customer 0276,Desk,Furniture,10,6617,5,62861.5,52849.43,10012.07,North,Uttar Pradesh,Lucknow
2779,2023-05-31,11,Customer 0011,Notebook,Stationery,20,77,10,1386,1120.44,265.56,West,Maharashtra,Mumbai
2780,2025-08-26,429,Customer 0429,Printer,Electronics,15,15719,5,223995.75,137502.44,86493.31,North,Rajasthan,Jaipur
2781,2023-05-20,181,Customer 0181,Pen,Stationery,8,18,0,144,93.77,-50.23,North,Uttar Pradesh,Lucknow
2782,2024-06-10,79,Customer 0079,Notebook,Stationery,13,79,10,924.3,654.21,270.09,North,Delhi,
2783,2023-02-18,208,Customer 0208,Monitor,Electronics,3,12712,0,38136,29190.45,8945.55,West,Gujarat,Ahmedabad
2784,2024-12-27,32,Customer 0032,Monitor,Electronics,1,11111,10,9999.9,8633.5,1366.4,South,Telangana,Hyderabad
2785,2023-12-21,451,Customer 0451,Printer,Electronics,6,14426,10,77900.4,55848.42,22051.98,West,Gujarat,Ahmedabad
2786,2024-04-01,495,Customer 0495,Laptop,Electronics,4,53936,10,194169.6,168685.44,25484.16,West,Maharashtra,Mumbai
2787,2025-12-05,114,Customer 0114,Desk,Furniture,5,6685,10,30082.5,21491.9,8590.6,Central,Madhya Pradesh,Bhopal
2788,2025-03-20,13,Customer 0013,Mouse,Electronics,7,643,0,4501,3865.21,635.79,East,West Bengal,Kolkata
2789,2023-11-29,396,Customer 0396,Desk,Furniture,3,6362,15,16223.1,10683.67,5539.43,Central,Madhya Pradesh,Bhopal
2790,2025-01-18,219,Customer 0219,Notebook,Stationery,4,79,5,300.2,200.04,100.16,North,Rajasthan,Jaipur
2791,2024-05-16,428,Customer 0428,Keyboard,Electronics,2,1294,15,2199.8,1422.94,776.86,North,Delhi,New Delhi
2792,2025-11-30,6,Customer 0006,Laptop,Electronics,3,51592,15,131559.6,104320.84,27238.76,West,Gujarat,Ahmedabad
2793,2024-07-21,328,Customer 0328,Phone,Electronics,17,23372,10,357591.6,237555.11,120036.49,Central,Madhya Pradesh,Bhopal
2794,2024-12-28,328,Customer 0328,Mouse,Electronics,7,545,15,3242.75,2219.35,1023.4,Central,Madhya Pradesh,Bhopal
2795,2023-11-27,487,Customer 0487,Printer,Electronics,11,15291,0,168201,109423.01,58777.99,South,Telangana,Hyderabad
2796,2024-01-05,408,,Phone,Electronics,18,22652,10,366962.4,278211.62,88750.78,West,Gujarat,Ahmedabad
2797,2025-01-04,226,Customer 0226,Monitor,Electronics,17,12277,15,177402.65,159114.43,18288.22,South,Karnataka,Bengaluru
2798,2024-03-16,250,Customer 0250,Desk,Furniture,8,6711,0,53688,37376.97,16311.03,West,Gujarat,Ahmedabad
2799,2025-07-19,2,Customer 0002,Pen,Stationery,7,22,5,146.3,90.29,56.01,West,Gujarat,Ahmedabad
2800,2025-04-08,342,Customer 0342,Pen,Stationery,3,18,5,51.3,33.43,17.87,South,Telangana,Hyderabad
2801,2024-08-04,457,Customer 0457,Mouse,Electronics,3,583,5,1661.55,1256.56,404.99,North,Rajasthan,Jaipur
2802,2024-09-10,263,Customer 0263,Pen,Stationery,2,20,10,36,29.36,6.64,South,Karnataka,Bengaluru
2803,2023-05-21,144,Customer 0144,Printer,Electronics,3,15589,5,44428.65,33519.67,10908.98,South,Tamil Nadu,Chennai
2804,2023-01-08,13,Customer 0013,Notebook,Stationery,11,84,5,877.8,708.91,168.89,South,Karnataka,Bengaluru
2805,2025-04-23,57,Customer 0057,Phone,Electronics,16,23386,5,355467.2,303194.22,52272.98,West,Maharashtra,Mumbai
2806,2025-04-13,386,Customer 0386,Notebook,Stationery,15,87,0,1305,845.51,459.49,North,Uttar Pradesh,Lucknow
2807,2025-09-16,71,Customer 0071,Monitor,Electronics,19,12509,0,237671,151835.83,85835.17,South,Tamil Nadu,Chennai
2808,2025-10-08,152,Customer 0152,Pen,Stationery,5,20,0,100,86.84,13.16,South,Telangana,Hyderabad
2809,2024-12-28,214,Customer 0214,Keyboard,Electronics,8,1227,5,9325.2,8099.09,1226.11,North,Delhi,New Delhi
2810,2025-12-19,130,Customer 0130,Desk,Furniture,18,7470,5,127737,101213.2,26523.8,East,West Bengal,Kolkata
2811,2025-07-12,457,Customer 0457,Desk,Furniture,2,7077,15,12030.9,10571.5,1459.4,South,Telangana,Hyderabad
2812,2024-07-25,262,Customer 0262,Notebook,Stationery,5,88,10,396,265.79,130.21,Central,Madhya Pradesh,Bhopal
2813,2023-08-24,388,Customer 0388,Laptop,Electronics,7,46926,0,328482,211873.9,116608.1,West,Maharashtra,Mumbai
2814,2024-02-17,442,Customer 0442,Desk,Furniture,5,7246,0,36230,26890.57,9339.43,North,Delhi,New Delhi
2815,2025-02-17,276,Customer 0276,Mouse,Electronics,14,553,15,6580.7,5630.63,950.07,South,Tamil Nadu,Chennai
2816,2025-05-12,292,Customer 0292,Monitor,Electronics,19,12891,5,232682.55,189444.04,43238.51,North,Delhi,New Delhi
2817,2023-02-16,189,Customer 0189,Monitor,Electronics,9,12290,5,105079.5,69779.32,35300.18,South,Telangana,Hyderabad
2818,2024-06-10,18,Customer 0018,Laptop,Electronics,8,52884,0,423072,298263.65,124808.35,North,Uttar Pradesh,Lucknow
2819,2024-06-03,126,Customer 0126,Desk,Furniture,12,6497,15,66269.4,50733.95,15535.45,South,Karnataka,Bengaluru
2820,2025-01-02,458,Customer 0458,Chair,Furniture,9,3764,5,32182.2,21287.39,10894.81,South,Telangana,Hyderabad
2821,2023-04-09,71,,Printer,Electronics,17,14354,0,244018,199036.59,44981.41,Central,Madhya Pradesh,Bhopal
2822,2024-01-29,386,Customer 0386,Notebook,Stationery,13,78,10,912.6,803.04,109.56,South,Telangana,Hyderabad
2823,2023-02-10,370,Customer 0370,Monitor,Electronics,2,11640,15,19788,15796.46,3991.54,Central,Madhya Pradesh,Bhopal
2824,2025-06-25,160,Customer 0160,Monitor,Electronics,20,12252,10,220536,169872.63,50663.37,East,West Bengal,Kolkata
2825,2024-08-15,424,Customer 0424,Monitor,Electronics,15,12425,0,186375,149628.48,36746.52,North,Uttar Pradesh,Lucknow
2826,2023-12-10,299,Customer 0299,Chair,Furniture,10,3614,15,30719,27141.24,3577.76,North,Rajasthan,Jaipur
2827,2023-03-07,432,Customer 0432,Desk,Furniture,16,6739,15,91650.4,72214.5,19435.9,South,Tamil Nadu,Chennai
2828,2024-07-21,332,Customer 0332,Keyboard,Electronics,6,1269,5,7233.3,5675.31,1557.99,Central,Madhya Pradesh,Bhopal
2829,2024-06-28,378,Customer 0378,Mouse,Electronics,16,629,5,9560.8,6125.65,3435.15,North,Rajasthan,Jaipur
2830,2025-05-18,186,Customer 0186,Notebook,Stationery,20,82,0,1640,1343.94,296.06,West,Gujarat,Ahmedabad
2831,2025-03-09,141,Customer 0141,Laptop,Electronics,17,47752,10,730605.6,583879.16,146726.44,North,Uttar Pradesh,Lucknow
2832,2024-08-06,306,Customer 0306,Desk,Furniture,15,7371,15,93980.25,65390.13,28590.12,Central,Madhya Pradesh,Bhopal
2833,2024-06-05,153,Customer 0153,Monitor,Electronics,17,12968,0,220456,152842.6,67613.4,South,Karnataka,Bengaluru
2834,2023-02-17,112,Customer 0112,Monitor,Electronics,17,12642,5,204168.3,141438.75,62729.55,West,Gujarat,Ahmedabad
2835,2024-02-10,482,Customer 0482,Mouse,Electronics,11,608,10,6019.2,5095.7,923.5,South,Tamil Nadu,Chennai
2836,2023-12-31,344,Customer 0344,Keyboard,Electronics,10,1143,5,10858.5,7319.12,3539.38,Central,Madhya Pradesh,Bhopal
2837,2025-12-07,164,Customer 0164,Monitor,Electronics,15,11189,15,142659.75,89316.94,53342.81,South,Telangana,Hyderabad
2838,2024-01-03,486,Customer 0486,Chair,Furniture,1,3446,15,2929.1,2455.11,473.99,South,Tamil Nadu,Chennai
2839,2025-02-20,101,Customer 0101,Mouse,Electronics,8,561,0,4488,3162.51,1325.49,West,Gujarat,Ahmedabad
2840,2023-03-31,39,Customer 0039,Desk,Furniture,11,6808,15,63654.8,56591.7,7063.1,Central,Madhya Pradesh,Bhopal
2841,2024-11-22,229,Customer 0229,Desk,Furniture,3,6445,10,17401.5,11881.73,5519.77,Central,Madhya Pradesh,Bhopal
2842,2023-06-09,207,Customer 0207,Phone,Electronics,3,22892,5,65242.2,55449.98,9792.22,South,Tamil Nadu,Chennai
2843,2025-11-30,386,Customer 0386,Monitor,Electronics,9,10917,0,98253,74158.99,24094.01,Central,Madhya Pradesh,Bhopal
2844,2024-03-24,425,Customer 0425,Chair,Furniture,4,3660,15,12444,8361.58,4082.42,South,Tamil Nadu,Chennai
2845,2023-09-09,89,Customer 0089,Pen,Stationery,19,20,10,342,232.79,109.21,North,Uttar Pradesh,Lucknow
2846,2024-02-10,127,Customer 0127,Printer,Electronics,4,14587,0,58348,41019.06,17328.94,North,Rajasthan,Jaipur
2847,2024-12-10,31,Customer 0031,Laptop,Electronics,3,50510,10,136377,84820.06,51556.94,South,Tamil Nadu,Chennai
2848,2025-06-13,74,Customer 0074,Pen,Stationery,15,19,10,256.5,158.09,98.41,East,West Bengal,Kolkata
2849,2023-07-03,100,Customer 0100,Mouse,Electronics,2,573,5,1088.7,744.21,344.49,North,Delhi,New Delhi
2850,2023-08-15,333,,Keyboard,Electronics,17,1221,5,19719.15,13671.18,6047.97,South,Tamil Nadu,Chennai
2851,2025-10-12,148,Customer 0148,Mouse,Electronics,17,611,5,9867.65,6143.13,3724.52,West,Maharashtra,Mumbai
2852,2025-03-07,499,Customer 0499,Chair,Furniture,19,3190,15,51518.5,46005.82,5512.68,Central,Madhya Pradesh,Bhopal
2853,2024-07-09,435,Customer 0435,Printer,Electronics,11,13957,15,130497.95,112941.03,17556.92,North,Uttar Pradesh,Lucknow
2854,2024-04-02,313,Customer 0313,Laptop,Electronics,15,46316,5,660003,473752.81,-186250.19,North,Rajasthan,Jaipur
2855,2025-10-14,348,Customer 0348,Chair,Furniture,2,3786,5,7193.4,5092.41,2100.99,Central,Madhya Pradesh,Bhopal
2856,2024-08-08,400,Customer 0400,Phone,Electronics,1,25880,5,24586,15283.18,9302.82,West,Gujarat,Ahmedabad
2857,2023-05-23,39,Customer 0039,Chair,Furniture,14,3588,10,45208.8,28387.36,16821.44,East,West Bengal,Kolkata
2858,2025-12-27,49,Customer 0049,Printer,Electronics,18,14014,5,239639.4,176509.63,63129.77,South,Telangana,Hyderabad
2859,2023-06-08,327,Customer 0327,Notebook,Stationery,2,82,15,139.4,91.25,48.15,North,Delhi,New Delhi
2860,2023-06-02,80,Customer 0080,Printer,Electronics,8,15867,0,126936,77066.19,49869.81,North,Delhi,New Delhi
2861,2023-09-07,36,Customer 0036,Keyboard,Electronics,9,1292,5,11046.6,8714.71,2331.89,West,Maharashtra,Mumbai
2862,2024-06-11,188,Customer 0188,Printer,Electronics,15,16207,10,218794.5,177519.54,41274.96,North,Delhi,New Delhi
2863,2024-01-16,408,Customer 0408,Pen,Stationery,20,19,10,342,272.33,-69.67,North,Rajasthan,Jaipur
2864,2023-09-23,39,Customer 0039,Phone,Electronics,16,22519,10,324273.6,251840.49,72433.11,North,Rajasthan,Jaipur
2865,2025-09-24,55,Customer 0055,Monitor,Electronics,12,10879,10,117493.2,91495.78,25997.42,Central,Madhya Pradesh,Bhopal
2866,2023-10-23,239,Customer 0239,Mouse,Electronics,14,605,15,7199.5,4685.8,2513.7,North,Uttar Pradesh,Lucknow
2867,2024-11-03,77,Customer 0077,Monitor,Electronics,10,12126,5,115197,88660.25,26536.75,North,Rajasthan,Jaipur
2868,2023-07-10,17,Customer 0017,Chair,Furniture,1,3650,10,3285,2037.36,1247.64,Central,Madhya Pradesh,Bhopal
2869,2025-06-15,306,Customer 0306,Mouse,Electronics,1,641,10,576.9,450.28,126.62,South,Tamil Nadu,Chennai
2870,2025-10-20,453,Customer 0453,Notebook,Stationery,8,79,5,600.4,418.58,181.82,North,Delhi,New Delhi
2871,2024-03-23,192,Customer 0192,Printer,Electronics,7,16449,10,103628.7,79185.21,24443.49,Central,Madhya Pradesh,Bhopal
2872,2024-08-30,500,Customer 0500,Laptop,Electronics,13,49644,5,613103.4,454982.43,158120.97,South,Telangana,Hyderabad
2873,2023-07-29,96,Customer 0096,Notebook,Stationery,5,81,0,405,330.59,74.41,North,Delhi,New Delhi
2874,2025-05-27,232,Customer 0232,Desk,Furniture,16,7135,0,114160,74342.78,39817.22,South,Karnataka,Bengaluru
2875,2023-09-29,447,Customer 0447,Monitor,Electronics,19,11769,5,212430.45,151766.24,60664.21,North,Rajasthan,Jaipur
2876,2024-04-11,18,Customer 0018,Laptop,Electronics,13,46975,15,519073.75,453965.47,65108.28,North,Rajasthan,Jaipur
2877,2025-03-01,431,Customer 0431,Printer,Electronics,2,15292,5,29054.8,20651.39,8403.41,South,Telangana,Hyderabad
2878,2023-03-27,373,Customer 0373,Keyboard,Electronics,8,1082,5,8223.2,5744.81,2478.39,North,Uttar Pradesh,Lucknow
2879,2024-12-03,55,Customer 0055,Monitor,Electronics,11,11283,15,105496.05,85305.94,20190.11,North,Uttar Pradesh,Lucknow
2880,2023-07-04,20,Customer 0020,Keyboard,Electronics,5,1222,15,5193.5,3162.39,2031.11,South,Karnataka,Bengaluru
2881,2023-03-12,188,Customer 0188,Monitor,Electronics,9,11442,5,97829.1,62927.86,34901.24,North,Rajasthan,Jaipur
2882,2025-10-09,135,Customer 0135,Laptop,Electronics,20,48937,15,831929,618872.65,213056.35,North,Uttar Pradesh,Lucknow
2883,2025-02-05,208,Customer 0208,Pen,Stationery,11,22,15,205.7,147.35,58.35,South,Karnataka,Bengaluru
2884,2024-01-13,254,Customer 0254,Desk,Furniture,20,7232,10,130176,100471.45,-29704.55,South,Karnataka,Bengaluru
2885,2023-06-26,475,Customer 0475,Printer,Electronics,6,14933,15,76158.3,66694.66,9463.64,North,Rajasthan,Jaipur
2886,2025-10-05,93,Customer 0093,Chair,Furniture,20,3826,10,68868,41515.23,27352.77,West,Maharashtra,Mumbai
2887,2024-12-15,227,Customer 0227,Keyboard,Electronics,7,1101,5,7321.65,5330.46,1991.19,North,Delhi,New Delhi
2888,2025-01-08,17,Customer 0017,Printer,Electronics,2,13864,15,23568.8,16206.78,7362.02,North,Rajasthan,Jaipur
2889,2023-04-24,20,Customer 0020,Monitor,Electronics,19,11628,5,209885.4,135243.27,74642.13,East,West Bengal,Kolkata
2890,2025-06-08,352,Customer 0352,Chair,Furniture,4,3452,5,13117.6,9319.45,3798.15,North,Uttar Pradesh,Lucknow
2891,2023-09-24,347,Customer 0347,Chair,Furniture,13,3644,10,42634.8,28630.95,14003.85,West,Gujarat,Ahmedabad
2892,2024-04-18,327,Customer 0327,Notebook,Stationery,14,85,5,1130.5,764.79,365.71,West,Gujarat,Ahmedabad
2893,2025-12-27,73,Customer 0073,Pen,Stationery,11,21,0,231,195.6,35.4,South,Telangana,Hyderabad
2894,2025-08-29,99,Customer 0099,Printer,Electronics,4,15577,10,56077.2,41018.41,15058.79,North,Delhi,New Delhi
2895,2025-11-14,242,Customer 0242,Phone,Electronics,5,24795,5,117776.25,102686.43,15089.82,Central,Madhya Pradesh,Bhopal
2896,2024-09-15,411,Customer 0411,Desk,Furniture,16,7402,0,118432,103584.95,14847.05,West,Maharashtra,Mumbai
2897,2023-10-22,101,Customer 0101,Desk,Furniture,4,7127,0,28508,24350.51,4157.49,West,Maharashtra,Mumbai
2898,2024-05-22,50,Customer 0050,Keyboard,Electronics,16,1108,0,17728,14867.53,2860.47,South,Karnataka,Bengaluru
2899,2023-07-16,89,Customer 0089,Pen,Stationery,13,19,10,222.3,141.27,81.03,South,Karnataka,Bengaluru
2900,2024-10-31,334,Customer 0334,Keyboard,Electronics,3,1246,10,3364.2,2231.75,1132.45,Central,Madhya Pradesh,Bhopal
2901,2024-05-14,125,Customer 0125,Laptop,Electronics,10,50150,0,501500,418781,82719,South,Karnataka,Bengaluru
2902,2024-11-08,272,Customer 0272,Pen,Stationery,19,20,15,323,241.12,81.88,South,Telangana,Hyderabad
2903,2024-02-20,251,Customer 0251,Phone,Electronics,16,24380,0,390080,269677.99,120402.01,North,Rajasthan,Jaipur
2904,2023-06-27,64,Customer 0064,Keyboard,Electronics,12,1223,0,14676,9323.45,5352.55,North,Delhi,New Delhi
2905,2025-07-05,424,Customer 0424,Mouse,Electronics,1,606,0,606,497.57,108.43,Central,Madhya Pradesh,Bhopal
2906,2024-11-13,229,Customer 0229,Desk,Furniture,5,7065,0,35325,23933.58,-11391.42,West,Gujarat,Ahmedabad
2907,2025-02-13,286,Customer 0286,Keyboard,Electronics,7,1085,10,6835.5,5070.84,-1764.66,East,West Bengal,Kolkata
2908,2023-11-22,28,Customer 0028,Monitor,Electronics,4,13104,15,44553.6,35948.57,8605.03,North,Uttar Pradesh,Lucknow
2909,2025-10-06,394,Customer 0394,Keyboard,Electronics,3,1209,15,3082.95,2509.01,573.94,West,Maharashtra,Mumbai
2910,2024-01-02,327,Customer 0327,Laptop,Electronics,10,46988,5,446386,365726.28,80659.72,North,Uttar Pradesh,Lucknow
2911,2023-02-16,283,Customer 0283,Monitor,Electronics,17,12409,0,210953,153966.93,56986.07,North,Uttar Pradesh,Lucknow
2912,2024-09-29,173,Customer 0173,Phone,Electronics,13,23490,5,290101.5,201653.05,88448.45,North,Uttar Pradesh,Lucknow
2913,2024-10-19,79,Customer 0079,Keyboard,Electronics,12,1232,15,12566.4,9095.95,3470.45,South,Telangana,Hyderabad
2914,2023-06-28,74,Customer 0074,Laptop,Electronics,14,48036,10,605253.6,404364.18,200889.42,South,Telangana,Hyderabad
2915,2024-04-25,378,Customer 0378,Desk,Furniture,5,7360,10,33120,22443.08,10676.92,North,Uttar Pradesh,Lucknow
2916,2023-05-16,224,Customer 0224,Desk,Furniture,4,7086,0,28344,22636.45,5707.55,Central,Madhya Pradesh,Bhopal
2917,2025-12-31,361,,Notebook,Stationery,11,83,15,776.05,674.17,101.88,North,Rajasthan,Jaipur
2918,2025-06-28,302,Customer 0302,Monitor,Electronics,5,12317,15,52347.25,37539.45,14807.8,North,Uttar Pradesh,Lucknow
2919,2023-05-29,295,Customer 0295,Notebook,Stationery,20,80,10,1440,1009.03,430.97,West,Maharashtra,Mumbai
2920,2025-04-22,376,Customer 0376,Desk,Furniture,6,6529,10,35256.6,23573.58,11683.02,East,West Bengal,Kolkata
2921,2025-12-06,307,Customer 0307,Keyboard,Electronics,16,1088,5,16537.6,14570.57,1967.03,South,Telangana,Hyderabad
2922,2025-10-27,310,Customer 0310,Phone,Electronics,18,26488,0,476784,402040.5,74743.5,East,West Bengal,Kolkata
2923,2023-11-03,207,Customer 0207,Keyboard,Electronics,19,1205,5,21750.25,16633.8,5116.45,North,Delhi,New Delhi
2924,2025-01-28,184,Customer 0184,Chair,Furniture,14,3362,15,40007.8,26915.7,13092.1,South,Tamil Nadu,Chennai
2925,2023-10-12,81,Customer 0081,Pen,Stationery,1,18,0,18,14.93,3.07,North,Delhi,New Delhi
2926,2024-06-10,343,Customer 0343,Pen,Stationery,4,22,5,83.6,66.87,16.73,Central,Madhya Pradesh,Bhopal
2927,2025-02-22,445,Customer 0445,Laptop,Electronics,10,47956,10,431604,330855.64,100748.36,West,Gujarat,Ahmedabad
2928,2024-07-23,92,Customer 0092,Notebook,Stationery,6,74,15,377.4,268.99,108.41,West,Gujarat,Ahmedabad
2929,2024-11-13,315,Customer 0315,Desk,Furniture,10,7234,5,68723,48941.71,-19781.29,East,West Bengal,Kolkata
2930,2023-03-07,10,Customer 0010,Laptop,Electronics,1,49994,0,49994,36787.23,13206.77,North,Uttar Pradesh,Lucknow
2931,2023-11-18,297,Customer 0297,Pen,Stationery,17,18,10,275.4,172.03,103.37,South,Tamil Nadu,Chennai
2932,2023-06-17,386,Customer 0386,Desk,Furniture,16,7257,0,116112,81814.74,34297.26,West,Gujarat,Ahmedabad
2933,2024-05-15,326,Customer 0326,Laptop,Electronics,20,50874,10,915732,687878.04,227853.96,North,Delhi,New Delhi
2934,2025-03-11,219,Customer 0219,Chair,Furniture,10,3487,0,34870,22038.1,-12831.9,South,Tamil Nadu,Chennai
2935,2023-06-07,347,Customer 0347,Printer,Electronics,1,15742,10,14167.8,11005.83,3161.97,South,Tamil Nadu,Chennai
2936,2025-11-18,450,Customer 0450,Phone,Electronics,15,26949,0,404235,338241,65994,North,Delhi,New Delhi
2937,2023-03-22,313,Customer 0313,Printer,Electronics,11,14802,0,162822,126595.11,36226.89,West,Maharashtra,Mumbai
2938,2025-11-22,9,Customer 0009,Keyboard,Electronics,16,1168,5,17753.6,13792.33,3961.27,East,West Bengal,Kolkata
2939,2023-05-18,343,Customer 0343,Mouse,Electronics,15,635,0,9525,5806.84,3718.16,South,Telangana,Hyderabad
2940,2024-11-18,242,Customer 0242,Keyboard,Electronics,13,1209,10,14145.3,11519.78,2625.52,North,Uttar Pradesh,Lucknow
2941,2023-05-12,478,Customer 0478,Keyboard,Electronics,16,1227,10,17668.8,11609.65,6059.15,North,Rajasthan,Jaipur
2942,2023-10-23,329,Customer 0329,Keyboard,Electronics,1,1162,15,987.7,875.4,112.3,South,Telangana,Hyderabad
2943,2024-01-19,14,Customer 0014,Chair,Furniture,20,3806,5,72314,61883.37,10430.63,North,Rajasthan,Jaipur
2944,2023-02-06,365,Customer 0365,Printer,Electronics,19,14483,10,247659.3,192330.13,55329.17,North,Delhi,New Delhi
2945,2024-03-06,188,Customer 0188,Laptop,Electronics,10,46698,0,466980,400862.2,66117.8,Central,Madhya Pradesh,Bhopal
2946,2023-09-09,458,Customer 0458,Keyboard,Electronics,17,1170,15,16906.5,14596.6,2309.9,North,Uttar Pradesh,Lucknow
2947,2025-06-14,315,Customer 0315,Monitor,Electronics,2,12384,5,23529.6,18260.21,5269.39,West,Gujarat,Ahmedabad
2948,2024-09-14,445,Customer 0445,Pen,Stationery,14,20,15,238,146.44,91.56,South,Telangana,Hyderabad
2949,2023-08-15,4,Customer 0004,Notebook,Stationery,1,86,5,81.7,66.26,-15.44,West,Maharashtra,Mumbai
2950,2025-10-11,471,Customer 0471,Laptop,Electronics,18,47380,15,724914,438033.58,286880.42,Central,Madhya Pradesh,Bhopal
2951,2023-11-10,365,Customer 0365,Mouse,Electronics,12,576,5,6566.4,4422.62,2143.78,South,Telangana,Hyderabad
2952,2023-02-06,365,Customer 0365,Monitor,Electronics,16,12471,15,169605.6,127220.02,42385.58,North,Delhi,New Delhi
2953,2025-07-28,379,Customer 0379,Keyboard,Electronics,13,1260,0,16380,10111.66,6268.34,West,Maharashtra,Mumbai
2954,2025-06-01,450,Customer 0450,Mouse,Electronics,14,566,15,6735.4,5044.9,1690.5,West,Maharashtra,Mumbai
2955,2025-10-05,47,Customer 0047,Monitor,Electronics,18,13068,10,211701.6,129496.25,82205.35,West,Gujarat,Ahmedabad
2956,2023-06-29,88,Customer 0088,Chair,Furniture,20,3444,0,68880,56978.45,11901.55,North,Delhi,New Delhi
2957,2023-05-15,302,Customer 0302,Pen,Stationery,15,20,0,300,242.93,-57.07,South,Tamil Nadu,Chennai
2958,2023-10-01,413,Customer 0413,Notebook,Stationery,17,76,10,1162.8,1042.94,119.86,North,Uttar Pradesh,Lucknow
2959,2024-06-19,40,Customer 0040,Laptop,Electronics,8,52934,5,402298.4,244475.21,157823.19,North,Delhi,New Delhi
2960,2025-05-10,357,Customer 0357,Chair,Furniture,15,3153,15,40200.75,26743.03,13457.72,South,Tamil Nadu,Chennai
2961,2025-04-29,305,Customer 0305,Chair,Furniture,5,3846,0,19230,15782.92,-3447.08,Central,Madhya Pradesh,Bhopal
2962,2024-12-12,34,Customer 0034,Mouse,Electronics,18,656,0,11808,10586.69,1221.31,West,Gujarat,Ahmedabad
2963,2024-12-26,224,Customer 0224,Desk,Furniture,12,7227,10,78051.6,48893.28,29158.32,South,Tamil Nadu,Chennai
2964,2023-09-19,376,Customer 0376,Laptop,Electronics,7,47221,0,330547,213150.09,117396.91,North,Delhi,New Delhi
2965,2023-03-19,326,Customer 0326,Printer,Electronics,11,14965,10,148153.5,122576.08,25577.42,Central,Madhya Pradesh,Bhopal
2966,2024-10-05,324,Customer 0324,Laptop,Electronics,1,54486,0,54486,40708.35,13777.65,Central,Madhya Pradesh,Bhopal
2967,2025-07-22,425,Customer 0425,Notebook,Stationery,5,74,10,333,298.29,34.71,East,West Bengal,Kolkata
2968,2024-03-12,431,Customer 0431,Laptop,Electronics,19,54276,10,928119.6,806935.08,121184.52,North,Rajasthan,Jaipur
2969,2024-02-19,327,Customer 0327,Monitor,Electronics,9,10843,15,82948.95,63032.68,19916.27,Central,Madhya Pradesh,Bhopal
2970,2023-05-11,132,Customer 0132,Desk,Furniture,12,6343,0,76116,63184.95,12931.05,West,Gujarat,Ahmedabad
2971,2024-01-17,347,Customer 0347,Monitor,Electronics,14,11059,15,131602.1,79616.34,51985.76,North,Uttar Pradesh,Lucknow
2972,2024-07-12,274,Customer 0274,Desk,Furniture,4,7300,10,26280,23546.25,2733.75,South,Telangana,Hyderabad
2973,2024-10-12,327,Customer 0327,Keyboard,Electronics,1,1196,5,1136.2,851.32,284.88,South,Tamil Nadu,Chennai
2974,2024-08-09,449,Customer 0449,Printer,Electronics,13,14173,5,175036.55,106398.14,68638.41,South,Karnataka,Bengaluru
2975,2025-12-05,261,Customer 0261,Mouse,Electronics,2,640,15,1088,875.09,212.91,North,Delhi,New Delhi
2976,2025-10-01,157,Customer 0157,Notebook,Stationery,15,81,0,1215,807.59,407.41,North,Rajasthan,Jaipur
2977,2023-03-31,331,Customer 0331,Desk,Furniture,5,6901,0,34505,21221.12,13283.88,Central,Madhya Pradesh,Bhopal
2978,2023-07-05,148,Customer 0148,Notebook,Stationery,3,84,10,226.8,166.82,59.98,Central,Madhya Pradesh,Bhopal
2979,2025-01-26,483,Customer 0483,Mouse,Electronics,11,591,5,6175.95,4025.59,2150.36,South,Tamil Nadu,Chennai
2980,2025-06-15,62,Customer 0062,Mouse,Electronics,17,571,10,8736.3,6814.33,1921.97,North,Rajasthan,Jaipur
2981,2024-09-21,179,Customer 0179,Mouse,Electronics,19,579,10,9900.9,6664.11,3236.79,East,West Bengal,Kolkata
2982,2024-07-15,217,Customer 0217,Pen,Stationery,7,20,15,119,78.7,40.3,North,Uttar Pradesh,Lucknow
2983,2024-03-06,360,Customer 0360,Monitor,Electronics,15,13141,5,187259.25,125265.23,61994.02,South,Tamil Nadu,Chennai
2984,2024-12-09,171,Customer 0171,Chair,Furniture,12,3459,15,35281.8,23208.1,12073.7,North,Uttar Pradesh,Lucknow
2985,2024-03-15,119,Customer 0119,Desk,Furniture,8,6662,10,47966.4,35487.84,12478.56,West,Maharashtra,Mumbai
2986,2023-09-07,338,Customer 0338,Monitor,Electronics,11,11531,10,114156.9,93530.15,20626.75,South,Tamil Nadu,Chennai
2987,2024-09-30,108,Customer 0108,Desk,Furniture,20,6783,15,115311,69950.11,-45360.89,South,Tamil Nadu,Chennai
2988,2025-07-29,178,Customer 0178,Laptop,Electronics,19,48262,10,825280.2,660653.04,164627.16,South,Tamil Nadu,Chennai
2989,2025-11-10,393,Customer 0393,Desk,Furniture,15,7049,0,105735,63943.26,41791.74,South,Telangana,Hyderabad
2990,2024-05-28,491,Customer 0491,Mouse,Electronics,7,604,15,3593.8,2906.64,687.16,North,Uttar Pradesh,Lucknow
2991,2025-01-07,135,Customer 0135,Notebook,Stationery,9,80,10,648,561.43,-86.57,North,Uttar Pradesh,Lucknow
2992,2023-03-02,117,Customer 0117,Notebook,Stationery,2,74,10,133.2,109.77,23.43,North,Delhi,New Delhi
2993,2024-05-20,406,Customer 0406,Desk,Furniture,1,7089,5,6734.55,5239.62,1494.93,North,Rajasthan,Jaipur
2994,2023-09-18,333,Customer 0333,Phone,Electronics,6,22752,15,116035.2,78626.01,37409.19,West,Gujarat,Ahmedabad
2995,2024-04-06,445,Customer 0445,Pen,Stationery,2,21,10,37.8,27.16,10.64,East,West Bengal,Kolkata
2996,2025-11-05,362,Customer 0362,Keyboard,Electronics,2,1187,15,2017.9,1273.44,744.46,North,Rajasthan,Jaipur
2997,2023-01-02,68,Customer 0068,Printer,Electronics,2,16242,10,29235.6,19982.96,9252.64,Central,Madhya Pradesh,Bhopal
2998,2024-03-29,318,Customer 0318,Keyboard,Electronics,12,1161,10,12538.8,10075.48,2463.32,South,Telangana,Hyderabad
2999,2023-06-15,146,Customer 0146,Keyboard,Electronics,14,1247,0,17458,12633.87,-4824.13,West,Gujarat,Ahmedabad
3000,2023-05-19,110,Customer 0110,Monitor,Electronics,13,12637,15,139638.85,102543.16,37095.69,Central,Madhya Pradesh,Bhopal